Time,Va_B5,Vb_B5,Vc_B5,Ia_B5,Ib_B5,Ic_B5
0,-0.109137957110703,-0.781781917808023,0.890919874918726,-0.111083265864726,-0.411301449405103,0.522384715269831
0.0005,0.0430991171808523,-0.862385358690648,0.819286241509796,-0.0254289208302879,-0.463325465266146,0.488754386096435
0.001,0.194511963590494,-0.921894181698873,0.727382218108381,0.0609209819918669,-0.503994772647247,0.44307379065538
0.0015,0.341095380799948,-0.958666232072867,0.617570851272923,0.14574441753114,-0.532250141529277,0.386505723998136
0.002,0.479146723766003,-0.97177048531374,0.492623761547746,0.226998632572724,-0.547421009921297,0.32042237734857
0.0025,0.605491299924937,-0.961010696534275,0.355519396609347,0.302714626989689,-0.549140875757462,0.246426248767766
0.003,0.71698917771317,-0.926613447270674,0.209624269557511,0.37096733017074,-0.537329407506538,0.16636207733579
0.0035,0.81076886172607,-0.869359170809208,0.0585903090831391,0.430055967788863,-0.512272326733701,0.0822163589448297
0.004,0.884564233015444,-0.790693518391489,-0.0938707146239585,0.478570948958826,-0.474612685985325,-0.00395826297350754
0.0045,0.936598346888322,-0.692573214548601,-0.244025132339729,0.515327313237288,-0.425277369372744,-0.0900499438645473
0.005,0.965600769309581,-0.57741328258202,-0.388187486727571,0.539382025994821,-0.365459573892993,-0.173922452101828
0.0055,0.970830029484391,-0.448031830357466,-0.522798199126935,0.550133856153132,-0.29663220495547,-0.253501651197657
0.006,0.952089662210109,-0.307585605517171,-0.644504056692946,0.547354461973602,-0.220510280459724,-0.326844181513869
0.0065,0.909922438694343,-0.159582308742087,-0.750340129952266,0.531118125644166,-0.138966745391468,-0.392151380252685
0.007,0.845432999401883,-0.00768952101886321,-0.837743478383032,0.501785846530569,-0.0539886022902768,-0.447797244240275
0.0075,0.760063531530571,0.144433951432216,-0.9044974829628,0.460081657207492,0.0323261216948315,-0.492407778902301
0.008,0.655917798502147,0.293025209165538,-0.948943007667699,0.407071544305839,0.117831914278516,-0.524903458584327
0.0085,0.535717422877387,0.434345200856047,-0.970062623733449,0.344048045438763,0.200434454925495,-0.544482500364225
0.009,0.402335864243263,0.564975134722475,-0.967310998965754,0.27252880264979,0.278116097764639,-0.550644900414391
0.0095,0.258955752288118,0.681742198019525,-0.940697950307658,0.194297967079994,0.34894815502014,-0.543246122100093
0.01,0.109235286794428,0.781694415064395,-0.890929701858836,0.111304907948192,0.411176960736626,-0.522481868684772
0.0105,-0.0431193950157144,0.86237309499723,-0.819253699981526,0.0255656280785358,0.463287155884151,-0.488852783962637
0.011,-0.194464152100182,0.921850103862004,-0.72738595176183,-0.0608186843852122,0.503997924657484,-0.44317924027222
0.0115,-0.341034440751213,0.958630678862744,-0.617596238111538,-0.145697031445733,0.532292999486978,-0.386595968041192
0.012,-0.479171457680656,0.971785889626566,-0.492614431945915,-0.226977724850087,0.547477301044299,-0.320499576194158
0.0125,-0.605517616795274,0.961019783001106,-0.355502166205837,-0.302676480556727,0.549186352892608,-0.246509872335828
0.013,-0.716960440830771,0.926593797947054,-0.209633357116284,-0.370929204491306,0.537375965572813,-0.166446761081455
0.0135,-0.810748932864706,0.869351099252904,-0.0586021663881973,-0.430042646967483,0.512330120040648,-0.0822874730731148
0.014,-0.884584177178673,0.790706323033818,0.0938778541448595,-0.478560472403139,0.474666703590891,0.00389376881229471
0.0145,-0.936615034560992,0.692579407424702,0.244035627136296,-0.5152996706043,0.42531936562193,0.0899803049824115
0.015,-0.9655828224247,0.577401491014941,0.388181331409767,-0.539356946353708,0.365502382248556,0.173854564105188
0.0155,-0.970811483156694,0.448024384288471,0.522787098868232,-0.550126828879515,0.296681635495525,0.253445193384021
0.016,-0.952111264637936,0.307599116921447,0.644512147716501,-0.547344578628759,0.220553575455407,0.326791003173377
0.0165,-0.909939299103263,0.159588326519239,0.750350972584037,-0.531093650238379,0.139000345805607,0.39209330443279
0.017,-0.845404152471506,0.00767264187108264,0.837731510600437,-0.501768691600042,0.054025460625877,0.447743230974178
0.0175,-0.760055374528229,-0.144434852450167,0.90449022697841,-0.460078328438184,-0.0322850401554646,0.492363368593654
0.018,-0.655949722714945,-0.293007779668015,0.948957502382974,-0.407059974776496,-0.117798836466383,0.524858811242878
0.0185,-0.535713060124028,-0.434350962342513,0.970064022466556,-0.344026920029665,-0.200407394657025,0.544434314686683
0.019,-0.402308896762468,-0.564988767131004,0.967297663893488,-0.27251904490774,-0.278083857045205,0.550602901952931
0.0195,-0.258969160328456,-0.681732278642397,0.940701438970868,-0.194295251122205,-0.348915299258178,0.543210550380364
0.02,-0.109252530902563,-0.781686729813981,0.890939260716557,-0.111291465805683,-0.411152207506255,0.522443673311914
0.0205,0.043135116735684,-0.86238327583065,0.819248159094976,-0.0255501971775472,-0.46326387138605,0.488814068563569
0.021,0.194472306373499,-0.921852792985155,0.727380486611666,0.0608238117373032,-0.503970485762293,0.443146674024958
0.0215,0.341021743082693,-0.958622980644095,0.61760123756141,0.145701688555452,-0.532267911171996,0.386566222616511
0.022,0.479168367246565,-0.9717855744132,0.492617207166641,0.226989711977449,-0.547457557199239,0.320467845221755
0.0225,0.605525217312956,-0.961024350113801,0.355499132800848,0.302687185425433,-0.549166356860531,0.246479171435063
0.023,0.716963732384195,-0.926594639782655,0.209630907398462,0.37093296710239,-0.537353679877893,0.166420712775468
0.0235,0.810744029877736,-0.8693479333913,0.0586039035135639,0.430047475955952,-0.512310401590662,0.0822629256346773
0.024,0.884577932840423,-0.790703812226244,-0.0938741206141822,0.478570709518769,-0.474650813642633,-0.00391989587616713
0.0245,0.936622141477736,-0.692583872675834,-0.244038268801907,0.515307500732736,-0.425302624259208,-0.0900048764735552
0.025,0.965589538781611,-0.577404014214475,-0.388185524567143,0.539359385616596,-0.36548408506516,-0.17387530055146
0.0255,0.970800208716055,-0.448017848779903,-0.522782359936161,0.550131588972706,-0.29666616005989,-0.253465428912833
0.026,0.952108452276273,-0.307598945582778,-0.644509506693506,0.547353670674292,-0.220540982631213,-0.326812688043092
0.0265,0.909952152624624,-0.159595275836712,-0.750356876787925,0.53109882706124,-0.138986049687981,-0.392112777373266
0.027,0.845401502673476,-0.00766986917919458,-0.837731633494296,0.50176993880566,-0.0540103965045683,-0.447759542301092
0.0275,0.760044548985861,0.144440206704811,-0.904484755690686,0.460084016623657,0.0322965876874628,-0.492380604311115
0.028,0.655956496001668,0.293003079606898,-0.948959575608581,0.407067209196035,0.117809328781665,-0.524876537977689
0.0285,0.535719493042506,0.434348311870791,-0.970067804913312,0.344029363391409,0.200419877212071,-0.544449240603463
0.029,0.402300817806619,0.564993671929334,-0.967294489735968,0.272521119389274,0.278095358214144,-0.550616477603395
0.0295,0.258967670965356,0.681732262001255,-0.940699932966625,0.194300730652859,0.348924310860452,-0.543225041513283
0.03,0.10925840892087,0.781683436450078,-0.89094184537096,0.111296247729929,0.411161389337544,-0.522457637067441
0.0305,-0.0431361772684079,0.862384391949626,-0.819248214681228,0.0255519398317885,0.463274020509016,-0.488825960340768
0.031,-0.194474535539434,0.921853994440046,-0.727379458900622,-0.0608213721803072,0.503979375481995,-0.44315800330165
0.0315,-0.341021840345286,0.958622739593774,-0.617600899248496,-0.145697194374546,0.532275288689301,-0.386578094314714
0.032,-0.479167548063444,0.971785026660131,-0.492617478596694,-0.226986390621487,0.547465304993342,-0.320478914371814
0.0325,-0.605522939077208,0.961023371213921,-0.355500432136717,-0.302685639674516,0.549174467498141,-0.246488827823584
0.033,-0.716965931252603,0.926596033293606,-0.209630102041003,-0.370930801348342,0.537360797285816,-0.166429995937433
0.0335,-0.810746707936752,0.869349016519655,-0.0586023085829014,-0.430043778046587,0.512316380096589,-0.0822726020499625
0.034,-0.884573824746938,0.790701408036841,0.0938724167100991,-0.478568026443681,0.474657135797774,0.00391089064594352
0.0345,-0.93662080004077,0.692583654933576,0.244037145107199,-0.515306759511806,0.425309441808044,0.0899973177037938
0.035,-0.965594765082859,0.577406853077006,0.38818791200586,-0.539357122522466,0.365489550194578,0.173867572327916
0.0355,-0.970799178659935,0.44801672860692,0.522782450053025,-0.550128229945929,0.296670892359166,0.253457337586786
0.036,-0.95210359132691,0.307596565541197,0.644507025785724,-0.54735237334995,0.220546587576525,0.326805785773443
0.0365,-0.909955723854255,0.159597625047592,0.750358098806675,-0.531097982402187,0.138991376316377,0.392106606085822
0.037,-0.845403910833573,0.00767075156585435,0.837733159267732,-0.501767508946468,0.0540145391109599,0.447752969835514
0.0375,-0.760040339526818,-0.14444262949502,0.904482969021852,-0.460081726063327,-0.0322924576498004,0.492374183713126
0.038,-0.655956965232951,-0.293002453616759,0.948959418849724,-0.407066462753887,-0.117804660045765,0.524871122799644
0.0385,-0.535721897361778,-0.434347054927148,0.970068952288941,-0.344028259332062,-0.200415818589159,0.544444077921208
0.039,-0.402299538807814,-0.564994575683292,0.96729411449112,-0.272518969926391,-0.278092034301996,0.550611004228368
0.0395,-0.258967182449797,-0.681732453806991,0.940699636256803,-0.19429938350258,-0.348920682686675,0.54322006618923
0.04,-0.109258771592805,-0.781683152841897,0.890941924434715,-0.111295465515421,-0.411157741116638,0.52245320663203
0.0405,0.0431362083983358,-0.862384423826265,0.81924821542794,-0.0255507995481202,-0.463270836128124,0.488821635676211
0.041,0.194473936058493,-0.921853712276944,0.727379776218462,0.0608228225041609,-0.503976513219195,0.443153690714998
0.0415,0.341022140910981,-0.958622973209471,0.617600832298498,0.145698469729596,-0.532272447862243,0.386573978132609
0.042,0.479168780739425,-0.971785602097538,0.492616821358119,0.226986899379056,-0.547462276427434,0.320475377048338
0.0425,0.605521650244054,-0.961022565454998,0.355500915210947,0.302686532161926,-0.54917188247965,0.246485350317685
0.043,0.716964865040383,-0.926595663954086,0.209630798913704,0.370932277684484,-0.537358618045437,0.166426340360914
0.0435,0.810749206169994,-0.869350386083536,0.0586011799135419,0.430044498173566,-0.512313896526551,0.0822693983529481
0.044,0.884573328312231,-0.790700887623998,-0.0938724406882358,0.478568417832462,-0.474654690469659,-0.00391372736283736
0.0445,0.936618494279987,-0.692582539533167,-0.244035954746826,0.515307736457301,-0.425307482589729,-0.0900002538676031
0.045,0.965596785862241,-0.577408107223694,-0.388188678638555,0.539358259636399,-0.365487724256737,-0.173870535379688
0.0455,0.970799839497504,-0.448016890143764,-0.522782949353751,0.550128613892735,-0.296668772526052,-0.253459841366705
0.046,0.952101689363063,-0.307595501398225,-0.644506187964848,0.547352756697475,-0.220544671481842,-0.326808085215649
0.0465,0.909956253975971,-0.15959807669147,-0.750358177284513,0.531099065420982,-0.138989917347935,-0.392109148073057
0.047,0.845404873805242,-0.0076712296233296,-0.837733644181926,0.501768098394162,-0.0540128624595663,-0.447755235934599
0.0475,0.760039616016678,0.144443119416078,-0.904482735432771,0.460082018835407,0.0322941527352858,-0.49237617157069
0.048,0.655956692984196,0.29300252606077,-0.948959219044981,0.407067097876409,0.11780605357616,-0.52487315145256
0.0485,0.535722491048014,0.434346718134433,-0.970069209182462,0.344028851492898,0.200417168495878,-0.544446019988761
0.049,0.402299190366108,0.56499480272479,-0.967293993090912,0.272519517821978,0.27809334476235,-0.550612862584308
0.0495,0.258967243486848,0.68173239002429,-0.940699633511152,0.194299695397764,0.348922020576791,-0.543221715974529
0.05,0.109259183949964,0.78168297422027,-0.890942158170247,0.111295858001695,0.411158936254105,-0.52245479425577
0.0505,-0.0431371303619661,0.862384902750134,-0.819247772388178,0.0255514172430386,0.463271861468847,-0.488823278711851
0.051,-0.194473349957042,0.921853328568795,-0.727379978611763,-0.0608224720108607,0.503977626745854,-0.443155154734957
0.0515,-0.341021490331077,0.95862271722985,-0.617601226898782,-0.145698215166432,0.532273530797537,-0.386575315631067
0.052,-0.479170104840109,0.97178632157001,-0.492616216729908,-0.22698655018082,0.547463227197337,-0.320476677016477
0.0525,-0.605521209419607,0.961022224064253,-0.355501014644651,-0.302686010102113,0.549172704183715,-0.246486694081561
0.053,-0.716964000965359,0.926595253102134,-0.209631252136776,-0.370932002847382,0.53735953814041,-0.166427535292988
0.0535,-0.810750086663049,0.869350927649159,-0.0586008409861088,-0.430044428971332,0.512314831498169,-0.0822704025267993
0.054,-0.884573544647553,0.790700922160895,0.0938726224866612,-0.478567893293973,0.474655334456173,0.00391255883783486
0.0545,-0.93661772017275,0.692582099221657,0.244035620951099,-0.51530742233491,0.425308227144969,0.0899991951899717
0.055,-0.9655969139516,0.577408266244893,0.388188647706714,-0.53935819413539,0.365488535302666,0.17386965883275
0.0555,-0.970800513480473,0.44801721781302,0.522783295667463,-0.550128278821828,0.296669383124139,0.253458895697711
0.056,-0.952101093076023,0.307595129799584,0.64450596327645,-0.547352491844125,0.220545291654453,0.326807200189688
0.0565,-0.909956150915663,0.159598084415939,0.750358066499737,-0.531098833119077,0.138990526182831,0.392108306936257
0.057,-0.845405468479337,0.0076715314305541,0.837733937048797,-0.501767947582283,0.0540134672320513,0.447754480350236
0.0575,-0.760039044068804,-0.144443446011947,0.904482490080765,-0.460081827217474,-0.0322936141229015,0.492375441340373
0.058,-0.65595690657951,-0.293002379908669,0.948959286488193,-0.407066817122654,-0.11780558038243,0.524872397505076
0.0585,-0.535722760084479,-0.434346603914681,0.970069363999175,-0.344028736481347,-0.200416640672266,0.544445377153598
0.059,-0.402298596247289,-0.564995113297223,0.967293709544527,-0.272519331659771,-0.278092888101173,0.550612219760924
0.0595,-0.258967666100555,-0.681732136134432,0.940699802235001,-0.194299561910202,-0.348921566330362,0.543221128240538
0.06,-0.109259327687466,-0.781682929585414,0.890942257272892,-0.111295673779739,-0.4111585380583,0.522454211838009
0.0605,0.043137585739595,-0.862385155619656,0.819247569880072,-0.0255512013075564,-0.46327148941018,0.488822690717703
0.061,0.194473216985126,-0.921853217228195,0.727380000243079,0.0608224522315994,-0.503977168141711,0.443154715910075
0.0615,0.341021163039007,-0.958622551424716,0.617601388385716,0.145698439528979,-0.53227323201248,0.386574792483462
0.062,0.479170326226166,-0.97178648530917,0.492616159083011,0.226986741220344,-0.547462912561018,0.320476171340634
0.0625,0.60552154424681,-0.961022358133746,0.355500813886941,0.302686003722577,-0.549172313363999,0.246486309641382
0.063,0.716963434690383,-0.926594936674252,0.209631501983871,0.370932169937719,-0.537359266486495,0.166427096548736
0.0635,0.810750217870243,-0.869351053491201,0.0586008356209579,0.430044543114563,-0.512314546285106,0.0822700031705057
0.064,0.884574004383947,-0.790701133491081,-0.0938728708928685,0.478568010262947,-0.474655061505454,-0.00391294875752795
0.0645,0.93661713980371,-0.692581775123878,-0.244035364679837,0.515307482831667,-0.425307944978012,-0.0899995378536859
0.065,0.965597130937352,-0.577408415671965,-0.388188715265394,0.539358270028755,-0.365488286549522,-0.17386998347926
0.0655,0.970800711162317,-0.448017305550132,-0.522783405612194,0.550128447886452,-0.296669185785334,-0.25345926210114
0.066,0.952100741328667,-0.307594939048881,-0.644505802279797,0.547352490408001,-0.220545022058229,-0.326807468349788
0.0665,0.909956394979784,-0.159598225142443,-0.750358169837354,0.531098947233408,-0.13899033649807,-0.392108610735348
0.067,0.845405439353101,-0.00767150987755039,-0.837733929475565,0.501768032168663,-0.054013268027065,-0.447754764141603
0.0675,0.760038934376331,0.144443509059442,-0.904482443435786,0.460081848485995,0.0322938275349358,-0.492375676020929
0.068,0.655956964300801,0.293002337490273,-0.948959301791088,0.407066971474272,0.117805719066754,-0.524872690541018
0.0685,0.53572284778326,0.434346559180161,-0.970069406963436,0.344028713785644,0.20041685990419,-0.54444557368982
0.069,0.402298525422694,0.564995171416701,-0.96729369683941,0.272519411449506,0.278093035540685,-0.550612446990171
0.0695,0.258967484825642,0.681732204806279,-0.940699689631935,0.194299678772948,0.348921694043221,-0.543221372816143
0.07,0.109259707146348,0.781682730631931,-0.890942437778291,0.111295650799043,0.411158726736039,-0.522454377535052
0.0705,-0.0431377971535043,0.862385298366102,-0.819247501212609,0.0255512942177072,0.463271606197684,-0.488822900415358
0.071,-0.194473431533157,0.921853297888249,-0.727379866355102,-0.0608224207153674,0.503977308356789,-0.443154887641385
0.0715,-0.34102069867388,0.958622308505879,-0.617601609832007,-0.145698370826257,0.532273347234814,-0.386574976408519
0.072,-0.479170631763216,0.971786669923057,-0.492616038159847,-0.226986705419353,0.547463040161616,-0.320476334742224
0.0725,-0.605521590453068,0.961022363401485,-0.35550077294842,-0.302686006367383,0.549172444013941,-0.246486437646518
0.073,-0.716963193980254,0.926594808903643,-0.209631614923391,-0.370932043281037,0.537359330821059,-0.166427287539983
0.0735,-0.810750405887147,0.86935116168559,-0.0586007557984429,-0.430044575908331,0.512314688461047,-0.0822701125526789
0.074,-0.884573946004263,0.79070110209863,0.0938728439056365,-0.478567964091837,0.474655148239132,0.00391281585274087
0.0745,-0.936617152920319,0.692581773266534,0.24403537965379,-0.51530740413301,0.425308016738915,0.0899993873941263
0.075,-0.965597079935528,0.577408395363355,0.388188684572181,-0.539358308497923,0.365488409444832,0.173869899053118
0.0755,-0.970800781110681,0.448017347550305,0.522783433560385,-0.550128348593391,0.296669232674338,0.253459115919074
0.076,-0.952100752015678,0.307594928465862,0.644505823549827,-0.547352501680205,0.22054512374699,0.326807377933231
0.0765,-0.909956224250465,0.159598151765918,0.75035807248456,-0.531098927016488,0.138990411803827,0.392108515212672
0.077,-0.845405718232857,0.00767165392457553,0.837734064308295,-0.501767958225997,0.0540133162492565,0.447754641976744
0.0775,-0.760038740657874,-0.144443626987147,0.904482367645035,-0.460081881509709,-0.0322937308268355,0.492375612336543
0.078,-0.655956895540907,-0.293002351089456,0.948959246630377,-0.407066903217959,-0.117805678396391,0.524872581614342
0.0785,-0.535723147949993,-0.43434641123038,0.970069559180389,-0.344028720608522,-0.200416783951002,0.54444550455951
0.079,-0.402298226139421,-0.56499533749126,0.967293563630696,-0.272519379497144,-0.278092985705474,0.550612365202599
0.0795,-0.258967577819241,-0.68173214165525,0.940699719474506,-0.1942996343344,-0.348921647982056,0.543221282316431
0.08,-0.109259812018426,-0.781682680529019,0.890942492547459,-0.111295696968907,-0.411158644331295,0.522454341300172
0.0805,0.043137943169281,-0.86238537853009,0.819247435360819,-0.0255511997624513,-0.463271597255855,0.488822797018272
0.081,0.194473345087358,-0.921853252309834,0.727379907222486,0.060822397709374,-0.503977236995366,0.443154839285955
0.0815,0.341020759762583,-0.958622332885034,0.617601573122459,0.14569836947406,-0.532273297682985,0.386574928208886
0.082,0.479170535498783,-0.971786626255374,0.492616090756597,0.22698677909407,-0.547463026486363,0.320476247392253
0.0825,0.60552169021189,-0.96102242003422,0.355500729822333,0.302685955567583,-0.549172370222736,0.246486414655113
0.083,0.716963193028535,-0.926594793696409,0.209631600667874,0.370932105284867,-0.537359318805551,0.166427213520645
0.0835,0.810750251568574,-0.869351095028433,0.0586008434598583,0.430044571610025,-0.51231464165582,0.082270070045757
0.084,0.884574192008012,-0.790701227842537,-0.0938729641654784,0.47856795944562,-0.474655107673667,-0.00391285177198804
0.0845,0.936616963799928,-0.692581664442218,-0.244035299357714,0.515307461188157,-0.425308005580534,-0.0899994556076534
0.085,0.965597087489165,-0.577408414513753,-0.388188672975421,0.539358264284266,-0.365488350968803,-0.17386991331549
0.0855,0.970800958684198,-0.448017430514447,-0.522783528169761,0.550128405897863,-0.296669228138538,-0.253459177759347
0.086,0.952100511786115,-0.307594802327208,-0.644505709458918,0.547352489287212,-0.220545082388522,-0.326807406898706
0.0865,0.90995637961009,-0.159598239892269,-0.750358139717833,0.531098924851808,-0.138990382573164,-0.392108542278655
0.087,0.845405702971992,-0.00767164050593008,-0.837734062466074,0.501768015647843,-0.054013313319062,-0.447754702328785
0.0875,0.760038669333504,0.144443662784878,-0.904482332118396,0.460081822154408,0.0322937888198427,-0.492375610974248
0.088,0.655956982181746,0.293002307823898,-0.948959290005658,0.407066965876103,0.117805670740007,-0.524872636616101
0.0885,0.535723056581771,0.434346452881586,-0.970069509463371,0.344028716974161,0.200416814616018,-0.544445531590165
0.089,0.402298344547256,0.564995281640696,-0.967293626187967,0.27251935255736,0.278093020990022,-0.550612373547362
0.0895,0.258967457644556,0.681732206300026,-0.940699663944596,0.194299699743529,0.348921638036483,-0.543221337779986
0.09,0.109259849368889,0.781682649638078,-0.890942499006979,0.111295648699949,0.411158691269135,-0.522454339969054
0.0905,-0.0431378356940134,0.862385335672093,-0.819247499978091,0.0255512398939165,0.463271595912398,-0.48882283580628
0.091,-0.194473558858998,0.921853358435867,-0.727379799576879,-0.0608223960651794,0.503977257664674,-0.443154861599458
0.0915,-0.341020562302642,0.958622224544715,-0.617601662242081,-0.145698390035837,0.532273324375928,-0.386574934340052
0.092,-0.479170602741816,0.971786672281545,-0.492616069539735,-0.226986724047362,0.547463017545773,-0.32047629349837
0.0925,-0.605521778674638,0.961022457094291,-0.355500678419656,-0.30268600555924,0.549172412454548,-0.246486406895267
0.093,-0.716963016352289,0.926594704822108,-0.209631688469819,-0.370932061925771,0.537359310644454,-0.166427248718643
0.0935,-0.810750416434179,0.869351182470196,-0.0586007660360162,-0.430044571774657,0.512314659613748,-0.0822700878390533
0.094,-0.884574103216855,0.79070117853243,0.0938729246844267,-0.478567987660529,0.474655133685339,0.00391285397522516
0.0945,-0.936616970998153,0.692581671253875,0.244035299744282,-0.515307399100781,0.425307988568049,0.0899994105327629
0.095,-0.965597138299677,0.577408436761708,0.388188701537977,-0.539358318347881,0.365488392323593,0.173869926024315
0.0955,-0.970800864254571,0.448017387530122,0.522783476724459,-0.550128370690995,0.296669219834136,0.253459150856882
0.096,-0.952100643434984,0.30759486541146,0.644505778023535,-0.547352476950334,0.220545090373775,0.326807386576575
0.0965,-0.909956243299289,0.159598168661551,0.75035807463775,-0.531098963473046,0.138990411547298,0.392108551925759
0.097,-0.845405774729416,0.00767168584836913,0.83773408888106,-0.501767957809,0.0540132945170059,0.447754663291999
0.0975,-0.76003872218899,-0.144443646675368,0.904482368864372,-0.460081864762684,-0.0322937563397473,0.492375621102429
0.098,-0.655956815077418,-0.293002387493387,0.948959202570819,-0.407066940794913,-0.117805675896327,0.524872616691232
0.0985,-0.535723249941311,-0.434346351247536,0.970069601188862,-0.344028706098737,-0.200416808986707,0.544445515085431
0.099,-0.40229822959728,-0.56499534869018,0.967293578287475,-0.272519386770781,-0.2780929971609,0.550612383931661
0.0995,-0.258967444730068,-0.681732204935316,0.940699649665398,-0.194299643847571,-0.348921657715319,0.543221301562865
0.1,-0.109259963694421,-0.781682595327334,0.890942559021768,-0.111295695091156,-0.41115865897554,0.522454354066666
0.1005,0.0431379844508649,-0.862385411213255,0.8192474267624,-0.0255512150683219,-0.463271603809104,0.488822818877391
0.101,0.194473435316218,-0.921853293771607,0.727379858455399,0.0608224124291036,-0.503977256453429,0.443154844024288
0.1015,0.341020629352922,-0.958622261772615,0.6176016324197,0.145698346941609,-0.532273297613889,0.386574950672241
0.102,0.479170602892597,-0.971786667544742,0.492616064652151,0.226986782276157,-0.547463041025525,0.320476258749328
0.1025,0.605521709352703,-0.961022427818902,0.355500718466203,0.302685964093801,-0.549172383910224,0.246486419816383
0.103,0.716963143825078,-0.926594765152903,0.209631621327826,0.370932076140585,-0.537359314701789,0.166427238561164
0.1035,0.810750269189917,-0.86935110719547,0.0586008380055526,0.430044595368944,-0.512314664188749,0.0822700688197672
0.104,0.884574205646054,-0.79070123697783,-0.0938729686682266,0.478567943658335,-0.474655107446825,-0.0039128362115449
0.1045,0.936616972152556,-0.692581662594788,-0.244035309557774,0.51530745084653,-0.425308010279682,-0.0899994405668796
0.105,0.965597024351331,-0.57740838551904,-0.388188638832298,0.539358283456736,-0.365488368740244,-0.173869914716519
0.1055,0.97080103568994,-0.448017474226751,-0.522783561463198,0.550128381482573,-0.29666922316977,-0.253459158312825
0.106,0.952100501308552,-0.307594788065682,-0.644505713242881,0.547352499543469,-0.220545095578429,-0.326807403965057
0.1065,0.909956292822147,-0.159598200757242,-0.750358092064919,0.531098919491295,-0.138990386707395,-0.392108532783911
0.107,0.845405826094492,-0.00767170657324936,-0.837734119521256,0.501768010600494,-0.0540133179060113,-0.447754692694487
0.1075,0.760038606105177,0.144443702936423,-0.904482309041614,0.460081829574246,0.0322937794896443,-0.492375609063888
0.108,0.655956946473928,0.293002321074754,-0.948959267548697,0.40706694657915,0.117805673718924,-0.524872620298066
0.1085,0.535723144915938,0.434346406620204,-0.970069551536157,0.34402873584445,0.200416799088831,-0.544445534933267
0.109,0.402298277475189,0.564995319747433,-0.967293597222636,0.272519338308445,0.278093023970793,-0.550612362279218
0.1095,0.258967473454465,0.681732196706016,-0.940699670160495,0.194299693513303,0.348921634566494,-0.543221328079772
0.11,0.10925985981298,0.781682642662274,-0.890942502475267,0.111295667506046,0.411158677505037,-0.522454345011054
0.1105,-0.0431378390599571,0.86238533868369,-0.819247499623744,0.0255512134169408,0.463271604991679,-0.488822818408586
0.111,-0.194473561132686,0.921853361771949,-0.727379800639272,-0.0608223804983796,0.503977244367187,-0.44315486386877
0.1115,-0.341020583926351,0.958622231087463,-0.61760164716112,-0.145698393212658,0.532273322761539,-0.386574929548842
0.112,-0.479170543097486,0.971786644256306,-0.492616101158826,-0.226986737159006,0.547463019598913,-0.320476282439867
0.1125,-0.605521845928255,0.961022494152254,-0.355500648224002,-0.302685988335518,0.549172400061691,-0.246486411726133
0.113,-0.716962996193295,0.926594688289562,-0.209631692096269,-0.370932080044096,0.537359316400047,-0.166427236355911
0.1135,-0.810750362847443,0.86935115982259,-0.0586007969751466,-0.430044562050861,0.512314650916078,-0.082270088865179
0.114,-0.884574198303569,0.790701227578171,0.0938729707254012,-0.478567991464936,0.474655132942623,0.00391285852234763
0.1145,-0.936616900321409,0.692581630582555,0.244035269738859,-0.515307406241003,0.425307988299548,0.0899994179414858
0.115,-0.965597142565088,0.5774084431992,0.388188699365895,-0.539358304027066,0.365488382868993,0.173869921158099
0.1155,-0.970800913004562,0.44801741150793,0.522783501496641,-0.550128391834673,0.29666922768818,0.253459164146514
0.116,-0.952100586973942,0.307594835157497,0.644505751816456,-0.547352461535543,0.22054507913705,0.32680738239851
0.1165,-0.90995627742785,0.159598186906455,0.750358090521408,-0.531098967115465,0.138990412144879,0.392108554970597
0.117,-0.845405759083515,0.00767167863609115,0.837734080447438,-0.501767971384396,0.0540132981022484,0.447754673282153
0.1175,-0.760038734169345,-0.144443640978567,0.904482375147927,-0.460081843769573,-0.0322937691104643,0.492375612880035
0.118,-0.65595681005474,-0.293002392088163,0.948959202142918,-0.40706696090467,-0.117805667272289,0.524872628176951
0.1185,-0.535723228327775,-0.434346358518642,0.970069586846432,-0.344028697795461,-0.200416816031591,0.544445513827038
0.119,-0.402298285220768,-0.564995322631422,0.967293607852204,-0.272519383809389,-0.278092999887195,0.550612383696563
0.1195,-0.258967379902013,-0.681732239530484,0.940699619432511,-0.19429965730375,-0.348921653173527,0.543221310477251
0.12,-0.109259994809558,-0.781682574929098,0.890942569738668,-0.11129567881513,-0.411158668789865,0.522454347604965
0.1205,0.0431379568579613,-0.862385401297586,0.819247444439635,-0.0255512307851697,-0.463271597310516,0.488822828095652
0.121,0.194473505691891,-0.921853328718704,0.727379823026823,0.0608224207617129,-0.503977262799486,0.443154842037737
0.1215,0.341020560768339,-0.958622224549811,0.617601663781481,0.145698347465687,-0.532273298522742,0.386574951057015
0.122,0.479170632097105,-0.971786685492599,0.4926160533955,0.226986770268958,-0.54746303712973,0.320476266860733
0.1225,0.605521724576575,-0.96102243388968,0.355500709313108,0.302685982382071,-0.549172394215765,0.246486411833654
0.123,0.716963105825644,-0.926594746011191,0.209631640185548,0.370932057628559,-0.537359306156201,0.166427248527602
0.1235,0.810750307497826,-0.869351126628052,0.0586008191302252,0.43004460377856,-0.512314670619747,0.0822700668411499
0.124,0.884574173970084,-0.790701221407055,-0.0938729525630319,0.478567948437006,-0.474655110039768,-0.00391283839727309
0.1245,0.936616998279056,-0.692581675885719,-0.244035322393343,0.515307434161912,-0.425308003381006,-0.0899994307809371
0.125,0.96559701067602,-0.577408376732811,-0.388188633943218,0.539358302521715,-0.365488379583315,-0.173869922938426
0.1255,0.970801021618972,-0.448017470290452,-0.522783551328529,0.550128367296621,-0.296669216385015,-0.253459150911627
0.126,0.952100548801592,-0.307594809860337,-0.644505738941265,0.547352502904524,-0.220545098900699,-0.32680740400384
0.1265,0.909956230748051,-0.159598168672339,-0.750358062075724,0.531098925927609,-0.138990390227983,-0.392108535699636
0.127,0.845405867474824,-0.00767173080781677,-0.83773413666702,0.501767996343685,-0.0540133119278927,-0.447754684415797
0.1275,0.760038611042478,0.144443704033751,-0.904482315076243,0.460081845776079,0.0322937705488062,-0.492375616324883
0.128,0.655956899081581,0.293002343438578,-0.948959242520175,0.407066933148287,0.117805680171306,-0.524872613319584
0.1285,0.535723205655721,0.434346375065384,-0.970069580721119,0.344028740334699,0.2004167953248,-0.544445535659484
0.129,0.40229823499339,0.564995343241346,-0.96729357823475,0.272519344488742,0.278093021003197,-0.550612365491919
0.1295,0.258967483544879,0.681732189870111,-0.940699673415004,0.194299677720887,0.348921641434198,-0.54322131915506
0.13,0.109259876868445,0.781682635091293,-0.890942511959752,0.111295685724714,0.411158667543595,-0.522454353268279
0.1305,-0.0431378709112162,0.862385353984187,-0.819247483072982,0.025551200225651,0.463271611775603,-0.48882281200122
0.131,-0.194473523473576,0.921853343434902,-0.727379819961336,-0.0608223789467512,0.50397724214581,-0.443154863199022
0.1315,-0.341020620603879,0.958622249710483,-0.617601629106612,-0.145698383339256,0.532273317908585,-0.38657493456929
0.132,-0.479170518667576,0.971786630284082,-0.492616111616512,-0.226986754152035,0.547463027515881,-0.320476273363806
0.1325,-0.605521843360097,0.961022495657834,-0.355500652297741,-0.302685972256683,0.549172391173694,-0.246486418916971
0.133,-0.71696303209523,0.926594704090554,-0.209631671995325,-0.370932089561488,0.53735932135303,-0.166427231791503
0.1335,-0.810750306631058,0.869351131639626,-0.0586008250085673,-0.43004456257157,0.512314650080709,-0.0822700875091013
0.134,-0.884574246342951,0.790701253953384,0.0938729923895701,-0.47856798203378,0.474655128343506,0.00391285369030835
0.1345,-0.93661688615606,0.692581620421023,0.244035265735041,-0.515307421603002,0.425307995419709,0.0899994261833246
0.135,-0.965597117268069,0.577408432513757,0.38818868475432,-0.539358288708501,0.365488374573986,0.173869914134542
0.1355,-0.970800961463268,0.448017435626537,0.52278352583674,-0.550128401488046,0.296669232855322,0.253459168632746
0.136,-0.952100540134364,0.307594810549594,0.644505729584781,-0.547352462270063,0.220545078360287,0.326807383909793
0.1365,-0.909956304779819,0.159598202127886,0.750358102651945,-0.531098956190419,0.138990406947065,0.392108549243364
0.137,-0.845405756574402,0.00767167595554211,0.837734080618873,-0.501767988376898,0.0540133062583227,0.44775468211858
0.1375,-0.760038714847682,-0.144443649362984,0.90448236421068,-0.460081828411034,-0.0322937775569572,0.492375605967989
0.138,-0.655956845049507,-0.293002375535971,0.948959220585493,-0.407066968318454,-0.11780566305065,0.524872631369095
0.1385,-0.535723186766045,-0.434346379281112,0.970069566047173,-0.344028701504197,-0.200416815138374,0.544445516642557
0.139,-0.40229831929322,-0.564995304187092,0.967293623480328,-0.272519371296814,-0.278093006015652,0.550612377312446
0.1395,-0.258967369439777,-0.681732247248531,0.940699616688323,-0.194299673394454,-0.348921645272624,0.543221318667053
0.14,-0.109259972912299,-0.781682583593983,0.890942556506295,-0.111295665813839,-0.411158675961295,0.522454341775104
0.1405,0.043137909924662,-0.862385378537253,0.819247468612602,-0.0255512361690155,-0.463271594162286,0.488822830331267
0.141,0.194473555584893,-0.921853354945455,0.727379799360572,0.0608224164855304,-0.503977261492608,0.443154845007041
0.1415,0.341020532263465,-0.958622207875888,0.617601675612431,0.145698359568962,-0.532273304370753,0.386574944801752
0.142,0.479170627069881,-0.971786685158314,0.492616058088438,0.226986754644442,-0.547463029449415,0.320476274804933
0.1425,0.605521757595582,-0.961022449383286,0.355500691787707,0.302685995188525,-0.549172401275673,0.246486406087108
0.143,0.716963061883851,-0.926594723826933,0.209631661943083,0.370932052855814,-0.537359303170948,0.166427250315095
0.1435,0.810750344568669,-0.869351146185574,0.0586008016169044,0.43004459810043,-0.512314668612245,0.0822700705117783
0.144,0.884574155386279,-0.790701210667184,-0.0938729447190976,0.47856796210451,-0.474655116714325,-0.00391284539021985
0.1445,0.936616993801374,-0.692581675263689,-0.24403531853769,0.515307418210424,-0.425307995333227,-0.0899994228772285
0.145,0.965597036892436,-0.57740838846151,-0.388188648430934,0.539358313843366,-0.36548838596563,-0.173869927877763
0.1455,0.970800981280129,-0.448017450614286,-0.522783530665853,0.550128365000679,-0.296669214645005,-0.253459150355696
0.146,0.95210058894133,-0.307594830824457,-0.644505758116883,0.547352495463784,-0.220545095838271,-0.32680739962553
0.1465,0.909956208137319,-0.159598155278502,-0.75035805285883,0.531098939648001,-0.138990397011965,-0.392108542636047
0.147,0.845405860666781,-0.00767172970065695,-0.837734130966138,0.501767981774452,-0.0540133045221041,-0.447754677252352
0.1475,0.760038645734097,0.144443687982218,-0.904482333716329,0.460081855456269,0.0322937650665154,-0.492375620522782
0.148,0.655956852208237,0.293002367217764,-0.948959219426016,0.407066931914579,0.117805681364087,-0.524872613278658
0.1485,0.535723243053689,0.434346354700124,-0.970069597753827,0.344028732517381,0.200416798606092,-0.544445531123459
0.149,0.402298222977557,0.564995351302988,-0.96729357428056,0.272519358284336,0.278093014206582,-0.550612372490898
0.1495,0.258967467258866,0.681732196470429,-0.94069966372931,0.194299663318931,0.348921648822783,-0.543221312141688
0.15,0.109259912330595,0.781682617954894,-0.890942530285502,0.111295694714489,0.411158662353656,-0.522454357068115
0.1505,-0.043137910707231,0.862385374249409,-0.819247463542189,0.0255512003876389,0.463271612330197,-0.488822812717802
0.151,-0.194473493583519,0.921853327333262,-0.727379833749753,-0.0608223882939536,0.503977246267192,-0.443154857973201
0.1515,-0.341020630540933,0.958622256342306,-0.61760162580138,-0.145698368877539,0.532273310674481,-0.386574941796903
0.152,-0.479170532610013,0.971786635583356,-0.492616102973348,-0.22698676770986,0.547463034601506,-0.320476266891607
0.1525,-0.605521809495543,0.96102247970472,-0.35550067020918,-0.302685965175035,0.54917238695061,-0.246486421775535
0.153,-0.716963073565498,0.926594725116196,-0.2096316515507,-0.370932087589123,0.53735932093678,-0.166427233347618
0.1535,-0.810750274793505,0.86935111415362,-0.0586008393601147,-0.430044572614158,0.512314654660024,-0.0822700820458285
0.154,-0.884574253998181,0.79070125992307,0.0938729940751136,-0.478567968099102,0.474655121342034,0.00391284675710286
0.1545,-0.936616906688094,0.69258162901477,0.244035277673329,-0.515307433988376,0.42530800192926,0.0899994320591468
0.155,-0.965597077768872,0.577408413199811,0.388188664569068,-0.539358282772147,0.365488370952352,0.173869911819821
0.1555,-0.97080100218754,0.448017456874396,0.522783545313153,-0.550128398656808,0.296669232015829,0.253459166641001
0.156,-0.952100515392558,0.307594796499223,0.644505718893347,-0.547352472851258,0.220545083236324,0.326807389614951
0.1565,-0.909956304570352,0.159598203749966,0.750358100820399,-0.531098942131611,0.138990399846045,0.392108542285575
0.157,-0.845405779963701,0.00767168647773553,0.837734093485979,-0.50176800020524,0.0540133125701974,0.447754687635046
0.1575,-0.760038678358573,-0.144443667317085,0.904482345675672,-0.460081823751237,-0.0322937805711328,0.492375604322367
0.158,-0.655956880806895,-0.293002356987691,0.948959237794601,-0.407066963949617,-0.117805664679754,0.524872628629362
0.1585,-0.535723164880353,-0.434346391680294,0.970069556560661,-0.344028713030216,-0.200416809688771,0.544445522718973
0.159,-0.402298318753679,-0.564995302688024,0.967293621441717,-0.272519357492654,-0.278093013073694,0.550612370566328
0.1595,-0.258967393061066,-0.681732236807223,0.940699629868303,-0.194299683872015,-0.34892163959343,0.543221323465419
0.16,-0.109259934875592,-0.781682602300335,0.89094253717594,-0.111295662808614,-0.411158678104743,0.522454340913328
0.1605,0.0431378730291562,-0.862385359130344,0.819247486101199,-0.0255512306990462,-0.463271596401893,0.488822827100906
0.161,0.194473575399878,-0.921853366666683,0.727379791266816,0.0608224048108073,-0.503977255907432,0.443154851096588
0.1615,0.341020538204909,-0.958622209023615,0.617601670818713,0.145698372750928,-0.532273311136819,0.386574938385852
0.162,0.479170598270355,-0.971786671782018,0.492616073511669,0.226986745165008,-0.547463024253082,0.320476279088035
0.1625,0.605521796429851,-0.961022468946299,0.355500672516451,0.302685997145355,-0.549172402891252,0.246486405745857
0.163,0.716963029369605,-0.926594706422486,0.209631677052883,0.370932059215916,-0.53735930586598,0.166427246650025
0.1635,0.810750358123239,-0.86935115458906,0.0586007964658206,0.430044585962444,-0.512314662741814,0.0822700767793322
0.164,0.884574165173244,-0.790701214067358,-0.0938729511058883,0.478567975035074,-0.474655123417599,-0.00391285161750993
0.1645,0.93661696521887,-0.692581661820872,-0.244035303398004,0.515307409778142,-0.425307990607162,-0.089999419171011
0.165,0.965597073101986,-0.577408406667758,-0.388188666434236,0.539358314337216,-0.36548838683702,-0.173869927500223
0.1655,0.970800951292494,-0.448017434561862,-0.522783516730641,0.550128372528881,-0.296669217984154,-0.253459154544749
0.166,0.952100600881747,-0.307594838453467,-0.644505762428291,0.547352483083186,-0.220545089760578,-0.326807393322624
0.1665,0.90995621949187,-0.159598159356357,-0.750358060135524,0.531098951788325,-0.138990403367324,-0.392108548421012
0.167,0.845405830087022,-0.00767171524532398,-0.837734114841711,0.501767974714028,-0.0540133004787105,-0.447754674235322
0.1675,0.760038683101223,0.144443668972111,-0.904482352073349,0.46008185469124,0.032293764866722,-0.49237561955796
0.168,0.655956823796483,0.293002382769447,-0.948959206565944,0.407066940092424,0.11780567765499,-0.524872617747406
0.1685,0.535723250542886,0.434346349204054,-0.970069599746955,0.344028720226788,0.200416804682751,-0.544445524909525
0.169,0.402298239182634,0.564995344594737,-0.967293583777384,0.272519369746914,0.278093008163547,-0.550612377910441
0.1695,0.258967434701373,0.681732212258773,-0.94069964696016,0.194299657281302,0.348921652373867,-0.543221309655144
0.17,0.109259947519106,0.781682599817152,-0.89094254733627,0.111295692873625,0.411158662702505,-0.5224543555761
0.1705,-0.0431379344875243,0.862385387449423,-0.81924745296191,0.0255512093406369,0.463271608194989,-0.488822817535592
0.171,-0.194473490137856,0.921853324046801,-0.727379833908955,-0.0608224006935481,0.503977252464999,-0.443154851771414
0.1715,-0.341020612755375,0.958622248689853,-0.617601635934486,-0.145698358124383,0.532273304933501,-0.386574946809078
0.172,-0.479170564528946,0.971786651096339,-0.492616086567398,-0.226986772459451,0.547463037523334,-0.320476265063843
0.1725,-0.605521775919053,0.961022462366845,-0.355500686447795,-0.30268596829051,0.549172387977595,-0.246486419687045
0.173,-0.716963095447181,0.926594737422734,-0.209631641975554,-0.37093207798916,0.537359316413288,-0.166427238424089
0.1735,-0.81075027364424,0.869351111938928,-0.0586008382946877,-0.430044584747486,0.512314660784693,-0.0822700760371699
0.174,-0.884574233666524,0.790701250974766,0.0938729826917617,-0.478567958336734,0.474655116074139,0.00391284226262968
0.1745,-0.936616940223979,0.692581645518818,0.244035294705166,-0.515307437513762,0.425308004228901,0.0899994332848923
0.175,-0.965597045008083,0.577408396024671,0.388188648983419,-0.539358286838686,0.365488372491095,0.173869914347617
0.1755,-0.970801020571677,0.448017467555271,0.522783553016415,-0.550128388684338,0.296669227264534,0.253459161419825
0.176,-0.952100518700188,0.307594796612926,0.644505722087273,-0.547352484703721,0.220545089263755,0.326807395439982
0.1765,-0.909956281437266,0.159598193154729,0.750358088282549,-0.531098933190211,0.138990394959932,0.392108538230289
0.177,-0.845405813105087,0.00767170299764272,0.837734110107458,-0.501768002629496,0.0540133143256872,0.447754688303813
0.1775,-0.760038648609416,-0.144443683045411,0.90448233165484,-0.460081828808051,-0.032293778506773,0.492375607314822
0.178,-0.65595689553306,-0.293002348209922,0.948959243742997,-0.407066953515725,-0.117805669717065,0.524872623232781
0.1785,-0.535723170749421,-0.434346390179978,0.970069560929414,-0.344028724560819,-0.200416803762979,0.544445528323784
0.179,-0.402298294718209,-0.564995313809551,0.967293608527775,-0.272519349560127,-0.278093017483591,0.550612367043699
0.1795,-0.25896742573547,-0.681732220457575,0.94069964619306,-0.194299685043336,-0.348921638478019,0.54322132352133
0.18,-0.109259906645968,-0.781682617355042,0.890942524001023,-0.111295668788352,-0.411158675529193,0.522454344317516
0.1805,0.0431378607501503,-0.862385351496209,0.81924749074607,-0.0255512200672932,-0.46327160159382,0.488822821661079
0.181,0.194473566616245,-0.921853363699465,0.727379797083231,0.060822393844051,-0.503977250223182,0.443154856379094
0.1815,0.341020564437383,-0.958622221387469,0.617601656950094,0.145698379650042,-0.532273315039865,0.386574935389784
0.182,0.479170565500374,-0.971786655171188,0.492616089670819,0.226986745063077,-0.547463023688361,0.320476278625244
0.1825,0.605521822205412,-0.961022482919597,0.355500660714188,0.302685990451322,-0.549172399921385,0.246486409470023
0.183,0.716963020979537,-0.926594700751532,0.209631679771997,0.370932069970957,-0.537359311164338,0.166427241193341
0.1835,0.810750346084722,-0.869351149834619,0.0586008037498973,0.430044575506015,-0.512314657271412,0.0822700817653598
0.184,0.884574192396017,-0.790701227113385,-0.0938729652826357,0.478567980959494,-0.474655126851931,-0.00391285410759728
0.1845,0.936616933924773,-0.69258164583741,-0.244035288087369,0.515307410758459,-0.425307990596965,-0.0899994201615257
0.185,0.965597096007117,-0.577408419216984,-0.388188676790141,0.539358306897508,-0.365488383448772,-0.173869923448762
0.1855,0.970800945773812,-0.448017430374315,-0.522783515399506,0.5501283833534,-0.296669223373262,-0.25345915998016
0.186,0.952100586895435,-0.307594832656652,-0.644505754238794,0.547352473287232,-0.220545084578856,-0.326807388708392
0.1865,0.90995624737076,-0.159598172817515,-0.750358074553257,0.531098956608711,-0.138990406255513,-0.392108550353208
0.187,0.845405799549467,-0.00767169953059424,-0.837734100018887,0.501767976753141,-0.0540133010264046,-0.447754675726741
0.1875,0.760038703884936,0.144443657386374,-0.904482361271325,0.460081846687332,0.0322937685858956,-0.492375615273226
0.188,0.655956821251686,0.293002385487456,-0.948959206739157,0.40706695078231,0.117805672287356,-0.524872623069658
0.1885,0.535723233884603,0.434346356438893,-0.97006959032351,0.344028711167988,0.200416809523895,-0.544445520691869
0.189,0.402298268069725,0.564995330448159,-0.967293598517898,0.272519373544338,0.278093005785754,-0.550612379330072
0.1895,0.258967405506736,0.681732227459479,-0.940699632966229,0.194299660236785,0.34892165134436,-0.54322131158112
0.19,0.109259965185133,0.781682589747047,-0.890942554932194,0.111295684397245,0.411158666700187,-0.522454351097402
0.1905,-0.0431379337003002,0.862385388418151,-0.819247454717862,0.0255512198791647,0.463271602857553,-0.488822822736684
0.191,-0.194473508763344,0.921853332411497,-0.727379823648162,-0.0608224090190238,0.503977256971325,-0.443154847952265
0.1915,-0.341020583979478,0.958622234469984,-0.617601650490513,-0.145698355367953,0.532273303074323,-0.38657494770633
0.192,-0.479170591872899,0.971786665440435,-0.492616073567541,-0.226986768576983,0.547463036000321,-0.320476267423298
0.1925,-0.60552176090852,0.961022453615916,-0.3555006927074,-0.30268597718197,0.549172392233157,-0.246486415051147
0.193,-0.716963092168203,0.926594737105954,-0.209631644937753,-0.370932067731992,0.537359311169768,-0.166427243437737
0.1935,-0.810750293849978,0.869351121177823,-0.0586008273278448,-0.430044592218582,0.512314664887121,-0.0822700726685016
0.194,-0.884574204734312,0.790701236557717,0.0938729681765974,-0.478567956633895,0.474655114751357,0.00391284188257363
0.1945,-0.936616966110526,0.692581659249335,0.244035306861197,-0.515307432821593,0.425308002265886,0.0899994305557384
0.195,-0.965597032695942,0.577408388573186,0.388188644122764,-0.539358295979336,0.365488376916875,0.173869919062488
0.1955,-0.970801014385816,0.448017465728131,0.522783548657694,-0.550128378811464,0.296669222175309,0.253459156636177
0.196,-0.952100540689988,0.307594806888181,0.644505733801818,-0.547352491328867,0.22054509296098,0.326807398367903
0.1965,-0.909956252750833,0.159598178704211,0.750358074046634,-0.531098932460746,0.138990394132835,0.392108538327921
0.197,-0.845405836810096,0.00767171572422681,0.837734121085883,-0.50176799720967,0.054013311966318,0.447754685243355
0.1975,-0.760038639353415,-0.144443688951278,0.904482328304706,-0.460081838146027,-0.0322937739370503,0.492375612083075
0.198,-0.655956886818757,-0.293002351398457,0.948959238217228,-0.407066944063854,-0.117805674635409,0.524872618699255
0.1985,-0.535723193739255,-0.434346379282572,0.970069573021841,-0.344028730303781,-0.200416800489668,0.544445530793434
0.199,-0.40229826678673,-0.564995327983209,0.967293594769954,-0.272519349817129,-0.278093017803276,0.550612367620385
0.1995,-0.258967447376639,-0.681732208707841,0.940699656084494,-0.194299678945405,-0.348921641215655,0.543221320161035
0.2,-0.109259899963442,-0.78168262197311,0.890942521936565,-0.111295678210134,-0.411158670870323,0.522454349080428
0.2005,0.0431378716615066,-0.862385355845209,0.819247484183714,-0.0255512111543134,-0.463271606277071,0.48882281743135
0.201,0.194473542596196,-0.92185335217428,0.727379809578094,0.0608223890260836,-0.503977247404086,0.443154858377965
0.2015,0.341020591759851,-0.958622235382045,0.617601643622203,0.14569837847034,-0.532273314878314,0.386574936407935
0.202,0.479170545991835,-0.971786644407863,0.492616098416034,0.226986751712254,-0.547463026739981,0.320476275027687
0.2025,0.60552182604364,-0.961022486104164,0.355500660060527,0.302685981055506,-0.549172395233534,0.246486414177988
0.203,0.716963034211416,-0.926594706362903,0.209631672151489,0.370932078305122,-0.537359315587798,0.166427237282637
0.2035,0.810750321327328,-0.869351137798674,0.0586008164713451,0.430044571586719,-0.512314654895137,0.0822700833083795
0.204,0.884574218555588,-0.790701240638817,-0.0938729779167737,0.478567978913903,-0.474655126237521,-0.00391285267641734
0.2045,0.936616916903178,-0.692581636282232,-0.244035280620952,0.515307417897904,-0.425307993932759,-0.0899994239651764
0.205,0.965597097157685,-0.577408421011939,-0.388188676145754,0.539358297588396,-0.36548837876125,-0.173869918827173
0.2055,0.970800960799752,-0.448017436980329,-0.522783523819432,0.550128391052384,-0.296669227507767,-0.253459163544639
0.206,0.952100561859321,-0.307594820371548,-0.644505741487784,0.547352470294378,-0.220545082663833,-0.326807387630561
0.2065,0.909956272282832,-0.159598185806386,-0.750358086476457,0.53109895372931,-0.138990405198441,-0.39210854853088
0.207,0.845405784797585,-0.00767169107260809,-0.83773409372499,0.501767984288356,-0.0540133046019214,-0.447754679686438
0.2075,0.76003870257454,0.144443656850586,-0.90448235942514,0.460081837577908,0.0322937732137643,-0.49237561079167
0.208,0.655956838004089,0.293002377926012,-0.948959215930116,0.407066957779813,0.117805668481493,-0.524872626261298
0.2085,0.535723208575131,0.434346368984716,-0.970069577559861,0.34402870908307,0.200416810981201,-0.544445520064257
0.209,0.40229829161555,0.564995318040323,-0.967293609655887,0.272519369918162,0.27809300724351,-0.550612377161652
0.2095,0.258967393245204,0.681732234702775,-0.940699627947994,0.194299668065767,0.34892164758237,-0.543221315648112
0.21,0.109259961314628,0.7816825905483,-0.890942551862941,0.111295675555376,0.411158671231049,-0.522454346786394
0.2105,-0.0431379154322318,0.862385379982644,-0.819247464550424,0.0255512261585363,0.463271599391193,-0.488822825549695
0.211,-0.194473533909552,0.921853344996008,-0.727379811086465,-0.060822410220997,0.503977257981653,-0.443154847760619
0.2115,-0.341020562147666,0.958622222845777,-0.61760166069812,-0.145698359689015,0.53227330490856,-0.386574945219507
0.212,-0.479170601645289,0.971786671441531,-0.492616069796247,-0.22698676052302,0.547463032084901,-0.320476271561841
0.2125,-0.60552176701659,0.961022455598233,-0.355500688581647,-0.302685985684914,0.549172396630543,-0.246486410945589
0.213,-0.716963072762064,0.926594728001098,-0.209631655239036,-0.370932062217147,0.537359308069922,-0.166427245852736
0.2135,-0.810750318644964,0.869351133689738,-0.0586008150447723,-0.430044592546349,0.512314665449525,-0.0822700729031384
0.214,-0.884574184586486,0.790701225705806,0.093872958880682,-0.478567961578809,0.474655116930001,0.00391284464884244
0.2145,-0.936616973502605,0.692581664068491,0.244035309434118,-0.515307424645488,0.425307998249247,0.089999426396273
0.215,-0.965597040963054,0.577408391696568,0.388188649266494,-0.539358304062039,0.365488381135667,0.173869922926398
0.2155,-0.970800993920049,0.448017455983177,0.522783537936881,-0.550128374079642,0.296669219456346,0.253459154623318
0.216,-0.952100564973857,0.307594819257305,0.644505745716562,-0.547352490830334,0.220545093096447,0.326807397733903
0.2165,-0.90995623450262,0.159598168737635,0.750358065764996,-0.531098937946084,0.138990396614202,0.392108541331893
0.217,-0.845405841709838,0.00767171928452926,0.837734122425323,-0.50176798899014,0.0540133078896147,0.447754681100529
0.2175,-0.760038649645144,-0.144443684733636,0.904482334378793,-0.460081845761332,-0.0322937699228035,0.492375615684134
0.218,-0.655956865635306,-0.293002361614958,0.948959227250279,-0.407066940121937,-0.117805676967532,0.524872617089461
0.2185,-0.535723217179368,-0.434346367239784,0.970069584419167,-0.34402872901072,-0.200416800767881,0.544445529778586
0.219,-0.402298250544931,-0.564995336989218,0.967293587534164,-0.272519355779728,-0.278093015048792,0.5506123708285
0.2195,-0.25896744994293,-0.681732206336951,0.940699656279895,-0.194299670760115,-0.348921645313512,0.543221316073601
0.22,-0.1092599119997,-0.781682616806121,0.890942528805833,-0.111295685295244,-0.411158667094962,0.522454352390176
0.2205,0.0431378933411725,-0.862385366412737,0.819247473071575,-0.025551208018558,-0.463271608209521,0.488822816228044
0.221,0.194473520090376,-0.92185334050791,0.727379820417543,0.0608223910697013,-0.503977248077893,0.443154857008155
0.2215,0.341020605995361,-0.958622243427338,0.617601637431985,0.145698372116832,-0.532273311893071,0.3865749397762
0.222,0.479170545718502,-0.971786643209176,0.49261609749068,0.226986759776445,-0.547463030813033,0.320476271036548
0.2225,0.605521812355318,-0.961022480025162,0.355500667669847,0.302685974546799,-0.549172391724322,0.246486417177482
0.223,0.716963056210104,-0.926594717200672,0.20963166099057,0.370932080646455,-0.53735931712291,0.166427236476416
0.2235,0.810750299979578,-0.869351126623865,0.0586008266442858,0.430044574322999,-0.512314655937247,0.0822700816142104
0.224,0.88457423064179,-0.790701247636187,-0.093872983005605,0.478567972245086,-0.474655123059551,-0.0039128491855709
0.2245,0.936616918864777,-0.692581636244425,-0.244035282620357,0.515307425776223,-0.425307997947033,-0.0899994278292223
0.225,0.965597082071285,-0.577408414141419,-0.388188667929874,0.539358291690189,-0.365488375537793,-0.173869916152423
0.2255,0.970800982813576,-0.448017447927743,-0.522783534885843,0.550128392606026,-0.296669228645822,-0.253459163960225
0.226,0.952100541845727,-0.30759480979212,-0.644505732053618,0.547352473675894,-0.220545084053185,-0.326807389622726
0.2265,0.909956282249129,-0.159598191759181,-0.75035809048996,0.531098946819455,-0.138990401864063,-0.392108544955403
0.227,0.845405788817263,-0.00767169210937206,-0.837734096707904,0.501767991907779,-0.0540133085190416,-0.447754683388742
0.2275,0.760038686296417,0.144443664406096,-0.904482350702527,0.460081832329069,0.0322937761280967,-0.492375608457164
0.228,0.655956859878076,0.293002366949703,-0.948959226827794,0.407066958561367,0.117805667736719,-0.524872626298078
0.2285,0.535723189981807,0.434346378923164,-0.970069568904985,0.344028713045501,0.200416809274734,-0.54444552232022
0.229,0.402298299443014,0.564995313146838,-0.967293612589867,0.272519362850202,0.278093010692009,-0.550612373542191
0.2295,0.258967399256696,0.681732232615524,-0.940699631872234,0.194299675362514,0.348921643797224,-0.543221319159713
0.23,0.109259944011661,0.781682598713072,-0.890942542724746,0.1112956709749,0.411158673823297,-0.522454344798167
0.2305,-0.0431378939239609,0.862385369091321,-0.819247475167371,0.0255512261972552,0.463271599027694,-0.488822825224915
0.231,-0.194473550906624,0.921853354194061,-0.727379803287447,-0.0608224057396062,0.503977255987928,-0.443154850248285
0.2315,-0.341020556474902,0.95862221903476,-0.617601662559867,-0.145698366844988,0.532273308435608,-0.386574941590581
0.232,-0.479170593809156,0.971786668378364,-0.492616074569213,-0.226986753602566,0.547463028460579,-0.320476274857973
0.2325,-0.605521785084883,0.961022464240297,-0.355500679155418,-0.302685989578846,0.549172398888522,-0.246486409309636
0.233,-0.716963051830573,0.926594717310394,-0.209631665479822,-0.370932062895663,0.537359308078004,-0.166427245182302
0.2335,-0.810750333977938,0.869351142102983,-0.0586008081250441,-0.430044587608177,0.512314663197918,-0.0822700755897044
0.234,-0.884574180991286,0.790701222944651,0.0938729580466382,-0.478567968747661,0.474655120497329,0.00391284825036669
0.2345,-0.936616964001311,0.692581660107532,0.244035303893784,-0.515307418157249,0.425307994816665,0.0899994233406154
0.235,-0.965597059623071,0.577408400728604,0.388188658894475,-0.539358307258267,0.365488383049986,0.173869924208308
0.2355,-0.970800973708468,0.448017445567041,0.522783528141437,-0.550128375436592,0.296669219819426,0.253459155617189
0.236,-0.952100578562651,0.307594826839825,0.644505751722837,-0.547352485506046,0.220545090621674,0.326807394884388
0.2365,-0.909956232967727,0.159598167026955,0.750358065940783,-0.531098945056802,0.138990400184702,0.39210854487211
0.237,-0.845405830675632,0.00767171448353223,0.837734116192113,-0.501767982976364,0.0540133046727939,0.447754678303574
0.2375,-0.7600386686845,-0.144443675416231,0.904482344100746,-0.460081848261016,-0.0322937683545575,0.492375616615571
0.238,-0.655956846342742,-0.293002371649469,0.948959217992226,-0.407066942115875,-0.117805676268078,0.524872618383945
0.2385,-0.535723228942622,-0.434346360541274,0.97006958948391,-0.344028723365049,-0.200416803434036,0.54444552679907
0.239,-0.402298250987912,-0.564995337680443,0.967293588668369,-0.272519362768419,-0.278093011508254,0.550612374276653
0.2395,-0.258967437576937,-0.68173221187991,0.94069964945686,-0.194299665259906,-0.348921648292338,0.543221313552218
0.24,-0.109259931202978,-0.781682607316034,0.890942538519025,-0.111295687100117,-0.411158665875167,0.522454352975255
0.2405,0.0431379115813631,-0.86238537599072,0.819247464409369,-0.02555121060584,-0.463271607193085,0.488822817798891
0.241,0.19447351016365,-0.921853334706292,0.727379824542653,0.060822396967798,-0.503977250901382,0.443154853933548
0.2415,0.341020603669602,-0.958622243141697,0.617601639472103,0.145698365315597,-0.532273308417053,0.386574943101417
0.242,0.479170559259292,-0.971786649418014,0.492616090158727,0.226986764729519,-0.547463033533822,0.320476268804263
0.2425,0.605521793157309,-0.961022470447757,0.355500677290451,0.302685973424234,-0.549172390849886,0.246486417425613
0.243,0.716963073268131,-0.926594726252148,0.209631652984017,0.370932077517933,-0.537359315813837,0.166427238295865
0.2435,0.810750291928872,-0.86935112174776,0.0586008298188884,0.430044580404931,-0.512314658883471,0.0822700784785023
0.244,0.884574226513908,-0.790701246404998,-0.0938729801089125,0.47856796568803,-0.474655119678426,-0.00391284600963908
0.2445,0.936616933399455,-0.692581643032708,-0.244035290366753,0.515307430158913,-0.425308000395307,-0.0899994297636379
0.245,0.96559706308388,-0.577408404583155,-0.388188658500733,0.539358291232126,-0.365488375002475,-0.173869916229677
0.2455,0.970800998557204,-0.448017456376911,-0.522783542180303,0.550128388987392,-0.296669227068138,-0.253459161919276
0.246,0.952100535666892,-0.307594805849629,-0.644505729817273,0.547352479876873,-0.220545087089559,-0.32680739278733
0.2465,0.909956276452368,-0.159598189643436,-0.750358086808944,0.531098940560029,-0.13899039860651,-0.392108541953529
0.247,0.84540580415203,-0.00767169937959809,-0.837734104772445,0.501767995699526,-0.0540133106814923,-0.447754685018038
0.2475,0.760038667687698,0.14444367385598,-0.904482341543692,0.46008183251391,0.0322937763322418,-0.49237560884615
0.248,0.655956874226241,0.293002359150396,-0.948959233376651,0.4070669545083,0.117805669556579,-0.524872624064871
0.2485,0.535723185649396,0.434346381938063,-0.970069567587474,0.344028719298833,0.200416806182243,-0.544445525481062
0.249,0.402298292093348,0.564995316094031,-0.967293608187394,0.272519356937914,0.278093013798789,-0.550612370736684
0.2495,0.25896741522508,0.681732224945115,-0.94069964017021,0.194299678551555,0.34892164192956,-0.54322132048109
0.25,0.109259925941968,0.781682607971108,-0.890942533913089,0.111295671772724,0.411158673708821,-0.522454345481515
0.2505,0.408116079969507,0.408119303318486,-0.816367557804601,-0.446513276026656,0.933832681855516,-0.487234431858661
0.251,0.371935225071474,0.371941047309865,-0.744034857947388,-0.979356080890437,1.42703263178133,-0.447587905263106
0.2515,0.307802562133118,0.307812512687333,-0.615703780763444,-1.79058936109081,2.17491983044321,-0.384235035470319
0.252,0.241246826230227,0.241261216678817,-0.482459779549962,-2.66288085055485,2.98432248974405,-0.321341434655414
0.2525,0.180681317720015,0.180700315450325,-0.361262687347035,-3.57429277716691,3.82453972480937,-0.250154431332923
0.253,0.107364216307337,0.107387793646841,-0.2146642409083,-4.50030243593629,4.66630620417668,-0.165936771841218
0.2535,0.0271839223529786,0.027211996629553,-0.0543693056614814,-5.40844560922123,5.48844395052698,-0.0799643893116356
0.254,-0.0478790047307629,-0.0478466039479559,0.0957366511867278,-6.27024867396532,6.2672233326708,0.00303032626172772
0.2545,-0.121378338223636,-0.121341992695997,0.242768950318648,-7.06350360064767,6.97534725134695,0.088137453492431
0.255,-0.19288164613704,-0.19284187573694,0.385815574026003,-7.76509734381126,7.59031579981985,0.174739972586285
0.2555,-0.261141160102449,-0.261098510171246,0.522337736847515,-8.35092768820455,8.09560980986254,0.25525160547695
0.256,-0.324616924434377,-0.324572036892149,0.64925772865499,-8.80183402552566,8.47573782451648,0.326003947284554
0.2565,-0.374759407433456,-0.374713070168521,0.749510187715551,-9.10572129965696,8.71494412965471,0.390662407308589
0.257,-0.415754324883188,-0.415707354166598,0.831492735384787,-9.25235106927181,8.80308321531333,0.449135544141807
0.2575,-0.454296467495998,-0.454249655207752,0.908593410761137,-9.23173457382717,8.73770936691266,0.493878591711991
0.258,-0.476898840458405,-0.476853030074233,0.953813064815324,-9.04108056116668,8.51741680772993,0.523506538270358
0.2585,-0.481681290527102,-0.481637357559433,0.963369719137488,-8.6853303709023,8.14139069864909,0.543774704472645
0.259,-0.48301067489806,-0.482969416869659,0.966004730962802,-8.16957243916314,7.61687457163242,0.552526497298043
0.2595,-0.473690123809578,-0.473652261640329,0.947346334078097,-7.50085562626722,6.95703773834269,0.543645168788059
0.26,-0.444442440459189,-0.444408674610391,0.888846869786494,-6.69492788638222,6.17372403230213,0.52103731676866
0.2605,-0.407513781838168,-0.407484732898757,0.814992044324417,-5.77121117108435,5.28178348339249,0.489271339950432
0.261,-0.365434953176652,-0.365411089933247,0.730836427776568,-4.74782084246017,4.30319565889632,0.444481344263897
0.2615,-0.309480051505927,-0.309461732725054,0.618922537228052,-3.6469788762424,3.26065654857712,0.386194628807196
0.262,-0.245075074188979,-0.245062573952745,0.490102984493578,-2.49569204188138,2.17578239627025,0.319800869399279
0.2625,-0.177964596234024,-0.177958038922964,0.355875176178259,-1.32037993733911,1.07327301416895,0.247019227356748
0.263,-0.105095707672069,-0.105095048339434,0.21013775199135,-0.146807200836984,-0.020289991173347,0.167033600144789
0.2635,-0.0293430316749757,-0.0293481136163895,0.0586362654505748,0.997850157483516,-1.0798087241415,0.0819211133461127
0.264,0.0465314227929701,0.046520865451416,-0.0931101144288437,2.08619497842501,-2.08177564058279,-0.00443000385981838
0.2645,0.122814652310661,0.122799041038874,-0.245676733941838,3.09292800733473,-3.00321719051939,-0.0896945358655702
0.265,0.194149891313038,0.1941297767763,-0.3883469967985,3.99560169938313,-3.8221374257665,-0.173421926259318
0.2655,0.260015391006003,0.259991397373773,-0.520073984179808,4.77364877686093,-4.51959208169079,-0.253989206639566
0.266,0.323019078750996,0.322991915666691,-0.646075031362922,5.40827746582466,-5.08077412929472,-0.327411521978361
0.2665,0.376240316835216,0.376210792698724,-0.752511164159173,5.88503346862087,-5.49328662868625,-0.391633445353862
0.267,0.417374836407666,0.417343806806573,-0.834773318645054,6.19467574927855,-5.74693521690629,-0.447609019710031
0.2675,0.451997460671787,0.451965788090737,-0.904012040703953,6.33040112211937,-5.83698880676269,-0.493265170782053
0.268,0.475989103354289,0.475957671276002,-0.951990130454334,6.28876416602293,-5.76355009137936,-0.52505481678726
0.2685,0.484399922727834,0.484369622283447,-0.96880521389209,6.0727434123179,-5.52857775628416,-0.543998933100398
0.269,0.482729852648597,0.482701526115346,-0.965456284212746,5.6893467608948,-5.13816524691243,-0.55101095672076
0.2695,0.471359396551462,0.471333820290086,-0.94270744979501,5.14791457869397,-4.60392052936333,-0.543823392092858
0.27,0.44557241077253,0.445550306200979,-0.891127272994492,4.46254425891461,-3.94003091742837,-0.522347454864522
0.2705,0.40894384473876,0.408925849696996,-0.817864258926405,3.6517778122691,-3.16288395334224,-0.488736909206892
0.271,0.364077661597211,0.364064291152714,-0.728126482933995,2.7362464974994,-2.29256735673928,-0.443534600316331
0.2715,0.308876470154552,0.308868120091564,-0.617719419326497,1.73874812486641,-1.35179351877344,-0.386826200281167
0.272,0.24613062245514,0.246127577786384,-0.492223643585631,0.684778025162334,-0.364252145259193,-0.320416730661134
0.2725,0.178086339588293,0.178088747389607,-0.356132092606286,-0.398768717364715,0.645299080059043,-0.246443066351801
0.273,0.104556787138254,0.104564642679213,-0.209071094663306,-1.48463624440696,1.65126359813492,-0.166564294787835
0.2735,0.0291540480471951,0.0291672168493773,-0.058264865299796,-2.54560642796538,2.62810526948179,-0.0824613978097498
0.274,-0.0463074860231449,-0.0462892621705704,0.0926573831338783,-3.55510054846913,3.55104225596359,0.00406931761016369
0.2745,-0.122255487040335,-0.122232603091752,0.244551768527284,-4.48737160764763,4.39711614024474,0.0902394481311498
0.275,-0.19460773581835,-0.194580711124403,0.38925427352251,-5.31881141412077,5.1450810609658,0.173687827128326
0.2755,-0.260706055601617,-0.260675503774758,0.521447371837235,-6.02898918417496,5.7754666400164,0.253454878971273
0.276,-0.322108769614507,-0.322075389918678,0.644247833245515,-6.5997606206902,6.27244862864608,0.327220485239861
0.2765,-0.375905789619733,-0.375870364250885,0.751836728189956,-7.01614261073295,6.62380800739498,0.392221414272253
0.277,-0.418485860534495,-0.418449224183802,0.836991131715211,-7.26785459961963,6.82005692536301,0.44766599790697
0.2775,-0.451824997998365,-0.45178800761646,0.903662701652872,-7.34852365553342,6.85571802397135,0.492658533236205
0.278,-0.475039169224299,-0.4750026954773,0.950084296207644,-7.25533828792008,6.7299601656176,0.525219020323164
0.2785,-0.484973572409965,-0.484938482761585,0.969946324752149,-6.9901892912664,6.44554515838657,0.544477222445009
0.279,-0.483299969696677,-0.483267095022272,0.96659198289338,-6.55964086760139,6.0087400447707,0.550730145498044
0.2795,-0.470638051961577,-0.470608164260471,0.941261248198202,-5.97381465700349,5.43011519688165,0.543529072137583
0.28,-0.445485306484513,-0.445459111635647,0.89094929756964,-5.24660454324928,4.72381818697861,0.522620630808784
0.2805,-0.409461349588084,-0.409439468167652,0.818895315667884,-4.39582507948127,3.9067331619108,0.488934885262755
0.281,-0.363908681065503,-0.363891622123118,0.72778470222161,-3.44213089675934,2.99870539165023,0.443280933608599
0.2815,-0.30874888515918,-0.308737039100479,0.61746058968577,-2.40869659033673,2.02186258101189,0.386705615381197
0.282,-0.246162661376063,-0.246156297774457,0.492284290557273,-1.32073477034578,0.999979852612845,0.320645812838954
0.2825,-0.17806879518158,-0.178068049420858,0.356093880894829,-0.204680639598159,-0.0419124733601423,0.246505848158029
0.283,-0.104778290665196,-0.104783155719894,0.209511351452822,0.912072037413402,-1.07853343647727,0.166398297487278
0.2835,-0.0290234861563041,-0.0290338194662561,0.0580010534146982,2.00220080584287,-2.08461985385631,0.0823816633386153
0.284,0.046580047313531,0.0465645170263556,-0.0932054803265318,3.03927823085171,-3.03539863742341,-0.00389052074794635
0.2845,0.121928721225586,0.121908395194054,-0.243901036477632,3.9978944207092,-3.90772613775387,-0.0901523286497102
0.285,0.194442120416032,0.194417520498693,-0.388925230779789,4.8544594701205,-4.68048233249921,-0.17393465609034
0.2855,0.261156012833914,0.261127761225934,-0.52234937405041,5.58819312181792,-5.33468309434231,-0.253442241796388
0.286,0.322060500700101,0.322029306987857,-0.644153624493899,6.1813321168798,-5.8542529417862,-0.326987636381733
0.2865,0.375451022229702,0.375417671241576,-0.750929336380397,6.61921113076653,-6.22677825108917,-0.392319784161366
0.287,0.418797406575938,0.418762736214251,-0.837616119925472,6.89119432499969,-6.44324335540126,-0.447819252168099
0.2875,0.452050308879598,0.452015185280571,-0.90411526070044,6.99094257418652,-6.4982480308835,-0.49254737985305
0.288,0.474642601023219,0.474607900794838,-0.949292973092498,6.91598748124818,-6.39072333203757,-0.525105082047597
0.2885,0.485043557520996,0.485010149780361,-0.970087892187896,6.6682612041773,-6.12348961741957,-0.544604653518375
0.289,0.483506371438316,0.483475091383336,-0.967006345274699,6.25409988249736,-5.70313680998593,-0.550792368699133
0.2895,0.470492470923961,0.470464098106036,-0.940971607127003,5.68375860201351,-5.14019182210541,-0.543396406340596
0.29,0.44547292711212,0.445448171031534,-0.890926018282744,4.97140632300274,-4.44861254600928,-0.522628024946102
0.2905,0.409500419914272,0.409479901969298,-0.818974875657919,4.13468992736659,-3.64553183964254,-0.489001049955848
0.291,0.363877825572226,0.363862060378068,-0.727724239596461,3.19428118971704,-2.7508547373443,-0.44328189948829
0.2915,0.308800150361838,0.308789533791837,-0.617564286743722,2.17346843474881,-1.78666820234143,-0.386671808027235
0.292,0.246166780350492,0.246161583287687,-0.492293745727376,1.09749320870491,-0.776787686084884,-0.320596387927343
0.2925,0.177944985024281,0.177945345029159,-0.355847401377462,-0.00711282000500012,0.253787225692365,-0.246587168690121
0.293,0.104864443133157,0.104870357970152,-0.209684655504819,-1.11309367570887,1.2795754028279,-0.166418621570753
0.2935,0.0291550250472754,0.0291663559291,-0.0582651367360043,-2.19302991110277,2.27535145408551,-0.0822841169430297
0.294,-0.0468103615689355,-0.0467938853972478,0.0936651362874165,-3.22031757144649,3.2164626314135,0.00386584606651484
0.2945,-0.121905283797779,-0.121884061076385,0.243853297930627,-4.16968065565965,4.07957807942216,0.0900866238500332
0.295,-0.19421488293089,-0.19418943083482,0.38846989091154,-5.01752877235143,4.84352766431203,0.173958659322828
0.2955,-0.261348038909681,-0.261318978245381,0.522732605318605,-5.7429701636102,5.48939074185088,0.253511611702602
0.296,-0.322117101283903,-0.322085140727858,0.644266088481609,-6.32815984204895,6.00112799150815,0.326940322298523
0.2965,-0.375276232607456,-0.375242153979954,0.75057899855173,-6.75854546681184,6.36616956167711,0.39226283985747
0.297,-0.418856669214828,-0.418821307443267,0.83773393721657,-7.02349288057136,6.57545706397762,0.447904076686526
0.2975,-0.452129381364204,-0.452093601561142,0.904272804231574,-7.1164502026443,6.62376408335663,0.492538954525415
0.298,-0.474575783267369,-0.474540461311225,0.949158713477485,-7.03507559747979,6.50985815304126,0.525058408388698
0.2985,-0.485020363985933,-0.484986365767325,0.970040858923518,-6.78131150798407,6.23651427049453,0.54463030212603
0.299,-0.483570995944079,-0.483539154777368,0.967135051953737,-6.36137321052885,5.81040993435952,0.550792550414676
0.2995,-0.470450362178152,-0.470421457532429,0.940886899181224,-5.78556989641695,5.24198636191159,0.543413182720955
0.3,-0.445469185753982,-0.445443925243466,0.890918001788565,-5.06800642209221,4.54523557111945,0.522605114522119
0.3005,-0.409564646095188,-0.409543648961268,0.819102832264878,-4.22636868964276,3.73722294916362,0.488988683925762
0.301,-0.363777390490104,-0.363761170232144,0.727522932474691,-3.28130907412495,2.83784593031839,0.44331860321271
0.3015,-0.308845639541923,-0.308834591669677,0.617654839028388,-2.25603521090459,1.86924654535686,0.386660243705968
0.302,-0.246245962246022,-0.246240356074708,0.492451706145308,-1.17584882658674,0.855155749494029,0.320583939294718
0.3025,-0.177812752959734,-0.177812723943842,0.355582526215919,-0.0672491652645439,-0.179417523550308,0.2465794717385
0.303,-0.104906105060826,-0.104911650953652,0.209767599775143,1.04250515642612,-1.20901668361539,0.166448406471717
0.3035,-0.029234717713368,-0.0292456989314494,0.0584242149679279,2.12605446313683,-2.20837734970626,0.0822854560004256
0.304,0.0468906258307906,0.0468744818275519,-0.0938260009100156,3.15678321184216,-3.15287808455104,-0.00391600684236229
0.3045,0.121921720383062,0.121900813125352,-0.243886533485423,4.10933914056146,-4.01928301119472,-0.0900401806697379
0.305,0.19415081503388,0.194125662159015,-0.388342036688225,4.96028342657763,-4.78628818920722,-0.173952806751289
0.3055,0.261352155639722,0.261323378571431,-0.52274107949781,5.68866555180285,-5.43504859095916,-0.25354913932845
0.306,0.322185144159397,0.322153453128674,-0.644402473029453,6.276594912396,-5.94958650983553,-0.326916852710297
0.3065,0.375217929399474,0.375184106783058,-0.750462679679585,6.70962268837799,-6.31724375467449,-0.392265886608924
0.307,0.418842363093504,0.418807243743263,-0.837705531062568,6.97706070291598,-6.52903036357227,-0.447898606259105
0.3075,0.452198652166234,0.452163102578364,-0.904411564270566,7.07239294982408,-6.57969771938747,-0.492548042776706
0.308,0.474507635177941,0.474472531949356,-0.94902266148584,6.99326317901077,-6.46804074531259,-0.525063404638751
0.3085,0.485043107919162,0.48500931718556,-0.970086558287366,6.74161879494951,-6.19684179105669,-0.544610069850035
0.309,0.48360600707994,0.483574362639161,-0.96720526268997,6.32372306464167,-5.77274204976345,-0.550810285658084
0.3095,0.47038290802858,0.470354190076223,-0.940752161763199,5.74982661779655,-5.20625239041538,-0.543403880721923
0.31,0.445513983997459,0.44548890103576,-0.891007783669877,5.03409382213154,-4.51131584405422,-0.522612227213076
0.3105,0.409576621089804,0.409555792166176,-0.819126975311945,4.1941820742629,-3.70503629075388,-0.488988730403354
0.311,0.363736819782859,0.363720758996831,-0.727441933502716,3.25075302679582,-2.80731136548674,-0.443297131533402
0.3115,0.308857233193851,0.308846337008866,-0.617678155303483,2.22706515833025,-1.84024125076388,-0.386695475698884
0.312,0.246271208568474,0.246265746252402,-0.492502364423439,1.14832991343312,-0.827655720258294,-0.320565046183604
0.3125,0.17780228186103,0.177802389286304,-0.355561740365849,0.0411358860455107,0.205517541355657,-0.24656621790921
0.313,0.104865750636244,0.104871425954909,-0.209686992836032,-1.06726708651031,1.23380547694617,-0.166475279549956
0.3135,0.0292903073374896,0.0293014115471538,-0.0585355049417197,-2.14957458959537,2.23188114856085,-0.0822691105994602
0.314,-0.0468985758025667,-0.0468823150122405,0.0938417534861135,-3.17909377890498,3.17519349673495,0.00391116319783059
0.3145,-0.121974422228533,-0.121953404465229,0.243991828592209,-4.13051700039653,4.04045546582514,0.0900455706903163
0.315,-0.194085609493987,-0.194060351513004,0.388211539775089,-4.98037639129897,4.8063859198364,0.173948052367144
0.3155,-0.261378977514539,-0.26135010062363,0.522794618894128,-5.70773247997031,5.45412286697255,0.253541791944241
0.316,-0.322205503617471,-0.322173718033561,0.644443090497646,-6.29470338539215,5.96767426187732,0.326937572248326
0.3165,-0.375177214407216,-0.375143302000225,0.750381154148187,-6.72678738979054,6.3344294818841,0.392244864522786
0.317,-0.418873267334578,-0.418838062791945,0.837767263305778,-6.99336506281142,6.54532476072138,0.447908561662597
0.3175,-0.452190887284485,-0.452155256697831,0.90439596310904,-7.08786289475299,6.59516418482344,0.492551529167809
0.318,-0.474500505842255,-0.47446532590861,0.949008312302642,-7.0079349389503,6.48272781920805,0.525048094097778
0.3185,-0.485047056891916,-0.485013193420792,0.970094376453744,-6.75556132701604,6.21076096341473,0.544633424634251
0.319,-0.483611604389757,-0.48357989066313,0.967216401900416,-6.33693339055959,5.78597264378893,0.550790015707865
0.3195,-0.470384508522935,-0.47035572501128,0.940755304645598,-5.76237497047466,5.21879662484295,0.543408003472447
0.32,-0.445486909083876,-0.445461763894821,0.890953553804594,-5.04600710222531,4.52321557538172,0.522625782668664
0.3205,-0.409618034986857,-0.409597146958928,0.819209741226535,-4.2054719380446,3.71634511368134,0.488969759385278
0.321,-0.363718744054976,-0.363702627188436,0.727405745385075,-3.26148289731253,2.8180277803289,0.443310590451845
0.3215,-0.308829555178322,-0.308818605707997,0.617622739091595,-2.23723755886259,1.85042150002579,0.386687636524536
0.322,-0.246324112211037,-0.246318599512341,0.492608111889361,-1.15798992591189,0.837310491121161,0.320570278317014
0.3225,-0.177766519112012,-0.177766578549175,0.355490172375459,-0.0503015311295218,-0.196353344516069,0.246567670072022
0.323,-0.10486374990214,-0.104869379665671,0.209682947974877,1.05857637940689,-1.22510105718546,0.166461566956982
0.3235,-0.0293159429751691,-0.0293270041207469,0.0585867362610406,2.14130960007086,-2.2236380613642,0.0822910115200622
0.324,0.0469227017059025,0.0469064819377938,-0.0938900525683185,3.17126918893924,-3.16735182561872,-0.00392823877586929
0.3245,0.121961853777883,0.121940874875931,-0.243966734120912,4.12308205009538,-4.03302304305336,-0.0900430486566878
0.325,0.194092372689108,0.194067151637561,-0.388225094704339,4.97331588069648,-4.7993372067896,-0.173936253581044
0.3255,0.261371315429296,0.261342473545549,-0.522779327939406,5.70104720993771,-5.44741840148431,-0.253560985571592
0.326,0.322210910453939,0.322179158033692,-0.644453944379804,6.28834068656505,-5.96133002366127,-0.326919110136825
0.3265,0.375184184609762,0.375150303857769,-0.75039513031041,6.72076305541927,-6.32839485896515,-0.39225515441706
0.327,0.418848159341947,0.418812984663549,-0.837717065992303,6.98764407601751,-6.53960172673832,-0.447910613673838
0.3275,0.452224632076907,0.452189029873696,-0.904463480772984,7.08242647479476,-6.58974016241381,-0.492539122027682
0.328,0.47448046110507,0.474445308186126,-0.948968261912952,7.00278957073455,-6.47756656425097,-0.525063984674553
0.3285,0.485036053578275,0.485002215642227,-0.970072388775219,6.75066406705344,-6.20587717798672,-0.544619954581456
0.329,0.483647776845615,0.483616087448754,-0.967288767413068,6.33229648674757,-5.78132727850293,-0.550798469811487
0.3295,0.470348766705424,0.470320006172013,-0.940683847100621,5.75796982359466,-5.2143928442289,-0.543406641798935
0.33,0.445500200322529,0.445475077028259,-0.890980158804074,5.04182290574873,-4.51904004836408,-0.522617110471189
0.3305,0.409627540475741,0.409606673250031,-0.81922877596894,4.20151416136532,-3.71236946402922,-0.488987632594206
0.331,0.363701218956407,0.363685121686271,-0.727370709384132,3.25770891361484,-2.81427289621086,-0.443291494092314
0.3315,0.30884424142399,0.30883331071663,-0.617652129411693,2.2336699094739,-1.84684420999067,-0.386697271979507
0.332,0.246311351005734,0.246305856025846,-0.492582612482524,1.15460196614148,-0.833917861703994,-0.320574950570341
0.3325,0.177780451730201,0.177780527987506,-0.355518054621066,0.0470764998938219,0.199563131863028,-0.246552425343161
0.333,0.104853566211981,0.104859211981731,-0.209662592791031,-1.06162082987379,1.22816328712211,-0.166479348065967
0.3335,0.0293120136712322,0.0293230899169432,-0.0585788896796696,-2.14421389594514,2.22652904074022,-0.082277693781669
0.334,-0.0469006152472322,-0.0468843810111902,0.093845856937026,-3.17401672275736,3.17010404178438,0.0039235605455686
0.3345,-0.121992900373676,-0.121971907865655,0.244028814634979,-4.12568915997316,4.03563522797463,0.0900379658058887
0.335,-0.194070180740399,-0.194044946750786,0.388180705899752,-4.9757988113147,4.80180741732743,0.173948978538174
0.3355,-0.26137090909105,-0.261342054840236,0.522778497126541,-5.70338972605478,5.44977644520863,0.253545459709954
0.336,-0.3222333436101,-0.322201579588531,0.644498798038858,-6.29057751726478,5.96355405163071,0.326931908145789
0.3365,-0.375154193547458,-0.375120301672376,0.750335138363698,-6.72287698986047,6.33051430537148,0.392249646973605
0.337,-0.418868865764701,-0.418833680599473,0.8377584691987,-6.98965061461035,6.54161269129439,0.447906184030732
0.3375,-0.45222036171626,-0.452184749543804,0.904454932269483,-7.08433970151686,6.59163956952068,0.492552943997764
0.338,-0.474472557043502,-0.474437394605533,0.948952439223288,-7.00458968206457,6.47938466469102,0.525045996801358
0.3385,-0.485049110694677,-0.485015263855762,0.970098495236543,-6.75238776729392,6.20758718177271,0.544633647161158
0.339,-0.483632221979596,-0.483600523991968,0.967257652168008,-6.33392448708124,5.7829578833004,0.550795868907294
0.3395,-0.470366249589975,-0.470337480976382,0.940718804228822,-5.75951148042238,5.21594362267219,0.543397518039293
0.34,-0.445485878196174,-0.445460747257331,0.890951504771853,-5.04329810113842,4.52049959203605,0.522632764634978
0.3405,-0.409629334378698,-0.409608459809229,0.819232354246168,-4.20289912000673,3.71376958987942,0.488972463895122
0.341,-0.363717200513744,-0.363701096387249,0.72740267215664,-3.25903513111285,2.81558974012685,0.443300865044926
0.3415,-0.308816599136859,-0.308805661813696,0.617596836070234,-2.23492362351956,1.84809877658687,0.38669642601321
0.342,-0.246335835392639,-0.246330334204047,0.492631570011166,-1.15578822065075,0.835111980196058,0.320567081292691
0.3425,-0.177772396973797,-0.177772467349558,0.355501944273524,-0.0482129980154197,-0.198440642195488,0.246566434483223
0.343,-0.104842261152789,-0.104847901242618,0.209639976408242,1.0605564257842,-1.22708389859487,0.166464366345934
0.3435,-0.0293347921907368,-0.0293458631824294,0.0586244412716327,2.14319169166772,-2.22551677335825,0.0822876271071721
0.344,0.0469228181577541,0.0469065890135729,-0.093890269031186,3.17305163294164,-3.16913840614459,-0.00392410236779702
0.3445,0.121979792089714,0.121958804377172,-0.244002603921709,4.12477775375088,-4.03471436446713,-0.090047426519733
0.345,0.194072045486257,0.194046816014714,-0.388184435743874,4.97492151407984,-4.80094587994331,-0.173933217834839
0.3455,0.261378516622009,0.261349666747947,-0.52279371902509,5.70257227747782,-5.44894372959142,-0.253560724420457
0.346,0.322218526577155,0.322186766588458,-0.644469169049817,6.28979051668144,-5.96277503676189,-0.326923925782742
0.3465,0.375173367505876,0.375139479564791,-0.750373489654388,6.72213261403809,-6.32977252344973,-0.3922470499888
0.347,0.418851224126268,0.418816042655076,-0.837723188519454,6.98895113837355,-6.54090179511926,-0.447917606990785
0.3475,0.452227819422745,0.452192210706964,-0.904469849590121,7.08366300090421,-6.59097781855301,-0.492537992158467
0.348,0.474481267871609,0.474446108823449,-0.948969869366166,7.00396087119573,-6.47874327717211,-0.525058572173436
0.3485,0.485026832691913,0.484992988952538,-0.970053939402017,6.75178212060753,-6.206987402805,-0.54462778443808
0.349,0.483656965533048,0.483625270569811,-0.967307139771622,6.33335110687081,-5.78238730755555,-0.550793059070542
0.3495,0.470351594606981,0.470322828840496,-0.940689501092789,5.7589739952287,-5.21539548697382,-0.543408170891744
0.35,0.445484326500115,0.445459198215661,-0.890948402472142,5.04277562089319,-4.51999181175148,-0.522618065364555
0.3505,0.409644288953779,0.409623417009784,-0.819262266719225,4.20241669565435,-3.71327429098751,-0.488985335973791
0.351,0.363696937992399,0.363680836235559,-0.727362148024641,3.25856844636387,-2.8151285597974,-0.443295364223945
0.3515,0.308834089440342,0.30882315444701,-0.617631818893636,2.23448115490519,-1.8476606958822,-0.386692034134533
0.352,0.246326267994543,0.246320769011747,-0.492612440417812,1.15537662143965,-0.834687932917742,-0.32057953164394
0.3525,0.164991940571494,0.189327699535347,-0.354219737261394,0.0570798781357204,0.188440547139872,-0.245470540791956
0.353,-0.63747856604177,0.874750028195333,-0.237171681963413,-0.215462301832729,0.390025531545053,-0.174527028720362
0.3535,-0.911063238658148,0.965360345612078,-0.0542421647223114,-0.344413812505622,0.423555515094173,-0.0791224511386795
0.354,-0.759245562754534,0.649805397319351,0.109428604391249,-0.413738055849966,0.411917128151704,0.00182574306620538
0.3545,-0.894960313781134,0.661335241150741,0.233587095307906,-0.502985978938587,0.418866593694549,0.0841176390094901
0.355,-1.05937701040362,0.678556402548344,0.380805332746427,-0.541078091638933,0.366088917791799,0.174988346202555
0.3555,-0.908789901205128,0.378748958145073,0.530059052191755,-0.539137925408243,0.282125451886462,0.257014831489329
0.356,-0.935252668581643,0.288295951634495,0.646981997518525,-0.542712653751047,0.217598575665226,0.325117383312496
0.3565,-0.978560901554314,0.230413302725213,0.74815296409209,-0.530049968135892,0.14084051264912,0.389211060481736
0.357,-0.7783891357154,-0.0557627292973346,0.834136578638966,-0.50477527334779,0.0555259477789185,0.449248957088895
0.3575,-0.756833436457124,-0.147206611089897,0.904024357451163,-0.465961010433975,-0.0290199476313015,0.494980207591351
0.358,-0.739806100714856,-0.216706785051239,0.956513216957412,-0.397916836189092,-0.125330515606676,0.523247515387948
0.3585,-0.459142247823853,-0.50908076221044,0.968236441626777,-0.340405466063059,-0.201660749817436,0.542067047393137
0.359,-0.374123981993953,-0.583414844665217,0.957550019331199,-0.287890724952968,-0.264853917191385,0.552744984436369
0.3595,-0.364180084611532,-0.583709756240192,0.947888650861418,-0.19105228202733,-0.354158914948659,0.545210463612246
0.36,-0.0570949210720651,-0.841072185912072,0.8981572278789,-0.0972839477000596,-0.422596926974646,0.519879703599059
0.3605,0.107362789776411,-0.915472854856548,0.808102381385576,-0.0373823666020694,-0.450283201022622,0.487665048328459
0.361,0.0991394052070656,-0.82522189489861,0.726083257883224,0.0529657829348717,-0.498969243765203,0.446003947176865
0.3615,0.351738250297432,-0.980009641472234,0.628277722807655,0.159533230952113,-0.546316012771226,0.38678363805389
0.362,0.553546432345804,-1.04209118200113,0.488549609555112,0.225590224776,-0.543546369946634,0.317956535107715
0.3625,0.542653626943473,-0.891645872658636,0.348991827963058,0.292003932917788,-0.539144395113746,0.247140144521366
0.363,0.704169998303652,-0.919756968449551,0.215583221822654,0.376641872334002,-0.544926001481356,0.168283491747132
0.3635,0.870235972372934,-0.930517364466137,0.0602787180820946,0.433370768238708,-0.514727418000749,0.0813562093760281
0.364,0.844997155719549,-0.746978860637741,-0.0980177417635275,0.473343351875595,-0.468280279542042,-0.00506309789076127
0.3645,0.924116091626914,-0.680961007585551,-0.243152846090376,0.51612661444225,-0.426958630072603,-0.0891677520329107
0.365,1.01208099574029,-0.624639064953619,-0.387440764436989,0.539547105418006,-0.366522822067016,-0.173024108619187
0.3655,0.934673174044471,-0.411858473659547,-0.522815496977413,0.549078142074579,-0.294993136384986,-0.254085056942954
0.366,0.942267209752121,-0.298960160526698,-0.643308436633844,0.550305185431425,-0.222755373590726,-0.327549986757618
0.3665,0.958724853226594,-0.205682050736794,-0.753043171768477,0.528006259804691,-0.136511290040211,-0.391495074651141
0.367,0.809135017265597,0.028697546319321,-0.837831761985401,0.498776350807528,-0.0518124949996884,-0.446963850946256
0.3675,0.740500024302503,0.159682674077856,-0.900181767713693,0.466324889678715,0.0267858630344425,-0.493110750569742
0.368,0.710739651796103,0.2410056213716,-0.951745129609419,0.405868777788131,0.119712731103498,-0.525581581406811
0.3685,0.510729602488688,0.462598226838904,-0.97332846778892,0.337228809411211,0.206181558212973,-0.543410465682106
0.369,0.368207313021326,0.594159075839688,-0.962367100756141,0.277697962039684,0.272496498088331,-0.550194514072487
0.3695,0.308997587443229,0.631290548076078,-0.940288258050207,0.197395200134126,0.346989496105308,-0.544384698482901
0.37,0.102604553274037,0.793205420420479,-0.89580948672942,0.104281658134224,0.418090172810385,-0.522371810429604
0.3705,-0.0827688231879813,0.899667678853373,-0.816898328002286,0.0267273739320011,0.461088950063744,-0.487816312885338
0.371,-0.158439270604328,0.883049385061572,-0.724610056028806,-0.0561393820618057,0.499698864959439,-0.443559514316078
0.3715,-0.335324225064476,0.956319579083892,-0.620995695767773,-0.14964211551792,0.536855557204169,-0.387213520344996
0.372,-0.513990526447324,1.0066652628572,-0.492675029953758,-0.228146765854438,0.548127345338196,-0.319980655113575
0.3725,-0.581246337675799,0.934521228130512,-0.353274883122698,-0.299690829754154,0.54581974344376,-0.24612893433144
0.373,-0.70855952847193,0.919532205883355,-0.210972500749143,-0.372564496471889,0.539391542330044,-0.166827028088878
0.3735,-0.839773751708475,0.89847032422726,-0.0586964514339194,-0.430541786585144,0.512984704658268,-0.0824429173549886
0.374,-0.864714268701262,0.770179181892309,0.09453508182673,-0.477209806364712,0.473031264539977,0.00417851222169676
0.3745,-0.927903606242343,0.684912934955012,0.242990591316479,-0.517242792107399,0.427074801446379,0.0901679603970125
0.375,-0.993808944996978,0.604654372942738,0.389154496962749,-0.538728393273883,0.365014040842925,0.173714333330113
0.3755,-0.953142602999076,0.429859223705144,0.52328338220915,-0.54827726729414,0.29508171583038,0.253195529998977
0.376,-0.939264943790791,0.296720268685152,0.642544757441492,-0.550336434752621,0.223280490450177,0.327055921295703
0.3765,-0.93914795730889,0.187825424317342,0.751322593039214,-0.531057494907793,0.138648479383648,0.392409003725313
0.377,-0.833542474294625,-0.00584605470609371,0.839388485658141,-0.498568984168178,0.051230475792494,0.447338500335416
0.3775,-0.741168965361619,-0.161081706678996,0.902250587350851,-0.46265504211104,-0.0295916251258202,0.49224664756985
0.378,-0.682534731646702,-0.266174732384804,0.948709450741164,-0.408640554298229,-0.116712502602434,0.525353034973152
0.3785,-0.532273466132772,-0.440184057104686,0.972457579485551,-0.340688533225658,-0.203684593555206,0.544373119976575
0.379,-0.380669076923384,-0.585286835280236,0.965955950120459,-0.273456928122635,-0.276770280520281,0.550227207363839
0.3795,-0.279232524124224,-0.660252336869061,0.939484851664396,-0.196657060590892,-0.346774842385139,0.543431887549832
0.38,-0.112103040550544,-0.780726523919197,0.892829548313123,-0.109113051646193,-0.413594616332525,0.522707645107721
0.3805,0.0631511392293295,-0.882079125201694,0.818927977979686,-0.0253182206803505,-0.463246128184402,0.488564337659865
0.381,0.180215688627265,-0.906486527384976,0.726270824276529,0.05894302975625,-0.5020135015353,0.443070468878221
0.3815,0.335764246230512,-0.954344900392222,0.618580648356168,0.14686241560283,-0.533648869024271,0.386786443656722
0.382,0.496485075554938,-0.98904414484149,0.492559092402227,0.227221912096062,-0.547678377236447,0.32045645175788
0.3825,0.594646287304455,-0.949569775711651,0.354923510460173,0.301452336585987,-0.54786835343843,0.246416011425006
0.383,0.710738987805709,-0.92105672657425,0.210317724245723,0.372021698748618,-0.538433290827496,0.166411588955627
0.3835,0.826936431595888,-0.885257365201329,0.0583209083872553,0.429935101998433,-0.512224057430209,0.082288943651312
0.384,0.875872015931407,-0.78146946971449,-0.094402540148341,0.477292170152996,-0.473493453142228,-0.00379873047358958
0.3845,0.928412450382382,-0.68535028381662,-0.243062145390919,0.516674358005601,-0.426588175395158,-0.0900861863340151
0.385,0.981471462632128,-0.593013421197599,-0.388458043671196,0.539462459297946,-0.365482915270433,-0.17397954468217
0.3855,0.965193467071618,-0.441453888260747,-0.523739594333202,0.548443429854316,-0.295146352776484,-0.25329708586451
0.386,0.941358281731949,-0.297966305816957,-0.643391973597845,0.548505313597811,-0.221747080011761,-0.326758244555182
0.3865,0.924294518146618,-0.174066208401422,-0.750228298850549,0.531857584404023,-0.139569382994268,-0.392288204323591
0.387,0.843748587548331,-0.00481195895392001,-0.838936633545737,0.50003912104317,-0.0523073820221227,-0.447731739544836
0.3875,0.748088328480145,0.155634584171699,-0.903722921453052,0.460547640807258,0.0316486603426429,-0.49219630862057
0.388,0.6672126654331,0.281239762603848,-0.948452419745608,0.408229860804844,0.116751441494602,-0.524981311278217
0.3885,0.537280039882324,0.433754751804262,-0.9710347816831,0.342738522797125,0.201811394056763,-0.544549918960792
0.389,0.390975538156683,0.576071840104416,-0.967047387366988,0.27244659985206,0.278010548380641,-0.550457148868896
0.3895,0.267031016155909,0.673098737134671,-0.940129764976161,0.195352211291773,0.347880255519345,-0.543232473517961
0.39,0.112518038316172,0.779009691415163,-0.891527722392086,0.110460646070113,0.412077497627593,-0.522538150995283
0.3905,-0.0532123131543403,0.872449358832374,-0.819237034447763,0.0253933902199025,0.463382400950861,-0.488775792152618
0.391,-0.188601782334421,0.915519713590085,-0.726917937009056,-0.0600386360203846,0.503188298682146,-0.44314966289829
0.3915,-0.336868951048279,0.954938260088296,-0.618069318561055,-0.146382931573915,0.532951785511251,-0.386568859973922
0.392,-0.488468223911339,0.981022593544782,-0.49255436431943,-0.227063021091394,0.547541587911363,-0.320478573276741
0.3925,-0.601153045016611,0.95621344821544,-0.355060395392261,-0.301951666867097,0.548469826203297,-0.246518160114078
0.393,-0.711843959463022,0.922046306066817,-0.210202352477392,-0.371616792099629,0.538019951318923,-0.166403159438229
0.3935,-0.819538949775094,0.878036583875276,-0.0584976412500841,-0.430232748713611,0.512464642125097,-0.0822318986298036
0.394,-0.881863344387785,0.787465995169383,0.0943973552296062,-0.477706316350619,0.473832990392317,0.00387332065418917
0.3945,-0.930488799196222,0.687029092261273,0.243459713497194,-0.515859984070042,0.425903608597893,0.0899563750832984
0.395,-0.973372540997963,0.585222408759192,0.388150126056781,-0.539826034960513,0.365868881813677,0.17395715287193
0.3955,-0.970059546630374,0.446715288926032,0.523344251343694,-0.549236738072775,0.295781329247231,0.253455404119397
0.396,-0.945489015429086,0.301341243072829,0.644147778245665,-0.547622681064133,0.220910778088715,0.326711898512373
0.3965,-0.916083790158223,0.165981645190895,0.750102150898318,-0.531742198572818,0.13955603116887,0.392186167324662
0.397,-0.846398195044005,0.00817688553522089,0.838221303901089,-0.501047543745457,0.053266741305331,0.447780802212645
0.3975,-0.753645037148365,-0.150732279937942,0.904377311587733,-0.460112302746459,-0.0321920526658625,0.492304351265826
0.398,-0.660397243777653,-0.288197248913391,0.948594497913744,-0.407666116485677,-0.117233069736024,0.524899182536754
0.3985,-0.53779179746977,-0.432668489492003,0.97046029183615,-0.343537170749992,-0.200931165314748,0.544468336273446
0.399,-0.39644559121867,-0.570829767797912,0.967275354005354,-0.272457442741248,-0.278139793230967,0.55059723585572
0.3995,-0.262165615810897,-0.678205687144419,0.94037129869608,-0.194779891347394,-0.348432429190378,0.543212316978601
0.4,-0.111891506699779,-0.779396466390613,0.89128797810207,-0.110935311682875,-0.411530455404044,0.52246576412899
0.4005,0.0484868865162491,-0.867671829810976,0.819184947241297,-0.0254610716072113,-0.463361272644584,0.488822344702527
0.401,0.192195100622518,-0.919320940459641,0.727125835041626,0.0603702492293047,-0.503520006783982,0.44314975753346
0.4015,0.337964137559548,-0.955881073561009,0.617916932495461,0.146017719380594,-0.532611860405482,0.386594138012847
0.402,0.484021857589871,-0.976577953450307,0.492556100615014,0.227148684387531,-0.547592001994839,0.320443315327105
0.4025,0.604212584549783,-0.959472842615596,0.355260261414979,0.302185636931538,-0.548687164355984,0.246501528124303
0.403,0.713492037263282,-0.923364000177152,0.209871958530287,0.371197478050296,-0.53765989894326,0.166462420990525
0.4035,0.814918646286228,-0.873579669107117,0.0586610199547517,0.430310351951486,-0.512522850798965,0.0822124963206087
0.404,0.884349903180439,-0.79019385574763,-0.0941560430883463,0.478068619736278,-0.474175484542914,-0.0038931369248762
0.4045,0.932893897994246,-0.68899927358913,-0.243894621692512,0.515459242912777,-0.425494076116478,-0.0899651659382486
0.405,0.968907337575167,-0.580911855808969,-0.387995485776313,0.53968109804343,-0.365772760493043,-0.173908337382064
0.4055,0.971506165890371,-0.448412151316814,-0.523094016859603,0.549729779973462,-0.296272646321149,-0.253457135778937
0.406,0.948425583001557,-0.30400122972165,-0.644424349322129,0.547376344700347,-0.220587266601178,-0.326789079403851
0.4065,0.912432019275265,-0.162292750997539,-0.750139266156598,0.531410722605572,-0.139302580820019,-0.392108140863654
0.407,0.846673669889478,-0.00866596475338826,-0.838007708854678,0.501496922313768,-0.0537219761772465,-0.447774945974135
0.4075,0.756656441867106,0.147756056067825,-0.904412499766105,0.460021206919606,0.0323428872615957,-0.492364096024911
0.408,0.657740807676616,0.291065307759691,-0.94880611184394,0.407352000750476,0.11750633400314,-0.524858335771875
0.4085,0.537276104520484,0.43298364731708,-0.970259750204442,0.343827954197213,0.200645322221805,-0.544473275536283
0.409,0.399296738396196,0.567949903659622,-0.967246645499734,0.272423354472418,0.278166540665396,-0.550589895060979
0.4095,0.260140000256072,0.680450783949934,-0.940590785689877,0.194582478353028,0.348643191458654,-0.543225671483
0.41,0.111041502636961,0.780018918593026,-0.89106041801954,0.111112534204965,0.411359394531578,-0.522471929591364
0.4105,-0.0457659692430227,0.865034843749352,-0.819268873293564,0.0254367879578744,0.463354166798771,-0.488790953991832
0.411,-0.193914648839355,0.921149237771648,-0.727234592090984,-0.0605380398463569,0.503715674670966,-0.443177634882823
0.4115,-0.338995910422423,0.956692301720615,-0.617696392466377,-0.145851936852819,0.53243065123568,-0.386578715953908
0.412,-0.481426849383786,0.974135096715517,-0.492708244463566,-0.22712637296102,0.547581013119057,-0.320454640928284
0.4125,-0.605535620921284,0.960831465173465,-0.355295843387206,-0.302432676889847,0.548932674583416,-0.246499997083683
0.413,-0.714796948174371,0.924532571636875,-0.209735626341509,-0.371012197909781,0.537441649073784,-0.166429451367095
0.4135,-0.812599196720614,0.871306245881576,-0.0587070500472887,-0.430213769967767,0.51248240980132,-0.0822686413287248
0.414,-0.885016485266852,0.790943057602216,0.0940734302433343,-0.478372360530349,0.474446680021134,0.0039256798017065
0.4145,-0.934517136360179,0.690577284053582,0.243939852913932,-0.515304231342014,0.425319111090065,0.0899851207256449
0.415,-0.966997762492986,0.578881599605605,0.388116160301,-0.539547089593903,0.365682136623057,0.173864952663328
0.4155,-0.971513161000769,0.448603128459437,0.52291003191462,-0.549979717774863,0.296495024860393,0.253484691519807
0.416,-0.950223661149399,0.305760682151372,0.644462981333845,-0.547303953872706,0.220522058856458,0.32678189439645
0.4165,-0.910903598026029,0.160601876650257,0.750301721800631,-0.53128784230889,0.139172043543516,0.392115799161385
0.417,-0.846314710897381,0.00852192654054082,0.837792782072195,-0.501640322467697,0.0538728780213904,0.447767444108148
0.4175,-0.758399039626033,-0.146108505125557,0.90450754436581,-0.460029284476612,-0.0323248095143638,0.492354092751743
0.418,-0.656497470653736,-0.292370776466993,0.948868249250861,-0.407237560637285,-0.117652847230613,0.524890407386654
0.4185,-0.536815174358253,-0.433310054112026,0.970125228765143,-0.343919600742991,-0.200520039080647,0.544439640216863
0.419,-0.400838563704819,-0.566511475450231,0.967350037162666,-0.272467120538093,-0.278139878486194,0.5506069987356
0.4195,-0.259183843826197,-0.681381873213118,0.940565716864877,-0.194444027404261,-0.348786409102585,0.54323043547881
0.42,-0.110481457551666,-0.78055195856311,0.891033418061548,-0.111226387633305,-0.411221854691324,0.522448242028443
0.4205,0.0444235901780702,-0.863708594921286,0.819285004939312,-0.0254762779939826,-0.463351980518499,0.488828258963497
0.421,0.194502566572333,-0.921756447509855,0.727253879208979,0.0606990323385632,-0.503843836348168,0.44314480382672
0.4215,0.339788935967678,-0.957483857767082,0.617694921790538,0.145717239753626,-0.532303596324637,0.386586355782206
0.422,0.480211428789735,-0.972838413966187,0.492626986941204,0.227095210944667,-0.547571207657357,0.320475996616532
0.4225,0.605754898028859,-0.961184927532053,0.355430029608869,0.302573458646745,-0.549043011016382,0.246469552900458
0.423,0.715826647650295,-0.925496414656548,0.209669765498984,0.370919388398108,-0.537370558935468,0.166451170473112
0.4235,0.811483896444478,-0.870108415754509,0.0586245194132276,0.430166411359157,-0.512423061750752,0.0822566498258354
0.424,0.884999346291099,-0.791096617792273,-0.0939027269270024,0.478465304043613,-0.474547874653437,-0.00391742931635009
0.4245,0.935595225824847,-0.691534668529367,-0.244060557286449,0.515290033815085,-0.425306522691888,-0.0899835105379188
0.425,0.966047670709465,-0.577928540468297,-0.388119131576238,0.539463325633338,-0.365577813083086,-0.173885512530745
0.4255,0.971390512285658,-0.448564375475014,-0.522826136648633,0.550047612591903,-0.296597527853955,-0.253450085140908
0.426,0.951159193245033,-0.306615694199272,-0.644543497679035,0.547334685767216,-0.220524875520507,-0.326809810072619
0.4265,0.910213000884828,-0.159951201604755,-0.750261799375106,0.531178172171468,-0.139067571308568,-0.392110600285749
0.427,0.846087946965586,-0.00827690425281496,-0.83781104391874,0.501720757472798,-0.0539715900314989,-0.447749167406382
0.4275,0.759177448560227,0.145308010502477,-0.904485458883862,0.460046547962969,0.0323380642815334,-0.492384612570736
0.428,0.656085689818121,0.292801704962475,-0.948887393621363,0.407136633267257,0.117723998661718,-0.524860631742595
0.4285,0.536411099472525,0.433731663486429,-0.970142763155591,0.344010551907505,0.200445821799658,-0.54445637321382
0.429,0.401576911175908,0.565696580016652,-0.967273492296387,0.272457170224502,0.278152650166418,-0.550609820415405
0.4295,0.258964623053986,0.681709771753726,-0.940674394634015,0.194376308274542,0.34883457411138,-0.543210882718671
0.43,0.109908474411545,0.781056265347864,-0.89096473879317,0.111288637600023,0.411184712640887,-0.522473350119415
0.4305,-0.0436652530650803,0.8629195822276,-0.819254329442705,0.0254776243253123,0.463329260219068,-0.488806884193965
0.431,-0.194637399517415,0.922006416095972,-0.727369017587004,-0.0607441948628572,0.503902452984041,-0.443158258256834
0.4315,-0.340400533769504,0.957978226771051,-0.617577692833046,-0.145706065415699,0.532289713830372,-0.386583648806531
0.432,-0.479521009294699,0.972193245815224,-0.492672235715294,-0.22704778416632,0.547510786665884,-0.320463002483431
0.4325,-0.605828801429975,0.961289464824905,-0.355460663725632,-0.302626925513454,0.549124329885123,-0.246497404183109
0.433,-0.716353538648715,0.925965628372072,-0.209612090626199,-0.370933719439329,0.53735419051039,-0.16642047132628
0.4335,-0.810991610979381,0.86966300400479,-0.0586713928458818,-0.430087774908233,0.51236058730904,-0.0822728128571207
0.434,-0.884947944382492,0.791006952972624,0.0939409920968716,-0.478538779227207,0.474628011289769,0.00391076785703853
0.4345,-0.936044406084807,0.69202637465608,0.244018031087825,-0.515289071607185,0.42528147612219,0.0900075955411313
0.435,-0.965769656461606,0.577616795494693,0.388152860187548,-0.539399712506808,0.365542631904303,0.173857080266403
0.4355,-0.971168554556417,0.448333734877251,0.522834819891683,-0.550117221586589,0.296645671550676,0.253471549556187
0.436,-0.951623906054362,0.307147808274031,0.64447609839164,-0.547313889585686,0.22051175733629,0.326802132124775
0.4365,-0.910038317327313,0.159677280621841,0.750361036390484,-0.531151940642262,0.139049054048337,0.392102886585146
0.437,-0.845755328423475,0.00801815919873733,0.837737168582539,-0.501755261305955,0.0539862053861752,0.447769055574362
0.4375,-0.759688306205922,-0.144799045306596,0.904487351773746,-0.460040113505098,-0.0323200545788873,0.492360167649871
0.438,-0.655913404699222,-0.293044511279533,0.948957916545158,-0.407123334745896,-0.117757766888456,0.524881101539273
0.4385,-0.536087927781431,-0.433957939718757,0.970045867232574,-0.344010209620144,-0.200436966952823,0.544447176580249
0.439,-0.402044515397503,-0.565296569663068,0.967341084555199,-0.272490145951633,-0.278113321960128,0.550603467634489
0.4395,-0.258816108064652,-0.681844323810662,0.940660432185661,-0.194339579973031,-0.348892777147916,0.543232356800622
0.44,-0.109651881954543,-0.781287137704761,0.890939020192569,-0.111285641090324,-0.411159143934533,0.522444785024862
0.4405,0.0433454051361311,-0.862641014575778,0.819295609220756,-0.0255313546806176,-0.463297827031519,0.488829181800051
0.441,0.194665060018984,-0.921986202810114,0.727321142404043,0.0608057058882076,-0.503959176388365,0.443153470345001
0.4415,0.340644063188646,-0.958275938902573,0.617631876055941,0.145687100769447,-0.532256675628985,0.386569574692217
0.442,0.479341807514839,-0.971967716322524,0.492625909300198,0.227012912119544,-0.54750075434955,0.32048784235615
0.4425,0.605701896905317,-0.961171110484654,0.355469213391956,0.302678365335734,-0.549151534140041,0.246473168997298
0.443,0.716659721980652,-0.926319953009725,0.209660230726676,0.370905680620978,-0.537341277008413,0.166435596364495
0.4435,0.810849193679113,-0.869432988110626,0.058583794774748,0.430083327804127,-0.512354482557567,0.0822711547325718
0.444,0.884751840135244,-0.790890733565103,-0.0938611061387724,0.478552842190173,-0.474630008135014,-0.00392283381924562
0.4445,0.936398299999319,-0.692352151563151,-0.244046148619614,0.515284662224019,-0.425298992549817,-0.0899856694001465
0.445,0.965597013065762,-0.577409368122164,-0.38818764520062,0.539397230810509,-0.36551637927305,-0.173880851465649
0.4455,0.97101422512117,-0.448252170346332,-0.522762054463681,0.550107195113134,-0.296651813646502,-0.253455381392593
0.446,0.951925735886075,-0.307378240482141,-0.644547495055725,0.54734275086885,-0.220539164735526,-0.326803585845931
0.4465,0.909884826876784,-0.159565800614089,-0.75031902646829,0.53112185187281,-0.139004460693604,-0.392117390886439
0.447,0.845657085028334,-0.0079138974943022,-0.837743187778936,0.501757061345286,-0.0540128875067021,-0.447744173742721
0.4475,0.759870071599438,0.144640827254147,-0.904510898599069,0.460075334062052,0.0323093267823791,-0.492384660753797
0.448,0.655872095488374,0.293040122924689,-0.948912218160147,0.407073698194341,0.117794216393473,-0.524867914327439
0.4485,0.53596396624412,0.434141706855358,-0.970105673340898,0.344037347513633,0.200406168458834,-0.544443515737038
0.449,0.402148667923199,0.565135952469546,-0.967284620642968,0.272501200722932,0.278120144157728,-0.550621344837669
0.4495,0.258896293514747,0.681789913767179,-0.940686207091266,0.194305711721633,0.348902920057747,-0.543208631748559
0.45,0.109442459474314,0.781521924671423,-0.890964383982965,0.111313678987996,0.411151219904141,-0.522464898727976
0.4505,-0.0432247781828183,0.862450474383834,-0.81922569647369,0.0255213618704979,0.46329820091537,-0.488819562667717
0.451,-0.194556584153221,0.92195736469028,-0.727400780790143,-0.0608059658345935,0.503955392979224,-0.443149427208259
0.4515,-0.340891496422955,0.958474977501126,-0.617583480939018,-0.145688306612631,0.532274388522586,-0.386586081985432
0.452,-0.479179582941572,0.971801870916548,-0.492622287879432,-0.22701283437437,0.547477487907848,-0.32046465349933
0.4525,-0.605650250909621,0.961166645464377,-0.355516394837126,-0.302666222219796,0.549160047421202,-0.246493825220708
0.453,-0.716843473551,0.926439189633327,-0.209595716319197,-0.370933481748884,0.537359830998022,-0.166426349429509
0.4535,-0.81071864755852,0.869358136250094,-0.05863948857712,-0.430054852402794,0.512319556026507,-0.0822647038053096
0.454,-0.884736870132456,0.790845128758709,0.0938917414362045,-0.478560522938403,0.474657166616115,0.0039033562407325
0.4545,-0.936483602102166,0.692436322133408,0.244047279707287,-0.515307023579318,0.425297231064571,0.0900097923859409
0.455,-0.965572819534555,0.577418189113694,0.388154630226511,-0.539358598697597,0.36549621246458,0.173862385973162
0.4555,-0.970948191650646,0.448128909555076,0.522819282216158,-0.550137109842864,0.296676429618544,0.253460679982522
0.456,-0.951981029186797,0.307496210742527,0.64448481850797,-0.547338231127292,0.220525145215394,0.326813085771464
0.4565,-0.90994480179437,0.159584680624162,0.750360120957677,-0.531104869047754,0.139007247590798,0.392097621284594
0.457,-0.845505466099889,0.00775948276634609,0.83774598320333,-0.501779834783248,0.0540137425573903,0.447766091956835
0.4575,-0.759975188235459,-0.144487044512335,0.904462232897572,-0.460058804579565,-0.0323101284237045,0.492368932774634
0.458,-0.655922136345176,-0.293061860761167,0.948983997194413,-0.407083882967351,-0.117787816505994,0.524871699351555
0.4585,-0.53579488035485,-0.434250683947114,0.97004556415316,-0.344029973477724,-0.200423259825144,0.544453233166267
0.459,-0.402292827579517,-0.565013976803435,0.967306804323934,-0.272503546420657,-0.278098016972824,0.55060156319169
0.4595,-0.258884953967568,-0.681822109502698,0.940707063655725,-0.194316240602326,-0.348914531134177,0.543230771593124
0.46,-0.109344572809422,-0.78156953257793,0.890914105504429,-0.111288653468666,-0.411161002294002,0.522449655728119
0.4605,0.0431274853300024,-0.862411561529015,0.819284076109745,-0.02554973279348,-0.463271568807539,0.488821301563043
0.461,0.194579899520911,-0.921934082894185,0.727354183373787,0.0608195639098164,-0.503981503044236,0.443161939053004
0.4615,0.340915763247905,-0.958519209783803,0.617603446744596,0.145699217758334,-0.532264039048392,0.38656482127464
0.462,0.479179805163455,-0.971816699172159,0.492636894140534,0.226983956536998,-0.547469592807722,0.320485636356914
0.4625,0.605605311032959,-0.961075116106094,0.355469805021684,0.302695227138984,-0.549176873394637,0.246481646339108
0.463,0.716874646393677,-0.926532904597249,0.209658258236397,0.370919190589053,-0.537344360395385,0.166425169854731
0.4635,0.810767403657871,-0.86935442516198,0.0585870217096329,0.430051325795581,-0.512329679808027,0.0822783541215115
0.464,0.884619560852411,-0.790745697953648,-0.0938738627786802,0.478574794571051,-0.474650975625848,-0.00392381875265117
0.4645,0.936578923335882,-0.692557691847784,-0.244021231532915,0.515289998669221,-0.425299437456704,-0.0899905610332307
0.465,0.965582965842504,-0.577370379054431,-0.388212586756411,0.539374560335175,-0.365501634390437,-0.173872925804521
0.4655,0.970838700259899,-0.448082313923667,-0.522756386163961,0.55012364561071,-0.2966606454629,-0.253462999963048
0.466,0.952101398666205,-0.307575951768748,-0.644525446816715,0.547344917072622,-0.220546273161415,-0.326798643668982
0.4665,0.909898390716676,-0.159542061122621,-0.750356329661198,0.531111148429677,-0.138992631106655,-0.392118517111789
0.467,0.84546959647115,-0.00775478250189576,-0.837714813966681,0.501758918878927,-0.0540116182590233,-0.447747300458953
0.4675,0.760035968036629,0.144478455787225,-0.904514423706833,0.46008588830677,0.0322918393809908,-0.492377727503146
0.468,0.655888057706285,0.293041955653729,-0.948930013335848,0.407065361600389,0.117811182627683,-0.524876544013441
0.4685,0.535805152672351,0.434277065322347,-0.970082218100112,0.344029102361096,0.200407868112747,-0.544436970308151
0.469,0.402271267003734,0.565030471870544,-0.967301738913358,0.27252253180361,0.2780997623393,-0.550622294038399
0.4695,0.258927088858933,0.6817495414988,-0.9406766303012,0.194290579903416,0.348923479070171,-0.543214058863362
0.47,0.10931986930432,0.781649740933843,-0.890969610270064,0.111308043069671,0.41114777569498,-0.522455818645849
0.4705,-0.0431647106084003,0.862390939153421,-0.819226228685846,0.025543062295422,0.463284795998429,-0.488827858234961
0.471,-0.194485900181561,0.921874838085278,-0.727388937977581,-0.0608248732892356,0.50397031654937,-0.443145443265983
0.4715,-0.341004741260117,0.958612033799207,-0.61760729252922,-0.145685964441311,0.532270646871355,-0.386584682438775
0.472,-0.479161547630583,0.971758334527011,-0.492596786965672,-0.227001405567191,0.547471674863456,-0.320470269306349
0.4725,-0.605542231261037,0.961069946019868,-0.355527714914781,-0.302677655983882,0.54916401941461,-0.246486363500048
0.473,-0.716968302350738,0.926575655196103,-0.209607352930968,-0.370930969614094,0.537364043693791,-0.166433074206118
0.4735,-0.810706033015221,0.869317207668833,-0.058611174662509,-0.430051968073119,0.512312929991183,-0.0822609620438578
0.474,-0.884625894771882,0.790762285389223,0.0938636093064545,-0.478559417878984,0.474655366172742,0.00390405158212731
0.4745,-0.936604949986409,0.692544408862706,0.244060540982303,-0.515314375870602,0.425309835717732,0.0900045399821475
0.475,-0.965554977131012,0.577395626592766,0.388159350470781,-0.539353215524442,0.365482750241412,0.173870465073291
0.4755,-0.970863726649046,0.448060062393661,0.522803664259313,-0.55013108945539,0.296677989322452,0.253453099937505
0.476,-0.952065578426815,0.30756296348837,0.644502614886217,-0.547354295590253,0.220537662747717,0.32681663266159
0.4765,-0.909944871634273,0.159600313567434,0.750344557967425,-0.531091064772274,0.138991201978549,0.392099862586529
0.477,-0.845441224340425,0.00768360173578308,0.837757622580143,-0.501779705572392,0.0540205279090935,0.447759177440607
0.4775,-0.760013013021689,-0.144444924045652,0.904457937107621,-0.460072361283031,-0.0323048450128908,0.492377206105529
0.478,-0.655962147411075,-0.293013908132848,0.948976055535768,-0.407068343243682,-0.117797302879354,0.524865645963046
0.4785,-0.535722540377236,-0.434343759589465,0.970066299923703,-0.344036451287069,-0.200418447259064,0.544454898380857
0.479,-0.402309616808895,-0.56497185603726,0.967281472874531,-0.272507152323707,-0.278097349704552,0.550604501869096
0.4795,-0.258953279248019,-0.681770128576439,0.94072340790783,-0.194309651681124,-0.348914904539226,0.543224556108256
0.48,-0.109253876916521,-0.781662464061035,0.890916341015425,-0.111292094885224,-0.411164796367354,0.522456891182307
0.4805,0.0431024264800121,-0.862367176432639,0.819264749961693,-0.0255485216905755,-0.463267123377604,0.488815645006843
0.481,0.194517873718619,-0.921897329118523,0.727379455472024,0.0608159988523773,-0.503979775587968,0.443163776693227
0.4815,0.341001540040192,-0.958586387030747,0.617584847104664,0.145706026574157,-0.532273800728953,0.386567774164734
0.482,0.47914853766187,-0.971790830076829,0.492642292482209,0.226979441464995,-0.547458298801971,0.320478857389991
0.4825,0.605567644311185,-0.961044298253436,0.355476653981655,0.302691126449281,-0.549180603214677,0.24648947683006
0.483,0.716926740828686,-0.92657053953954,0.209643798801752,0.370931589877982,-0.537351301935408,0.166419712141459
0.4835,0.810757468323509,-0.869361972576827,0.0586045043716817,0.430038815219509,-0.512317840533589,0.0822790254434587
0.484,0.884589506589436,-0.790699403532288,-0.0938901029891321,0.478578412493854,-0.474658891416694,-0.00391952091522072
0.4845,0.936598290842626,-0.692586704668185,-0.244011586135757,0.515297191434624,-0.425299404481958,-0.0899977867882618
0.485,0.965609328890122,-0.577399166301078,-0.388210162510862,0.539362887587842,-0.365496987674718,-0.173865899740524
0.4855,0.970789986383665,-0.448017662505366,-0.522772323785934,0.550131758263546,-0.296664662577208,-0.253467095485533
0.486,0.95211649728877,-0.307614565066932,-0.64450193218251,0.547343338158304,-0.220544493042645,-0.326798844901515
0.4865,0.909942078151724,-0.159566054624287,-0.75037602351821,0.531108972718684,-0.138994712889626,-0.392114259629387
0.487,0.845402395995663,-0.00769341076094387,-0.83770898519544,0.501761389497914,-0.0540073809185822,-0.447754008389064
0.4875,0.760066636590717,0.144437426626936,-0.904504063173539,0.460083214000534,0.0322878529162703,-0.492371066719734
0.488,0.655918021104498,0.293032327802252,-0.948950348914972,0.407070341627461,0.117810187879911,-0.524880529318365
0.4885,0.535747358157208,0.434314534619638,-0.970061892812743,0.344022016257127,0.200415390947516,-0.544437407047715
0.489,0.402304798008652,0.565009361415346,-0.967314159434656,0.272527505761127,0.278089958314289,-0.550617463944458
0.4895,0.258936804413122,0.681738422397565,-0.940675226820373,0.194292594704063,0.34892871677534,-0.543221311359727
0.49,0.10929296668833,0.781667850224443,-0.890960816969465,0.11129870857841,0.411150538592563,-0.522449247075439
0.4905,-0.0431556228305916,0.862397794860073,-0.8192421721073,0.0255542721928423,0.463276682545102,-0.488830954685472
0.491,-0.194473369267235,0.921843990241161,-0.727370621026322,-0.0608308634786696,0.503977894191542,-0.443147030694948
0.4915,-0.341011450316253,0.958632961289252,-0.61762151102302,-0.145688232019506,0.532267475028222,-0.386579243010495
0.492,-0.479182674833441,0.971775842949567,-0.492593168203807,-0.226993659933803,0.547470870706322,-0.320477210803634
0.4925,-0.605506176716846,0.961023964901645,-0.355517788283877,-0.302685503273494,0.549166201618944,-0.246480698419235
0.493,-0.716982928136363,0.926610240240623,-0.209627312174193,-0.37092637019913,0.53736170924738,-0.166435339153379
0.4935,-0.810733277726734,0.869323559932621,-0.0585902822687378,-0.430053382478071,0.512316268638733,-0.0822628862815687
0.494,-0.884575788411995,0.790724171828712,0.0938516164939205,-0.478559915597122,0.474650501044311,0.00390941440977316
0.4945,-0.936637176942028,0.69257859556801,0.244058581283747,-0.515311938657175,0.425314152450896,0.0899977860326962
0.495,-0.965563734634515,0.577390440877938,0.388173293699987,-0.539358478431003,0.365482541994357,0.173875936245914
0.4955,-0.970828072089754,0.448043434822665,0.52278463722261,-0.550123747817344,0.296672557317635,0.253451190307476
0.496,-0.952095204720871,0.307576207979848,0.644518996679985,-0.547360152427484,0.220546039903761,0.326814112325821
0.4965,-0.909939337055857,0.159603011324128,0.750336325678101,-0.531090824404849,0.138985035874134,0.39210578832197
0.497,-0.845432442391379,0.00767705789138556,0.837755384482435,-0.50177328359981,0.0540209265602079,0.447752356833819
0.4975,-0.760016577505255,-0.144453285736163,0.904469863238429,-0.460081978831089,-0.0323000788709252,0.492382057513452
0.498,-0.655967795040827,-0.292990495889165,0.948958290916577,-0.407061049615238,-0.117803659926685,0.524864709366801
0.4985,-0.535722618180367,-0.434360770710959,0.970083388889179,-0.344037859669837,-0.200413806147147,0.544451665651215
0.499,-0.402290659263913,-0.564981656109094,0.967272315405132,-0.272511179971896,-0.278099300954902,0.550610480782626
0.4995,-0.258982923489548,-0.68173711098317,0.940720034517556,-0.19430327509645,-0.34891497992412,0.543218254909206
0.5,-0.109238297790487,-0.781692976879212,0.89093127470517,-0.11129789811825,-0.411163159059271,0.5224610570938
0.5005,0.0431176317160791,-0.862362491798907,0.819244860128205,-0.025544573258406,-0.463270636938712,0.488815210136126
0.501,0.194481094987497,-0.921876448695828,0.727395353781639,0.0608142756820207,-0.503974587408625,0.443160311697485
0.5015,0.341032582001432,-0.958612210155439,0.617579628233929,0.145704908169411,-0.5322787011543,0.38657379299469
0.502,0.479143620596933,-0.97177900038669,0.492635379856892,0.226984018187689,-0.547456701931631,0.320472683785048
0.5025,0.605549379651795,-0.961041414130673,0.355492034550438,0.302683984042721,-0.549177259387539,0.246493275410478
0.503,0.716949189301674,-0.926575549249279,0.209626360037668,0.370938223088166,-0.537358103964493,0.166419880972022
0.5035,0.810745329179758,-0.869362887132862,0.0586175580412458,0.430036439042324,-0.51231139685718,0.0822749579434224
0.504,0.884592579229065,-0.790698392046394,-0.0938941871129842,0.478574858601776,-0.474661581961529,-0.00391327648880843
0.5045,0.936595216683971,-0.692577154161391,-0.24401806245552,0.515304836642811,-0.42530123632104,-0.090003600155874
0.505,0.965614280446426,-0.57741907007006,-0.388195210300588,0.539355280311068,-0.365492405625642,-0.173862874502591
0.5055,0.970792050478565,-0.448001892748411,-0.522790157664406,0.550135733125674,-0.296669544868282,-0.253466188057912
0.506,0.952099501844654,-0.307610927209891,-0.644488574592393,0.547344085200608,-0.22054085718714,-0.32680322780855
0.5065,0.90996815544916,-0.159589194814288,-0.7503789606007,0.531104755391075,-0.138996554947252,-0.392108200242291
0.507,0.84538508501366,-0.00766713962121882,-0.837717945356754,0.501767021863623,-0.0540076836939874,-0.447759337970421
0.5075,0.76006098867319,0.144426158347742,-0.904487147000175,0.460077887021706,0.0322906781102899,-0.492368564936627
0.508,0.655943635205115,0.293024145554012,-0.948967780763285,0.407074010353725,0.117805199230628,-0.524879209403417
0.5085,0.535719532215752,0.434331711621184,-0.970051243850983,0.344021321085004,0.200420713623106,-0.544442034549066
0.509,0.402317849641503,0.564996224431221,-0.967314074087845,0.272524364461593,0.27808702343814,-0.55061138776098
0.5095,0.25894181785618,0.681743611122949,-0.940685429009236,0.194298941963759,0.348927414762327,-0.543226356608377
0.51,0.109279019740127,0.781665833839679,-0.890944853631701,0.111291741379301,0.411155566481544,-0.522447307772346
0.5105,-0.0431426847518069,0.862400421448484,-0.819257736755432,0.0255584220573365,0.463270583402415,-0.488829005404995
0.511,-0.194482953560545,0.92184425737139,-0.727361303868313,-0.0608300063718832,0.503982033217605,-0.443152026821032
0.5115,-0.341002635832068,0.958623568181048,-0.617620932416783,-0.145693584745608,0.532266870709433,-0.386573285967746
0.512,-0.479189997948874,0.971793674132015,-0.492603676265531,-0.226986615355062,0.547468316036859,-0.320481700719018
0.5125,-0.605506863452679,0.961008182960324,-0.355501319590153,-0.302690976094126,0.549170423253426,-0.246479447230706
0.513,-0.716968868012583,0.926611890430096,-0.209643022492909,-0.370924442609284,0.537357355655601,-0.166432913145597
0.5135,-0.810756479103604,0.869338492944806,-0.0585820139194774,-0.430051583082517,0.512319555484071,-0.0822679725247026
0.514,-0.884556882163407,0.790702540862433,0.0938543412172031,-0.478564403557504,0.474649287048311,0.00391511636087874
0.5145,-0.93663931719606,0.69259317190525,0.244046145214883,-0.515306305495605,0.425312563566484,0.0899937417579512
0.515,-0.965579533990193,0.577389527789841,0.388190006138082,-0.539363482122859,0.365486777221621,0.17387670471554
0.5155,-0.97080502761264,0.448034396235989,0.522770631318848,-0.550121219317775,0.29666720900344,0.25345401011982
0.516,-0.952112136727372,0.307587330805167,0.644524805866898,-0.54735887439562,0.220550027632673,0.326808846560506
0.5165,-0.909934835418625,0.159594156277124,0.750340679100238,-0.531095800781314,0.138984451629276,0.392111348945696
0.517,-0.845426935148308,0.00768408780152557,0.837742847323471,-0.50176657785778,0.0540178015389253,0.447748776117388
0.5175,-0.760026671071524,-0.144458956870577,0.904485627927652,-0.460087341060919,-0.0322948699508499,0.492382210820932
0.518,-0.655956038289696,-0.292989372875446,0.948945411157473,-0.407059549789583,-0.11780845662508,0.524868006235654
0.5185,-0.535735213365496,-0.434353074853608,0.970088288227566,-0.344034937491318,-0.200411367537958,0.544446304865861
0.519,-0.402280049664876,-0.564997447976554,0.967277497667841,-0.272516951635012,-0.278098759862267,0.55061571135679
0.5195,-0.25898555074857,-0.681721159126232,0.94070670990983,-0.194297298582867,-0.348917951658279,0.54321525012755
0.52,-0.109248249114467,-0.781699071476128,0.890947320631731,-0.111301747783058,-0.411158919539686,0.522460667235711
0.5205,0.0431375119463489,-0.862370302713685,0.819232790821776,-0.0255440412782053,-0.463274759085729,0.488818800305221
0.521,0.194461495842006,-0.921859911993579,0.727398416219286,0.0608170304491405,-0.503972011036835,0.4431549805617
0.5215,0.341040814950645,-0.958627525604533,0.61758671072545,0.145699871724247,-0.532278592803347,0.386578721086741
0.522,0.479150739769261,-0.971772035022662,0.492621295326043,0.226989604456607,-0.547459744632675,0.320470140214369
0.5225,0.60553222848174,-0.961039457096603,0.355507228694123,0.302679959271839,-0.549172370272652,0.246492411068653
0.523,0.716966669995174,-0.926582808405749,0.209616138495233,0.370938904952896,-0.53736269842619,0.166423793571628
0.5235,0.810734723388022,-0.869353638109916,0.0586189148029513,0.430039631759537,-0.512309233734782,0.0822696021017428
0.524,0.884594481340701,-0.790708165584534,-0.0938863156811879,0.478569028252725,-0.474660360473659,-0.00390866762999203
0.5245,0.93660052064673,-0.692568528622664,-0.244031991950498,0.515310737362587,-0.42530514230513,-0.0900055948894909
0.525,0.965603617023305,-0.577422896852561,-0.388180720100133,0.539351935179625,-0.365487662270059,-0.173864272724517
0.5255,0.970806077472644,-0.448006648435975,-0.522799428976891,0.550135165358985,-0.296673159135645,-0.253462006025822
0.526,0.952086111448813,-0.307597791688789,-0.644488319712621,0.547348101195754,-0.220539628501817,-0.326808472490999
0.5265,0.90997476300518,-0.15960474421443,-0.750370018751112,0.53109914274014,-0.138995130986597,-0.392104011550064
0.527,0.845390089045102,-0.00765765271173795,-0.837732436302574,0.50177196980825,-0.0540111646990232,-0.447760804908167
0.5275,0.760045284799608,0.144427826671856,-0.904473111455706,0.460075391813598,0.0322949898300172,-0.492370381450093
0.528,0.655962572027627,0.29301299935027,-0.948975571377302,0.407073225990485,0.117801636062739,-0.524874861873932
0.5285,0.535707049075271,0.434345747659056,-0.970052796743814,0.344025094555919,0.200422057156775,-0.544447151551831
0.529,0.402318137687855,0.564985860523362,-0.967303998230942,0.272518955233209,0.278088612953085,-0.550607568046014
0.5295,0.258952502905936,0.681747281600698,-0.940699784540895,0.194303907823125,0.348923431855477,-0.543227339562618
0.53,0.10926353412664,0.781668495442003,-0.890932029616087,0.111289300466013,0.411160245829618,-0.522449546208487
0.5305,-0.0431290498099701,0.862393031634283,-0.819263981879289,0.0255571955959796,0.463267278818309,-0.488824474357841
0.531,-0.194490593672011,0.92185461369177,-0.727364020081524,-0.0608255608200215,0.503982554084502,-0.443156993238538
0.5315,-0.341002532915013,0.95861292300107,-0.617610390157288,-0.145699327549091,0.532269228922258,-0.386569901378688
0.532,-0.479182610394745,0.971800442884653,-0.492617832568156,-0.226982061696374,0.547464213757799,-0.320482152099752
0.5325,-0.605520068029881,0.961009300770706,-0.355489232820231,-0.302692471468919,0.549174548074982,-0.246482076675907
0.533,-0.716954024178716,0.926602154698435,-0.209648130599101,-0.370926470692956,0.537354767916556,-0.166428297321863
0.5335,-0.810766708062849,0.869352691991016,-0.0585859840092419,-0.430047014667116,0.512319712852917,-0.0822726983104272
0.534,-0.884556691832444,0.790690943584972,0.0938657481675314,-0.478569636274045,0.474651582268416,0.00391805385642278
0.5345,-0.936628565415424,0.692596539802269,0.244032025539749,-0.51530240842239,0.425308651234638,0.0899937570180176
0.535,-0.965596331791583,0.577395298080717,0.388201033644917,-0.539364593211529,0.365490829195362,0.173873763831285
0.5355,-0.970790263335702,0.448023126318534,0.522767136957101,-0.550123332838234,0.296664658568869,0.253458674073494
0.536,-0.952118289543049,0.307598804346272,0.644519485144996,-0.547354300453383,0.220549948291188,0.326804351959043
0.5365,-0.909939082141779,0.159586560169663,0.750352521932877,-0.531101055145874,0.138987197513225,0.392113857427619
0.537,-0.845415219822262,0.00768590285642995,0.837729316939145,-0.501762802700087,0.0540135457272274,0.447749256772037
0.5375,-0.760040677131985,-0.144454761668242,0.904495438783973,-0.460088016423412,-0.0322909417941593,0.492378958025495
0.538,-0.655944688845994,-0.292998499795464,0.948943188637018,-0.407062282862924,-0.117810407376092,0.524872690059449
0.5385,-0.535740332418378,-0.434341745281846,0.97008207771029,-0.344029976471056,-0.200412122049341,0.544442098358174
0.539,-0.402283006095076,-0.565006622958046,0.967289629076448,-0.272522019785283,-0.278095727196751,0.550617746842047
0.5395,-0.258975005266473,-0.681718552459424,0.940693557759506,-0.194294209046343,-0.348921974025495,0.543216182957116
0.54,-0.109262886058046,-0.781693270125856,0.890956156227978,-0.111301688184198,-0.411155484707918,0.522457172804656
0.5405,0.0431502813647542,-0.862382141978922,0.819231860669855,-0.0255471109968202,-0.463276314655673,0.488823425594862
0.541,0.194456513480381,-0.921847614684294,0.727391101268824,0.0608218261560893,-0.503972920628153,0.443151094446449
0.5415,0.34103541151553,-0.958634631641524,0.617599220196465,0.145695234399619,-0.532275544914578,0.386580310521579
0.542,0.479164090922991,-0.971772827478808,0.492608736631129,0.226992288672508,-0.547463759667966,0.320471471033439
0.5425,0.605517140619936,-0.961031890974043,0.355514750434316,0.30268029129252,-0.549169007442914,0.246488716219211
0.543,0.716976902069489,-0.926593513252164,0.209616611264795,0.370935649136306,-0.537363993880003,0.16642834484231
0.5435,0.810733147607328,-0.869343900551748,0.0586107530246604,0.43004453392552,-0.512310574006252,0.0822660402063104
0.544,0.884587542440142,-0.790713711531087,-0.0938738308316661,0.478564481919346,-0.474656953083791,-0.00390752868670918
0.5445,0.936612766511775,-0.692569002809144,-0.244043763628366,0.515313030933544,-0.425309160956976,-0.0900038698077235
0.545,0.965590679944521,-0.577416314643743,-0.388174365232455,0.53935284742973,-0.365484708355289,-0.173868138889196
0.5455,0.970815111942476,-0.448017263892294,-0.522797847990992,0.55013146378987,-0.296673882683796,-0.25345758090938
0.546,0.952084395293653,-0.307587225597328,-0.644497169646752,0.547353013250983,-0.220541347547304,-0.326811665500894
0.5465,0.909968108472443,-0.159610608517403,-0.75035749991491,0.531095045358773,-0.138991719769002,-0.392103325385506
0.547,0.845402904209932,-0.00765936993102414,-0.837743534250172,0.501773635783552,-0.054014903453692,-0.447758732128672
0.5475,0.760031457423112,0.144436479146112,-0.904467936553868,0.460076752704117,0.0322976009784458,-0.49237435348978
0.548,0.655971378252684,0.293001383199021,-0.948972761449166,0.407069433489071,0.117801172562815,-0.524870605872687
0.5485,0.535707226284301,0.4343551505407,-0.970062376834166,0.344029802926192,0.200420172192603,-0.544449974957229
0.549,0.402309153509875,0.564982450621028,-0.967291604152466,0.272515189184587,0.278092115758074,-0.550607304802309
0.5495,0.258966148095561,0.681743803987407,-0.940709952117476,0.19430522973009,0.348919725200549,-0.543224954815313
0.55,0.109251128549921,0.781677025604706,-0.890928154200335,0.111290973118203,0.411162623735758,-0.522453596766862
0.5505,-0.0431227663808757,0.862382851362817,-0.819260085036736,0.0255531871494803,0.463267220177188,-0.488820407269596
0.551,-0.194488700346626,0.921862742263385,-0.727374041980162,-0.0608208531653701,0.503980286030248,-0.44315943283891
0.5515,-0.341011507025206,0.958609824845199,-0.617598317891347,-0.145702790828429,0.532272852263214,-0.38657006144089
0.552,-0.479170060878953,0.971797154445231,-0.49262709364298,-0.226981262757508,0.547460742971655,-0.320479480252479
0.5525,-0.605531495707855,0.961017987680411,-0.355486492051892,-0.302690313493178,0.549176471903519,-0.246486158479633
0.553,-0.716948143075369,0.926591421693112,-0.209643278698579,-0.370930652708606,0.537355117882201,-0.166424465271868
0.5535,-0.810764497796796,0.869360926695438,-0.0585964289797418,-0.430042538048998,0.512317276235796,-0.0822747383119413
0.554,-0.884566386082556,0.790688862290904,0.0938775237130808,-0.478572612167868,0.474655115800071,0.00391749621861643
0.5545,-0.936615263357957,0.692591560187091,0.244023703097442,-0.515302086335969,0.425305421203659,0.089996664963064
0.555,-0.965607599234253,0.577405042120018,0.388202557046999,-0.539362171399994,0.365492474432384,0.173869696782692
0.5555,-0.970785861302413,0.448012896594509,0.522772964647892,-0.550127515926534,0.296665264138335,0.253462251591873
0.556,-0.952114078003377,0.30760533777783,0.644508740174974,-0.547350027130523,0.22054732372838,0.32680270319904
0.5565,-0.90994987908027,0.159586084158347,0.750363794882597,-0.531103704386574,0.138990777571755,0.392112926610217
0.557,-0.845402497013073,0.00768043677525145,0.837722060210002,-0.501762853056038,0.0540104813408489,0.44775237151431
0.5575,-0.760050203383872,-0.144445601088367,0.904495804456099,-0.460085282192788,-0.032289652757607,0.492374934757918
0.558,-0.655941920915239,-0.29300787406275,0.948949794974611,-0.407066579640059,-0.117809409725517,0.524875989186078
0.5585,-0.535735475617013,-0.434335737282424,0.970071212909363,-0.344025885573599,-0.20041496413562,0.544440849547373
0.559,-0.402293535989483,-0.565006814028652,0.967300350040465,-0.272524233266682,-0.27809222626832,0.55061645939494
0.5595,-0.258962855850288,-0.681724444199804,0.940687300083862,-0.194294749450214,-0.348924714861969,0.543219464197111
0.56,-0.109271880369151,-0.78168357127236,0.89095545168652,-0.111298657014649,-0.411154582315184,0.522453239242454
0.5605,0.0431524124821141,-0.862391611586765,0.819239199160162,-0.0255513709155639,-0.463275048950846,0.488826419809107
0.561,0.194462269925087,-0.921842413803292,0.727380143942244,0.0608255907435034,-0.503975828959539,0.443150238190336
0.5615,0.341024064514997,-0.958633397180029,0.617609332735696,0.145693458674587,-0.532272160538034,0.386578701869763
0.562,0.47917627447467,-0.971779828137331,0.492603553738785,0.22699138938579,-0.547466265144615,0.320474875796896
0.5625,0.605509239544545,-0.961022194817596,0.355512955353054,0.302683488414702,-0.549168391164581,0.246484902818982
0.563,0.716977320892912,-0.926601909866672,0.209624589055122,0.370931443785077,-0.537362468803721,0.166431025117166
0.5635,0.810740174720771,-0.869340047281955,0.0585998726416402,0.430048051575628,-0.512313617387781,0.0822655659374663
0.564,0.884576134222283,-0.790711675525625,-0.093864458618561,0.478563075845924,-0.474653641394084,-0.00390943430289961
0.5645,0.936623905910605,-0.6925760350428,-0.244047870793763,0.515311758342723,-0.425311384966619,-0.0900003732070124
0.565,0.965584154174119,-0.577407025084211,-0.388177129022245,0.539356268029,-0.36548446654762,-0.173871801296231
0.5655,0.970814565973866,-0.448025184834626,-0.522789381079821,0.550127305190751,-0.296672072402216,-0.253455232592071
0.566,0.952091754115655,-0.307583867690307,-0.644507886375161,0.54735621068187,-0.220544446895554,-0.326811763583434
0.5665,0.909956818183223,-0.159607946565505,-0.750348871577824,0.531094092947701,-0.138988595598411,-0.392105497144812
0.567,0.845413642518398,-0.00766703807414681,-0.837746604416085,0.501771990328356,-0.0540168036248923,-0.447755186502373
0.5675,0.760025644397853,0.144445981556655,-0.904471625938915,0.460080297772864,0.03229753372263,-0.492377831302908
0.568,0.655969825206124,0.292994030371541,-0.948963855574597,0.407065434138825,0.117803163541608,-0.524868597501136
0.5685,0.535715531781476,0.434357323507318,-0.970072855298198,0.344032651676577,0.200417064899406,-0.544449716414234
0.569,0.402297566941495,0.564986235054326,-0.967283802017875,0.272514620852785,0.278095086654069,-0.5506097073666
0.5695,0.258976188793422,0.681735763274841,-0.940711952102533,0.194303304312304,0.348918090564527,-0.543221394761673
0.57,0.109246719185515,0.781685988105236,-0.890932707336005,0.111294606447192,0.411162262138197,-0.522456868498194
0.5705,-0.0431256442159882,0.862376521678885,-0.819250877517929,0.0255493189279998,0.463269423134342,-0.488818742005114
0.571,-0.194479867073175,0.921864017855708,-0.727384150846357,-0.0608183176522297,0.503977150244664,-0.443158832566561
0.5715,-0.341022658701194,0.958614045396542,-0.617591386766466,-0.14570297084152,0.532275636925059,-0.386572666089789
0.572,-0.47916102716184,0.971789109534092,-0.492628082448566,-0.226983495870133,0.547459435398103,-0.320475939566208
0.5725,-0.605534876796659,0.961026673371052,-0.355491796653963,-0.302686594702623,0.549175792837127,-0.246489198203664
0.573,-0.716951729005346,0.926585596160299,-0.209633867236148,-0.370934334489314,0.537357483037885,-0.166423148646935
0.5735,-0.810755365949147,0.869361485120242,-0.0586061192519639,-0.430040381050826,0.512314196671562,-0.0822738157460011
0.574,-0.88457740719637,0.790693829329433,0.0938835777886962,-0.478572393855153,0.474657667701222,0.00391472600484101
0.5745,-0.936606830426539,0.692583127167282,0.244023703185608,-0.515304563495641,0.425304413563105,0.0900001497634019
0.575,-0.965609981121159,0.577413429567616,0.388196551486002,-0.539358454588281,0.365491545604092,0.173866908799182
0.5755,-0.97079049712151,0.448007998562973,0.522782498498746,-0.55013096956761,0.296667745225648,0.253463224145533
0.576,-0.952104382258179,0.307604822691236,0.644499559516651,-0.547348220967251,0.220544297350494,0.32680392341374
0.5765,-0.909960603125402,0.159591682892104,0.750368920193756,-0.531103147410452,0.138993123348267,0.392110023857677
0.577,-0.845395119771679,0.00767209976292108,0.837723019980681,-0.501765535682997,0.054009763742257,0.447755771739777
0.5775,-0.760051323632167,-0.144437878899063,0.9044892025153,-0.460081568787777,-0.0322908447924325,0.492372413387646
0.578,-0.655947387179113,-0.29301194069417,0.948959327870142,-0.407069814877006,-0.117806806664825,0.524876621362413
0.5785,-0.535725708020918,-0.434336907749991,0.97006261578063,-0.344024436524857,-0.200417909482823,0.544442345845912
0.579,-0.402303672227018,-0.565000882060245,0.967304554309376,-0.272523322660136,-0.278090134043081,0.550613456563077
0.5795,-0.258956382848188,-0.681732765760798,0.940689148642955,-0.19429762945558,-0.348925119621115,0.54322274896155
0.58,-0.10927212011493,-0.781676222937614,0.89094834309775,-0.111294992340821,-0.41115600796354,0.522451000217057
0.5805,0.0431463271425014,-0.86239498532128,0.819248658234095,-0.0255543326027696,-0.463272386349804,0.488826718895336
0.581,0.19447222276179,-0.921844394550879,0.727372171852949,0.0608266640844658,-0.503978647157865,0.443151983047627
0.5815,0.341014293122361,-0.958626903289577,0.617612610238066,0.145694685366398,-0.532270319572052,0.38657563421191
0.582,0.479181875400191,-0.971788130887402,0.492606255563499,0.226988378233881,-0.547466395991564,0.320478017795825
0.5825,0.605510074285148,-0.961015490638972,0.355505416433646,0.302687058132519,-0.549170012569554,0.24648295450619
0.583,0.716970451684921,-0.926604330953615,0.209633879349906,0.370928755795054,-0.537359759330706,0.166431003634107
0.5835,0.810750209471584,-0.869342804523138,0.0585925951321855,0.430048781016583,-0.512316313184316,0.0822675322929971
0.584,0.884567039659673,-0.790704928604271,-0.0938621109771709,0.478564586887476,-0.474652050731666,-0.00391253600680504
0.5845,0.936628416404282,-0.69258403049633,-0.244044385834077,0.515308631556786,-0.425311234127749,-0.0899973972599016
0.585,0.96558596547107,-0.57740097447939,-0.388184990924138,0.539359734812283,-0.365486283046854,-0.173873451580343
0.5855,0.970807237866357,-0.44802688907845,-0.522780348728327,0.550124904020637,-0.296669341073036,-0.253455562751177
0.586,0.952101618637435,-0.307587180968517,-0.644514437618621,0.547356583548633,-0.220546980312617,-0.326809603033075
0.5865,0.909948379497438,-0.159600955727867,-0.750347423729831,0.531095880443031,-0.138987279513559,-0.392108600724959
0.587,0.845417275060336,-0.00767486966888761,-0.83774240536338,0.501768785655966,-0.0540163854002283,-0.447752400054705
0.5875,0.760028268979726,0.144451463218815,-0.904479732182799,0.460083612684467,0.0322955667773845,-0.492379179269297
0.588,0.655962021365232,0.292993124674169,-0.948955146036245,0.407063345538491,0.117805874169066,-0.524869219528206
0.5885,0.535725327525813,0.434353319342761,-0.970078646878121,0.344032685101479,0.200414707011914,-0.544447391951617
0.589,0.402289775641282,0.564993466298545,-0.96728324196196,0.272516637492457,0.278096144959279,-0.550612782311535
0.5895,0.258978821101654,0.681728278417965,-0.940707099553752,0.194300066361224,0.34891874983115,-0.543218816077241
0.59,0.109250262837271,0.781690704148955,-0.89094096703141,0.111297752095218,0.411160162675185,-0.522457914683156
0.5905,-0.043133854599329,0.86237642735169,-0.819242572807523,0.0255475333236186,0.463272104437703,-0.488819637704072
0.591,-0.194470363877374,0.92185951450206,-0.727389150688572,-0.0608186033678849,0.50397497596053,-0.443156372566819
0.5915,-0.341029616458139,0.958621295692835,-0.617591679305691,-0.145700743958114,0.532276428607593,-0.386575684655748
0.592,-0.479159374122091,0.9717820347558,-0.492622660709969,-0.226986749163074,0.547460334306304,-0.320473585181422
0.5925,-0.605530619219669,0.961030737360049,-0.355500118220068,-0.302683638564167,0.549173582501343,-0.246489944006318
0.593,-0.716960140355725,0.926586166290742,-0.209626026016261,-0.37093580124306,0.53736009984185,-0.166424298697197
0.5935,-0.810746204964015,0.869356525695382,-0.058610320812122,-0.430040982474537,0.512312232315414,-0.0822712499661562
0.594,-0.88458362645462,0.790701152515387,0.0938824738610342,-0.47856998661326,0.474658194806509,0.00391179165770066
0.5945,-0.936606050725658,0.692576426748722,0.244029623903179,-0.515307788573354,0.425305522608569,0.0900022657956644
0.595,-0.965605030703899,0.577416787281564,0.38818824335476,-0.539355718929669,0.365489260971282,0.173866457773341
0.5955,-0.970799138309035,0.448009317602206,0.52278982064714,-0.550132118360827,0.296670275921879,0.253461842242509
0.596,-0.952095582770301,0.307599412429477,0.644496170290562,-0.54734910807677,0.22054254248532,0.326806565388469
0.5965,-0.909965990688256,0.159598948126076,0.750367042522541,-0.531100598372049,0.138993399949796,0.392107198217753
0.597,-0.845395291019792,0.00766592961664596,0.837729361375043,-0.501768706175403,0.0540110664968557,0.447757639477549
0.5975,-0.760045725232549,-0.144435269030753,0.904480994247466,-0.460079060567232,-0.0322931887783317,0.492372249152993
0.598,-0.655956092967147,-0.293009983161662,0.948966076125689,-0.407070653195229,-0.117804377057753,0.524875030073597
0.5985,-0.535717431856673,-0.434342604828553,0.97006003669486,-0.344025593964524,-0.200419442039706,0.544445035842469
0.599,-0.402308198999273,-0.564993760287745,0.967301959309114,-0.272520652957061,-0.278090109699376,0.550610762516265
0.5995,-0.258957388254027,-0.681738439556782,0.940695827844861,-0.194300720246769,-0.348923639885931,0.543224360017551
0.6,-0.109266030383095,-0.781674277365017,0.890940307793332,-0.111292732416454,-0.411158380658168,0.522451112987347
0.6005,0.043137637873256,-0.862392434446808,0.81925479662879,-0.0255548569107805,-0.463270085559079,0.488824942412625
0.601,0.194479992700396,-0.921850384336437,0.72737039169989,0.0608252572012931,-0.503979949677107,0.443154692450013
0.6015,0.341010576067746,-0.95861992571812,0.617609349721298,0.145697438444226,-0.532270531256394,0.386573092818421
0.602,0.479180060293467,-0.971793259153196,0.492613198936026,0.226985400744329,-0.547464768052592,0.320479367346431
0.6025,0.60551664840502,-0.961014271644584,0.355497623319316,0.302689058160852,-0.549172389309662,0.246483331217967
0.603,0.716961818887033,-0.926601188930862,0.209639370125035,0.370928531083361,-0.537357598104214,0.166429067119283
0.6035,0.81075738851579,-0.86934899096692,0.0585916025318262,0.430047154198489,-0.512317388334693,0.0822702342614677
0.604,0.884564201599956,-0.790698223123109,-0.093865978398612,0.478567394509904,-0.474652487489179,-0.00391490687169617
0.6045,0.936625813728709,-0.692588553431582,-0.244037260223315,0.515305785249329,-0.425309473763423,-0.0899963113167711
0.605,0.965592902678571,-0.577400429983148,-0.388192472627884,0.539361470478523,-0.365488645073887,-0.173872825219572
0.6055,0.970798802180444,-0.448023270369758,-0.522775531751048,0.550124970997673,-0.296667336511328,-0.25345763428992
0.606,0.952108145807151,-0.307593476471284,-0.644514669285569,0.547354755791628,-0.220547821264932,-0.326806934323733
0.6065,0.909946369784918,-0.159594537195949,-0.750351832549284,0.531098716008835,-0.138987930989676,-0.392110784814647
0.607,0.845413993280053,-0.00767882002380939,-0.837735173228173,0.501766095730282,-0.0540145178528881,-0.44775157767638
0.6075,0.760035482578209,0.144451363729319,-0.904486846291734,0.46008507280369,0.0322932470575373,-0.492378319668671
0.608,0.655953812916193,0.292997206661458,-0.948951019574498,0.407063693198743,0.117807707076352,-0.524871400095725
0.6085,0.535731207937464,0.434346937461734,-0.970078145408793,0.34403068592179,0.200414095518419,-0.544444781278435
0.609,0.402288584606541,0.564999545601062,-0.967288130229731,0.272519467759089,0.278095298615628,-0.550614766234532
0.6095,0.258974877037282,0.681724956971279,-0.940699834042649,0.194297553124112,0.348920701018239,-0.543218254027216
0.61,0.10925770362544,0.781689954283715,-0.890947657954344,0.111298937600443,0.411157902523467,-0.522456840036647
0.6105,-0.0431417529421591,0.8623809040558,-0.819239151168846,0.0255481428681632,0.463273758936868,-0.488821901747784
0.611,-0.194465201442646,0.921853151897423,-0.727387950518656,-0.060820747664185,0.503974590256051,-0.443153842566055
0.6115,-0.34102998783955,0.9586269655201,-0.617596977751505,-0.145697942509906,0.532275400097532,-0.386577457593893
0.612,-0.479163896538509,0.971779332587083,-0.492615436124839,-0.226989071665002,0.547462349908452,-0.320473278281628
0.6125,-0.605523070264485,0.961029408537532,-0.355506338352773,-0.302682728686736,0.549171402000213,-0.246488673382624
0.613,-0.716967649755082,0.926590960792792,-0.209623311118946,-0.370934942990454,0.537361563777444,-0.166426620885411
0.6135,-0.810741758797497,0.869350223224199,-0.0586084645074234,-0.430043247326569,0.512312069207153,-0.0822688220058593
0.614,-0.884583241508618,0.790706408062701,0.0938768333677101,-0.478567241378783,0.474657002839587,0.00391023839015881
0.6145,-0.936611075992857,0.692574334659148,0.244036741259919,-0.515309902396202,0.425307577132112,0.0900023250949654
0.615,-0.965597427049169,0.577414893682442,0.38818253329916,-0.539355083615804,0.365487179670271,0.173867903760476
0.6155,-0.970806230006028,0.448014398829272,0.522791831117097,-0.550131031809596,0.296671544588161,0.253459487024999
0.616,-0.952091864986318,0.30759322539239,0.644498639543657,-0.547351463571486,0.220542591379106,0.32680887198941
0.6165,-0.909964859480802,0.159603731722522,0.750361127718614,-0.531097934514457,0.138992063894151,0.392105870415804
0.617,-0.845400772282102,0.00766446622427045,0.837736306029738,-0.501770601474463,0.0540131402780703,0.447757460995385
0.6175,-0.760038146751526,-0.144437683615109,0.904475830350825,-0.46007869207544,-0.0322951573788794,0.492373849261753
0.618,-0.65596269094522,-0.293004700148482,0.948967391090572,-0.407069358623893,-0.117803307421547,0.524872665866065
0.6185,-0.535714465800456,-0.434348602704941,0.970063068515007,-0.344028015626846,-0.200419188377659,0.54444720384274
0.619,-0.402306371343167,-0.564989469149124,0.967295840514397,-0.272518090853232,-0.278091573081922,0.550609663794975
0.6195,-0.258963230361869,-0.681739308812061,0.940702539208005,-0.194302387494415,-0.348921567787666,0.543223955166937
0.62,-0.109258561938146,-0.781677154388198,0.890935716371555,-0.111292625394976,-0.411160220084349,0.522452845392059
0.6205,0.0431315662196738,-0.862386999638211,0.819255433473754,-0.0255533738454228,-0.463269218816938,0.488822592605122
0.621,0.194482230355484,-0.921856163615955,0.727373933324329,0.0608227961702521,-0.503979502610741,0.443156706414682
0.6215,0.341013045855598,-0.95861613931001,0.617603093525355,0.145699876131626,-0.53227210052089,0.386572224395522
0.622,0.479173915997598,-0.971793538585816,0.492619622664503,0.226983969482687,-0.547462718965342,0.32047874952083
0.6225,0.60552395728593,-0.961017582600993,0.355493625394797,0.302688914354891,-0.549174087802245,0.246485173516507
0.623,0.716956307009695,-0.926595656485922,0.209639349557444,0.370930178596164,-0.537356932420226,0.166426753922485
0.6235,0.810758892197598,-0.869354491469156,0.0585955993522709,0.430044680092362,-0.51231676110073,0.0822720811336368
0.624,0.884567278427223,-0.790694973103101,-0.0938723052458966,0.478569690342931,-0.474654143987832,-0.00391554620606483
0.6245,0.936619439197546,-0.692588263476191,-0.244031175647558,0.515304592441031,-0.425307464953433,-0.0899971273184668
0.625,0.965599973409642,-0.577404111102443,-0.388195862239648,0.539361088047756,-0.365490192519556,-0.17387089534314
0.6255,0.970793892781223,-0.44801771092579,-0.52277618179578,0.550126761345457,-0.296666871115382,-0.253459890033646
0.626,0.952108934022282,-0.307598658081476,-0.644510275890518,0.547352291743948,-0.22054702597161,-0.326805265569371
0.6265,0.909949984762144,-0.159591819344842,-0.75035816537763,0.531100853698834,-0.138989655250879,-0.392111198243446
0.627,0.845407469281339,-0.00767799708996243,-0.837729472163298,0.501765144295554,-0.0540125682993944,-0.44775257579515
0.6275,0.760042261367815,0.144447359425873,-0.904489620777882,0.4600844641859,0.0322918606060566,-0.492376324599396
0.628,0.655949515654282,0.293002750906709,-0.948952266557846,0.407065602949237,0.117807976024818,-0.524873578794681
0.6285,0.535731309216082,0.434342104566779,-0.970073413792467,0.344028256622105,0.200415043034187,-0.544443299494521
0.629,0.402292686934232,0.56500172115606,-0.967294408112412,0.272521432227029,0.278093527061749,-0.550614959148597
0.6295,0.258968261296695,0.681726294572595,-0.940694555903367,0.19429684193812,0.348922575141334,-0.543219416964316
0.63,0.109264140769376,0.781685674359482,-0.890949815174056,0.111298119203521,0.411156682728827,-0.522454801845083
0.6305,-0.0431454141520478,0.862386372986043,-0.81924095888921,0.0255501479142961,0.46327383765774,-0.488823985514793
0.631,-0.19446576984839,0.921848710487788,-0.727382940703269,-0.0608231206084054,0.50397567495296,-0.443152554318747
0.6315,-0.341025456446807,0.958628597773998,-0.617603141398137,-0.145696162105876,0.532273599354137,-0.386577437254523
0.632,-0.47917052796448,0.971781142946621,-0.492610615058416,-0.226989546059146,0.547464134015015,-0.320474587994045
0.6325,-0.605517031570148,0.96102491465678,-0.355507883166365,-0.302683740863744,0.549170354362292,-0.246486613567697
0.633,-0.71697066598633,0.926596304109909,-0.209625638204807,-0.370932865123359,0.537361458455597,-0.166428593430661
0.6335,-0.810742955485455,0.869346192324253,-0.0586032369195121,-0.430045543437637,0.512313275150779,-0.0822677318384137
0.634,-0.884578349529711,0.790707510751494,0.0938708387000029,-0.478565655369951,0.474655192218592,0.00391046300232419
0.6345,-0.936617659961137,0.692576581911197,0.244041077976145,-0.51531014442117,0.425309256848803,0.090000887403239
0.635,-0.96559182099426,0.577410230591316,0.388181590335384,-0.539356271765279,0.365486307311005,0.173869964269216
0.6355,-0.970808603759739,0.448019575330345,0.522789028369742,-0.550128904989439,0.296671264530859,0.253457640262147
0.636,-0.952093655375221,0.307589629647043,0.6445040256779,-0.54735366312952,0.220543901200506,0.326809761726047
0.6365,-0.90995966196104,0.159604308822172,0.750355353099196,-0.53109655012442,0.138990261302934,0.39210628861698
0.637,-0.845407250351724,0.00766711433496126,0.837740135988675,-0.501770619085582,0.0540147042981395,0.447755914586434
0.6375,-0.760033013688408,-0.144442460211887,0.904475473884489,-0.460080036908152,-0.0322958537637494,0.492375890479337
0.638,-0.655964419228066,-0.292999740340756,0.948964159565686,-0.407067205278781,-0.117803752448672,0.524870957548079
0.6385,-0.535716809952267,-0.434351744034195,0.970068553996067,-0.344030101937946,-0.200417791048133,0.544447892824311
0.639,-0.402300935755738,-0.564989397397024,0.967290333174873,-0.272516912824491,-0.278093350864665,0.550610263548974
0.6395,-0.258969538425408,-0.681736307862374,0.940705846321861,-0.194302189499146,-0.348920130118531,0.543222319502536
0.64,-0.109253932807657,-0.781681992351804,0.890935925204666,-0.111294107965836,-0.411160740440947,0.522454848319518
0.6405,0.0431304687967771,-0.862382291249797,0.819251822508233,-0.0255512157482679,-0.463269817914548,0.488821033605575
0.641,0.194479382776224,-0.921858843690736,0.727379460978375,0.0608208390197069,-0.503978035282578,0.443157196237063
0.6415,0.341018657273493,-0.958616552670923,0.617597895468377,0.145700844403504,-0.53227383676243,0.386572992365186
0.642,0.479167827427397,-0.971790224014908,0.492622396663792,0.226984372337351,-0.547461416492764,0.320477044193589
0.6425,0.605528062123121,-0.961022436334195,0.355494374290807,0.302687314520484,-0.54917443473903,0.246487120287697
0.643,0.716955826176851,-0.926591235659829,0.2096354095642,0.37093231988758,-0.537357672961147,0.166425353171989
0.6435,0.810755585180665,-0.869356699015236,0.0586011139152869,0.430042865740126,-0.512315240934813,0.0822723753199578
0.644,0.884573006684105,-0.790695850416027,-0.0938771561898578,0.47857044854803,-0.474655823950342,-0.00391462444865311
0.6445,0.93661362193767,-0.69258468198624,-0.244028939877636,0.51530518742513,-0.425306304356904,-0.0899988828990963
0.645,0.965603531719235,-0.577408928790156,-0.388194602861525,0.539359391241739,-0.365490369798029,-0.173869021258652
0.6455,0.970794009492191,-0.448013610674958,-0.522780398757579,0.550128866145905,-0.296667740440971,-0.253461125508503
0.646,0.952105220956005,-0.307600393313516,-0.644504827592206,0.547350631618666,-0.220545469622845,-0.326805161792852
0.6465,0.909955765799365,-0.159593129221078,-0.750362636538617,0.531101403036711,-0.138991264852686,-0.392110137979519
0.647,0.845401969523465,-0.00767419568836965,-0.837727773807013,0.501765918049023,-0.0540115553224893,-0.447754362525525
0.6475,0.760045263822104,0.144442620633807,-0.904487884440103,0.460082690700122,0.0322918478824301,-0.49237453838999
0.648,0.655950200913016,0.293006507268814,-0.948956708178689,0.407067652168493,0.117806991841104,-0.524874643830222
0.6485,0.535727243211456,0.434340838425993,-0.970068081647056,0.34402676076983,0.200416618645446,-0.544443379253507
0.649,0.40229846517129,0.565000006779159,-0.967298471972565,0.272521775906483,0.278092000648016,-0.550613776414319
0.6495,0.258963116677196,0.681730272568002,-0.940693389279276,0.194297779343722,0.348923436979352,-0.543221216207933
0.65,0.109266580953333,0.781681057262144,-0.890947638260678,0.11129628969722,0.411156827585488,-0.522453117195442
0.6505,-0.0431441878684559,0.862389760689781,-0.819245572876539,0.0255521239320463,0.463272752978937,-0.488824876853742
0.651,-0.194470136743857,0.921847908413343,-0.727377771733354,-0.0608244447045364,0.503977253960921,-0.443152809230577
0.6515,-0.341019737706944,0.95862651285667,-0.61760677522067,-0.145696018670406,0.532272167248364,-0.386576148584219
0.652,-0.479175279718539,0.971785249165117,-0.492609969522856,-0.226988460857774,0.547464842618143,-0.320476381798544
0.6525,-0.605515155503829,0.961020460575434,-0.355505305151338,-0.302685606555031,0.549170649091903,-0.246485042606022
0.653,-0.716968934080035,0.926599306517912,-0.209630372519101,-0.370930978256771,0.537360287766059,-0.166429309607711
0.6535,-0.810747566149008,0.869345840591193,-0.0585982745228985,-0.43004668999027,0.512314842061835,-0.0822681521968366
0.654,-0.884572744235755,0.790705091923838,0.0938676522337001,-0.478565705502124,0.474653864623436,0.00391184072965294
0.6545,-0.93662199037216,0.692580772444765,0.244041217853599,-0.515308927927732,0.425309811536402,0.0899991162222011
0.655,-0.965590501854312,0.57740597392792,0.388184527858836,-0.539358153961168,0.36548674277912,0.173871410996989
0.6555,-0.97080640444379,0.448022179882409,0.522784224501729,-0.550127122090305,0.296670022947922,0.253457098945951
0.656,-0.952098456484027,0.307589714419076,0.64450874201467,-0.547354628271219,0.220545441211221,0.32680918685703
0.6565,-0.909954218055118,0.159601591598096,0.750352626417348,-0.53109678521668,0.13898904667171,0.392107738340464
0.657,-0.845411134950613,0.00767134526417731,0.83773978965835,-0.501769288716293,0.0540151062434385,0.447754182271845
0.6575,-0.760032242755422,-0.144446484874386,0.904478727614002,-0.460081916614725,-0.0322952876713426,0.492377204093505
0.658,-0.655961791773962,-0.292997543901097,0.94895933567192,-0.40706553921331,-0.117805050062892,0.524870589096827
0.6585,-0.53572174682652,-0.434351241762861,0.970072988598986,-0.344030883972816,-0.200416291602261,0.544447175413309
0.659,-0.402295700872369,-0.564992372846325,0.967288073740808,-0.272517322922266,-0.278094445455511,0.550611768237595
0.6595,-0.258972956902537,-0.681732080395323,0.940705037331939,-0.194300762740742,-0.348919878616157,0.543220641241758
0.66,-0.109253694386746,-0.781685755962167,0.890939450394116,-0.111295967183358,-0.411160054487808,0.522456021583901
0.6605,0.0431334797578876,-0.862380505934009,0.819247026231335,-0.0255496778517511,-0.463271156653662,0.488820834448172
0.661,0.194474364413572,-0.921857946915672,0.727383582565966,0.0608202402288047,-0.503976589392441,0.443156349137828
0.6615,0.341023641678775,-0.958619747382669,0.617596105774841,0.145700270419597,-0.532274805557127,0.38657453514379
0.662,0.47916488764173,-0.971786039580773,0.492621152015321,0.226985877621859,-0.547461311620355,0.320475434036672
0.6625,0.605527788245845,-0.961025913751756,0.355498125585643,0.302685493102399,-0.54917364066169,0.246488147628441
0.663,0.716959176360191,-0.926589862494053,0.209630686215084,0.37093371992822,-0.537359038057021,0.166425318227223
0.6635,0.810750536243616,-0.869355431617416,0.0586048954545148,0.430042448364472,-0.512313860363561,0.0822714121243601
0.664,0.8845777028639,-0.79069922463268,-0.0938784781530011,0.478569723143379,-0.474656662872449,-0.00391306012189478
0.6645,0.936611170406624,-0.692580580200038,-0.24403059013279,0.515306753335355,-0.425306341006902,-0.0900004121593234
0.665,0.965602768448225,-0.577412097151772,-0.388190671228896,0.539357623660901,-0.365489479715465,-0.173868143760377
0.6655,0.970797652377439,-0.448012646003911,-0.522785006313874,0.550130120558437,-0.29666911766414,-0.253461002697866
0.666,0.95210019256261,-0.307598783768467,-0.644501408743861,0.547350392171082,-0.220544165024815,-0.326806226943298
0.6665,0.909960139362794,-0.159596641983026,-0.750363497340098,0.5311005394426,-0.138991971073176,-0.392108568164917
0.667,0.845400009655239,-0.00767021281559307,-0.837729796811562,0.501767526973926,-0.054011727370467,-0.44775579940245
0.6675,0.760044039674351,0.144439778434236,-0.90448381809278,0.460080991865848,0.0322928213764079,-0.492373813049693
0.668,0.655954088466307,0.293007071618229,-0.948961160081397,0.407068754738035,0.117805616422533,-0.524874370981194
0.6685,0.53572228298491,0.434342760590149,-0.970065043584665,0.344026694279654,0.200417837686989,-0.544444531804873
0.669,0.402302487852873,0.564996394486611,-0.967298882361599,0.272520788228111,0.278091428483228,-0.550612216571159
0.6695,0.258961646723059,0.681734103267261,-0.940695750024398,0.194299413822732,0.348923136878098,-0.543222550585689
0.67,0.109264926478266,0.781678555646758,-0.890943482170226,0.111294673297398,0.411157871537657,-0.522452544747789
0.6705,-0.0431401027564358,0.862389935088465,-0.819249832387243,0.0255530702707973,0.463271392614235,-0.488824462827791
0.671,-0.194474983761229,0.921850111904187,-0.727375128206824,-0.0608243448214726,0.503978379232039,-0.443154034384759
0.6715,-0.341016090867126,0.958622840617937,-0.617606749821757,-0.145697115677236,0.532271729097177,-0.386574613426202
0.672,-0.479176265147329,0.971788896194677,-0.492612631123627,-0.226986817704548,0.547464422647145,-0.320477604980772
0.6725,-0.605517206554596,0.961018309860917,-0.355501103386054,-0.302687128318264,0.549171750524134,-0.24648462227502
0.673,-0.716964699707364,0.926599105882994,-0.209634406256854,-0.370930190835893,0.537358954997832,-0.166428764260362
0.6735,-0.810752257101942,0.869348291850654,-0.0585960348294262,-0.430046431550799,0.51231586649428,-0.0822694350687522
0.674,-0.884569493042099,0.790701397865519,0.0938680950983629,-0.478566896728536,0.47465355924614,0.00391333733336134
0.6745,-0.936622502274566,0.692584208514944,0.244038293685826,-0.515307292384206,0.425309280713923,0.0899980115011543
0.675,-0.965592912752591,0.577404180012866,0.388188732672168,-0.539359570202461,0.365487888589752,0.17387168142765
0.6755,-0.970802067950226,0.448021621607588,0.522780446282985,-0.550126494695511,0.296668729610421,0.253457764888658
0.676,-0.952102952817897,0.307592379890133,0.644510572877483,-0.547354220342492,0.220546359036464,0.32680786110306
0.6765,-0.909951377352715,0.159597912117275,0.750353465195769,-0.531098055165501,0.138988871493809,0.392109183467185
0.677,-0.84541118777589,0.00767454562387587,0.837736642123931,-0.501767676370614,0.0540144743468195,0.447753201822785
0.6775,-0.760034975674782,-0.144447918910443,0.904482894569419,-0.460083217971359,-0.0322941104293679,0.492377328208164
0.678,-0.655957399232948,-0.292998439837795,0.948955839067604,-0.40706507126447,-0.117806293097769,0.524871364182865
0.6785,-0.535726012746203,-0.434348397012485,0.970074409768294,-0.34403033672876,-0.200415484842637,0.544445821409628
0.679,-0.402293281630216,-0.56499600225763,0.96728928390996,-0.272518656030996,-0.278094494112685,0.550613150003501
0.6795,-0.258972569013551,-0.681729137182414,0.940701706230042,-0.194299188232135,-0.348920601313476,0.54321978943047
0.68,-0.109256709219801,-0.781686831355333,0.890943540620336,-0.111297145808907,-0.411158858510988,0.52245600423263
0.6805,0.0431378830707854,-0.862381716511644,0.819243833496072,-0.0255493673073507,-0.463272339394326,0.488821706644435
0.681,0.194470360796227,-0.921854957969812,0.727384597237451,0.0608209157500193,-0.503975896962712,0.443154981186885
0.6815,0.341025633725431,-0.958623293864089,0.617597660209605,0.145698889682511,-0.532274732442925,0.386575842766676
0.682,0.47916569395191,-0.971783371120932,0.492617677245301,0.226987400564972,-0.547462114329826,0.320474713803029
0.6825,0.605524532391049,-0.961026634917967,0.35550210260665,0.302684443591923,-0.54917243835784,0.246487994835067
0.683,0.716963547575733,-0.926591363224229,0.209627815729719,0.370933876564723,-0.537360151518659,0.166426275052359
0.6835,0.810746822677126,-0.869352333195999,0.0586055105995879,0.430043240277049,-0.512313284225254,0.0822700440734758
0.684,0.884579266002193,-0.790702657164515,-0.0938766087594587,0.478568310168394,-0.47465647376329,-0.00391183625606867
0.6845,0.93661237027425,-0.692578201273687,-0.244034168926768,0.515308212075108,-0.425307212628796,-0.0900009992771824
0.685,0.965599312959182,-0.577412471575414,-0.388186841316212,0.539356708076709,-0.365488282984747,-0.173868424906903
0.6855,0.970801950312515,-0.448014410225277,-0.522787540027585,0.550130128159193,-0.296670153936225,-0.253459974026536
0.686,0.952096793316331,-0.30759561070805,-0.644501182558001,0.547351287981135,-0.22054370595601,-0.326807581822157
0.6865,0.909961276070158,-0.159599931860514,-0.750361344169974,0.531099109245382,-0.138991672581003,-0.392107436459872
0.687,0.845401575012328,-0.00766813438720409,-0.837733440597039,0.50176891003457,-0.0540126566153313,-0.44775625321823
0.6875,0.760040426556964,0.144439739806348,-0.904480166347505,0.46008021355417,0.0322940011497983,-0.492374214511405
0.688,0.6559582744029,0.293005072000293,-0.948963346400054,0.407068619375429,0.117804664218711,-0.524873283414765
0.6885,0.535719217863137,0.434345974569288,-0.970065192442032,0.344027681009129,0.200418180066558,-0.544445860913918
0.689,0.402303204947215,0.564993273072432,-0.967296478041761,0.27251935540515,0.278091828925826,-0.550611184190795
0.6895,0.258963547239762,0.681735873507525,-0.940699420781365,0.19430071090124,0.348922161428747,-0.543222872214846
0.69,0.10926119713786,0.781678839447384,-0.890940036630446,0.111294034132677,0.411159023604276,-0.522453057649688
0.6905,-0.04313606462566,0.862387729047956,-0.81925166447751,0.0255527991880435,0.463270530223113,-0.488823329353914
0.691,-0.194477698839844,0.921853333928954,-0.727375635152976,-0.060823280524109,0.50397860644888,-0.443155325898963
0.6915,-0.341015783137331,0.95861991112905,-0.617604128062665,-0.145698537116596,0.532272223382395,-0.38657368627206
0.692,-0.479174061653316,0.971790353701084,-0.492616292124047,-0.226985615616639,0.547463412354012,-0.320477796775548
0.6925,-0.605521011088054,0.961018899956696,-0.355497888948375,-0.302687627910207,0.549172864871161,-0.246485237030104
0.693,-0.716960842588838,0.926596723514047,-0.209635881006433,-0.370930589392502,0.537358187066386,-0.166427597772307
0.6935,-0.810754610200024,0.869351490237781,-0.0585968801184724,-0.430045303205249,0.512315981097476,-0.0822706780174979
0.694,-0.884569580650264,0.790698680714476,0.0938708998575701,-0.478568293479647,0.474654138707652,0.00391415462296097
0.6945,-0.936620029859099,0.692585352235906,0.244034677549397,-0.515306193018266,0.425308246820849,0.0899979460282881
0.695,-0.965596752405506,0.577405057935885,0.388191694402065,-0.53935993113904,0.365488955956387,0.173870974997595
0.6955,-0.970798421681675,0.448019093241278,0.522779328380744,-0.550127011592718,0.296668059686956,0.253458951709331
0.696,-0.952104936219564,0.307595524721717,0.644509411447566,-0.547353041549452,0.220546364579836,0.326806676766648
0.6965,-0.909951843055468,0.1595954248322,0.750356418183596,-0.531099414689635,0.138989526973183,0.392109887511945
0.697,-0.845408481459582,0.00767537736776915,0.837733104063728,-0.501766686144371,0.0540134278655471,0.447753258077815
0.6975,-0.760038811857563,-0.144446773479367,0.904485585321123,-0.460083442497213,-0.0322930984456778,0.492376540750329
0.698,-0.655953990448279,-0.293001083648562,0.948955074093703,-0.407065696579231,-0.117806862583055,0.524872558982912
0.6985,-0.535727622420255,-0.434345334113611,0.970072956543473,-0.34402912101348,-0.200415583894836,0.544444704746547
0.699,-0.402294105348454,-0.564998244974607,0.967292350345175,-0.272519966689708,-0.27809377211264,0.550613738662167
0.6995,-0.258969664741188,-0.681728612563991,0.940698277339257,-0.19429831222345,-0.348921649721326,0.543219961829636
0.7,-0.109260504773512,-0.781685440688661,0.890945945507376,-0.11129723739342,-0.411157909431947,0.522455146738102
0.7005,0.0431410310697916,-0.862384445273525,0.819243414258948,-0.0255500904950295,-0.463272807067121,0.488822897504909
0.701,0.194469124965331,-0.92185200329826,0.727382878396796,0.0608221550754028,-0.503976095328837,0.443153940227626
0.7015,0.341024474887467,-0.958625280468437,0.617600805651915,0.145697638580207,-0.532273953678597,0.386576315104651
0.702,0.479168759768613,-0.971783145952334,0.492614386259998,0.226988158578528,-0.547463154407616,0.320474995867263
0.7025,0.605520812559314,-0.961025022619103,0.355504210139521,0.302684480341025,-0.549171558792199,0.246487078520325
0.703,0.716966415128483,-0.926594147032856,0.209627731985597,0.370933066571767,-0.537360517058223,0.166427450584879
0.7035,0.810745957172863,-0.869349510896503,0.0586035538043558,0.430044490206652,-0.512313575863149,0.0822690857817689
0.704,0.884577797106585,-0.790704378942876,-0.0938734180854906,0.478567128297354,-0.474655648142859,-0.00391148000545982
0.7045,0.93661556128196,-0.692578265415672,-0.244037295792492,0.515308849628049,-0.425308234635669,-0.0900006148232514
0.705,0.965595701781538,-0.577410662437064,-0.388185039276919,0.539356867484221,-0.365487478579807,-0.173869388719355
0.7055,0.970804521159467,-0.448017219750759,-0.522787301349055,0.550129242813506,-0.29667041802769,-0.253458824589384
0.706,0.952096291265284,-0.307592942737586,-0.644503348477416,0.547352535956178,-0.220544084180003,-0.326808451573207
0.7065,0.909959524196447,-0.159601383067746,-0.750358141089029,0.531098005197561,-0.138990810045703,-0.392107194947353
0.707,0.845404855023748,-0.00766847519138691,-0.837736379804276,0.501769425930377,-0.0540136513882365,-0.447755774341131
0.7075,0.760036954611005,0.144441720039489,-0.904478674634687,0.460080489001553,0.0322947256983609,-0.492375214507352
0.708,0.655960535898001,0.293002265067883,-0.948962800962746,0.407067670377961,0.117804499943522,-0.524872170142109
0.7085,0.535719069039001,0.4343484687714,-0.970067537820008,0.344028915006108,0.200417722508002,-0.544446637352341
0.709,0.402301198836544,0.564992095275027,-0.967293294133686,0.272518336672943,0.278092718477453,-0.550611055010215
0.7095,0.258966880774443,0.681735270782889,-0.940702151591409,0.194301105166842,0.348921202416088,-0.543222307467789
0.71,0.10925789228784,0.781680964535121,-0.890938856868163,0.111294418144833,0.411159664574022,-0.522454082631589
0.7105,-0.0431341215886355,0.862384951799431,-0.81925083026601,0.0255517983827978,0.463270463221837,-0.488822261547393
0.711,-0.19447750758898,0.92185563734051,-0.727378129815396,-0.0608220718993776,0.503978077281143,-0.443156005355957
0.7115,-0.341018013548493,0.95861900689407,-0.617600993416523,-0.14569946418438,0.532273130204872,-0.386573666026753
0.712,-0.479170709129107,0.971789505724761,-0.492618796671932,-0.226985341766906,0.547462496919293,-0.320477155190563
0.7125,-0.605524123673895,0.961021143264859,-0.355497019670697,-0.302687143553978,0.549173419506912,-0.246486276022084
0.713,-0.716959223714773,0.926594001698506,-0.209634778064957,-0.370931630155725,0.537358213964459,-0.166426583907156
0.7135,-0.810754094797915,0.8693535884039,-0.0585994936866999,-0.430044130621843,0.512315388413201,-0.0822712579166292
0.714,-0.884572004413532,0.790698047461241,0.0938739568740725,-0.478569123686359,0.474655053292144,0.00391407024518
0.7145,-0.93661669168215,0.692584277417278,0.244032414191077,-0.51530603725902,0.425307382041891,0.0899986550480004
0.715,-0.965599650494564,0.57740739281033,0.388192257616678,-0.539359355286496,0.365489422448178,0.173869932653259
0.7155,-0.970797129225123,0.448016450935228,0.522780678230241,-0.550128080565899,0.296668176338074,0.253459904031393
0.716,-0.952104115107908,0.3075974058132,0.644506709244426,-0.547351914891818,0.220545716759155,0.326806197929695
0.7165,-0.909954428665107,0.159595057491654,0.750359371133782,-0.531100143988645,0.138990440124267,0.392109703659872
0.717,-0.845405189385133,0.00767409549184257,0.837731093865207,-0.501766645098863,0.0540126200341218,0.447754024863732
0.7175,-0.760041476236954,-0.14444437345499,0.904485849676138,-0.460082784523541,-0.0322927209718747,0.492375505302854
0.718,-0.655953023446542,-0.293003624097272,0.948956647540676,-0.407066782223723,-0.117806661027706,0.524873443072055
0.7185,-0.535726516188785,-0.434343679385592,0.970070195583983,-0.34402804930852,-0.200416278286449,0.5444443274332
0.719,-0.402296821039741,-0.564998353830479,0.967295174892334,-0.272520592186216,-0.278092869190332,0.550613461236367
0.7195,-0.258966448807484,-0.681730080480547,0.940696529322109,-0.194298381540003,-0.348922395128561,0.543220776553423
0.72,-0.109262919247864,-0.781683001515259,0.890945920808326,-0.11129650707883,-0.411157620953741,0.522454127945305
0.7205,0.0431416766996848,-0.862386863429944,0.819245186785474,-0.0255511815929317,-0.463272526074284,0.488823707609974
0.721,0.194470493769001,-0.921850581599504,0.727380087894368,0.0608231637083452,-0.503976827629946,0.443153663895792
0.7215,0.341021660861356,-0.958625140504279,0.61760347971387,0.145697118658102,-0.532273069320718,0.386575950668877
0.722,0.479171871516633,-0.971784777966671,0.492612906526316,0.226987984137864,-0.547463832741981,0.320475848642293
0.7225,0.605518661048424,-0.961022569559426,0.355503908590735,0.302685272919434,-0.549171358425192,0.246486085574908
0.723,0.71696674644354,-0.926596424521893,0.209629678159576,0.370931980830773,-0.537360162642555,0.166428181910204
0.7235,0.810747564405179,-0.869348326371686,0.0586007620472214,0.430045428592791,-0.512314337399686,0.0822689089321659
0.724,0.884574916092988,-0.79070400179781,-0.0938709142169597,0.478566714623417,-0.474654790159489,-0.00391192431489238
0.7245,0.936618542987896,-0.69258003892082,-0.244038503993281,0.515308576107803,-0.425308842095089,-0.0899997338435846
0.725,0.965593823223365,-0.577408219862745,-0.388185603293064,0.539357712060029,-0.365487364618919,-0.173870347256051
0.7255,0.970804547938421,-0.448019340287199,-0.522785207591569,0.550128172738996,-0.296669996665962,-0.253458175876602
0.726,0.952098111478758,-0.307591997070931,-0.644506114357545,0.547353397902524,-0.220544866356765,-0.326808531342791
0.7265,0.909956606919535,-0.159600782222549,-0.750355824657315,0.531097697385391,-0.13898998566595,-0.392107711514935
0.727,0.845407683132876,-0.00767036711324189,-0.83773731599155,0.501769060084162,-0.0540141850138897,-0.447754874869264
0.7275,0.760035355936522,0.144444128862488,-0.904479484783204,0.460081375232026,0.0322947557226235,-0.492376130762087
0.728,0.655960270494317,0.293000315548505,-0.948960586039682,0.407066625699819,0.117804981394464,-0.524871606914909
0.7285,0.53572107574909,0.434349176307535,-0.970070252066231,0.344029695315395,0.200416928132546,-0.544446623286173
0.729,0.402298275097662,0.564992904728744,-0.96729117984852,0.272518133328015,0.278093502646893,-0.550611635834728
0.7295,0.258969534222151,0.681733283687475,-0.940702817943704,0.194300654363856,0.348920744744994,-0.543221398993709
0.73,0.109256577407343,0.781683317651279,-0.890939895103824,0.111295335709115,0.411159613845143,-0.522454949466993
0.7305,-0.0431346645060958,0.862383185126327,-0.819248520675445,0.0255507881841081,0.463270997603792,-0.488821785730659
0.731,-0.194475341555478,0.921856109729784,-0.727380768238172,-0.0608213774173573,0.503977278917529,-0.443155901474364
0.7315,-0.34102091513259,0.95862000848089,-0.617599093419246,-0.145699565414347,0.532273868222878,-0.386574302814791
0.732,-0.479168248852105,0.971787446669293,-0.492619197893467,-0.226985869636642,0.547462116497174,-0.320476246898708
0.7325,-0.60552515374259,0.961023420145796,-0.35549826648294,-0.302686204852984,0.549173291859529,-0.246487087075695
0.733,-0.716960027401457,0.926592427447927,-0.209632400127694,-0.370932597504366,0.537358793904146,-0.166426196498203
0.7335,-0.810751797047822,0.869353830799062,-0.0586020338319543,-0.430043525150047,0.51231459396939,-0.0822710689446142
0.734,-0.884574856605958,0.790699223504451,0.0938756330232898,-0.478569126045938,0.47465573991045,0.00391338598645312
0.7345,-0.936614440449979,0.692582169358286,0.244032271017898,-0.515306633886481,0.42530707936223,0.0899995543551215
0.735,-0.96560039755256,0.57740957453008,0.388190822954924,-0.53935840542795,0.365489222303289,0.173869182939602
0.7355,-0.97079817508365,0.448015076403782,0.522783098620215,-0.550128997454928,0.296668794324554,0.253460202933942
0.736,-0.952101713383891,0.307597425386622,0.644504287946988,-0.547351400619838,0.220544933779527,0.326806466637343
0.7365,-0.909957205850055,0.159596389368012,0.750360816442372,-0.531100051546607,0.138991070809767,0.392108980532334
0.737,-0.84540316037383,0.00767196089708897,0.837731199448656,-0.501767301850821,0.054012394814807,0.447754906835005
0.7375,-0.760041944753693,-0.144442304117173,0.904484248855059,-0.460081833183293,-0.032292988671535,0.492374821662265
0.738,-0.655954291314721,-0.293004793838194,0.948959085149777,-0.407067641847797,-0.117806012563815,0.524873654232238
0.7385,-0.535724038083453,-0.434343873608044,0.970067911701103,-0.344027627449472,-0.200417042682155,0.544444669969858
0.739,-0.402299499384542,-0.564996885488617,0.967296384895274,-0.272520409763705,-0.278092298239316,0.55061270786284
0.7395,-0.258964652505884,-0.681732219802462,0.940696872342425,-0.194299089557476,-0.348922543909291,0.543221633351626
0.74,-0.109263116202196,-0.781681059985333,0.890944176232731,-0.111295563545377,-0.41115795081596,0.522453514274071
0.7405,0.0431402083093619,-0.862387825510854,0.819247617256706,-0.0255519779847939,-0.46327185468367,0.488823832611223
0.741,0.194473021051853,-0.921850978879484,0.727377957891497,0.060823492887596,-0.50397756679668,0.443154073883276
0.7415,0.341019103248853,-0.958623555591929,0.617604452414023,0.145697385567903,-0.532272561170279,0.386575175608637
0.742,0.479173427318607,-0.971786901070883,0.492613473828556,0.226987233843733,-0.547463906804254,0.320476672998696
0.7425,0.605518726321618,-0.961020769374255,0.35550204313237,0.302686199817262,-0.549171744677557,0.246485544929445
0.743,0.71696510007641,-0.926597178209183,0.209632078213997,0.370931252779164,-0.537359475786854,0.166428223106112
0.7435,0.810750114318934,-0.869348914453455,0.0585988002152343,0.430045665734912,-0.512315045211617,0.0822693796019765
0.744,0.884572499018657,-0.790702320507897,-0.0938701784325419,0.47856705993457,-0.474654347139116,-0.00391271264641912
0.7445,0.936619853155625,-0.692582125887455,-0.244037727194373,0.515307792564866,-0.425308843813552,-0.0899989485821844
0.745,0.965594139240472,-0.577406572635969,-0.388187566536946,0.539358614019927,-0.365487801180656,-0.173870812654212
0.7455,0.970802746925654,-0.448019886891327,-0.522782859974674,0.550127517260698,-0.296669301647339,-0.253458215416926
0.746,0.952100658354477,-0.307592762354335,-0.64450789594986,0.547353544517136,-0.22054553724658,-0.326808007067588
0.7465,0.90995434801452,-0.159599024855014,-0.750355323119835,0.531098114503322,-0.138989609376851,-0.392108504921965
0.747,0.845408745121253,-0.00767239919148817,-0.83773634590168,0.501768252268398,-0.0540141173659331,-0.447754134701455
0.7475,0.760035909254232,0.144445613483904,-0.904481522722328,0.460082244537885,0.032294275167887,-0.492376519513209
0.748,0.655958338709091,0.292999972755132,-0.948958311461083,0.407066046148839,0.117805677496864,-0.524871723466329
0.7485,0.535723595005835,0.434348248582821,-0.970071843598261,0.344029753727011,0.200416299144287,-0.544446052709529
0.749,0.402296189725353,0.564994717979626,-0.967290907727093,0.272518615235124,0.278093811316493,-0.550612426411436
0.7495,0.258970348005576,0.681731323933033,-0.940701671972687,0.194299831115377,0.348920878232223,-0.54322070923246
0.75,0.109257352834669,0.78168463199963,-0.890941984879502,0.111296165280249,0.411159095779724,-0.522455260972708
0.7505,-0.0431367029146978,0.862383041033942,-0.819246338174458,0.0255502870395493,0.463271687992902,-0.488821974975209
0.751,-0.194472873207343,0.921855035282691,-0.727382162139213,-0.0608214041245975,0.503976696197477,-0.443155292047071
0.7515,-0.341022813928901,0.958621857716038,-0.617599043858083,-0.145699026074251,0.532274109078011,-0.386575083010021
0.752,-0.479167680895434,0.971785575255399,-0.492617894436244,-0.226986699693673,0.54746231180362,-0.320475612148123
0.7525,-0.605524172917241,0.961024558517164,-0.355500385679656,-0.302685421418416,0.549172742860952,-0.246487321511687
0.753,-0.716962148249534,0.926592475231171,-0.209630327062861,-0.370933018627065,0.537359472120187,-0.166426453591545
0.7535,-0.810749401444999,0.86935262612569,-0.058603224761405,-0.430043633193909,0.51231406125452,-0.0822704281858818
0.754,-0.884576558128549,0.790701089295176,0.0938754687551555,-0.478568536881254,0.474655913421622,0.00391262331059767
0.7545,-0.936614113654808,0.69258040078116,0.244033712799852,-0.51530746241927,0.425307332035071,0.0900001302150698
0.755,-0.965599229346024,0.577410533168068,0.3881886961104,-0.539357673819294,0.365488648976826,0.173869024657409
0.7555,-0.970800354385635,0.448015307655462,0.52278504667052,-0.55012933778296,0.296669454292797,0.253459883293732
0.756,-0.952099410751898,0.307596107561972,0.644503303139645,-0.547351585586072,0.2205444541675,0.326807131215605
0.7565,-0.909958701761777,0.159598252933458,0.750360448788647,-0.531099420334172,0.138991178081253,0.392108242048413
0.757,-0.845403067926775,0.00767030805320657,0.837732759845484,-0.501768120885845,0.0540127000286975,0.447755420656139
0.7575,-0.76004060825235,-0.144441527072173,0.904482135308716,-0.460081158352008,-0.0322935797577288,0.492374737917174
0.758,-0.655956505514684,-0.293004388953,0.948960894464545,-0.407067901424153,-0.117805376489567,0.524873277734346
0.7585,-0.535721846907709,-0.434345287119596,0.970067134036912,-0.344027884360032,-0.200417466737343,0.544445350935606
0.759,-0.402300783685071,-0.564995042132789,0.967295825839975,-0.272519744366524,-0.278092255506225,0.550611999732568
0.7595,-0.258964785605814,-0.681733745669588,0.94069853130948,-0.19429989154354,-0.348922191289447,0.543222082717846
0.76,-0.109261631334404,-0.781680464555242,0.890942095934848,-0.111294949686922,-0.411158553193662,0.522453502793319
0.7605,0.0431379821336192,-0.862387258106779,0.819249276028373,-0.02555215763407,-0.463271247684012,0.48882340526084
0.761,0.194475084129351,-0.921852470405433,0.727377386339948,0.0608231695023344,-0.503977933481286,0.443154763953143
0.7615,0.341018034258751,-0.958621749489691,0.617603715301886,0.145698077280991,-0.532272580719013,0.386574503444283
0.762,0.479173079299014,-0.971788290417371,0.492615211194637,0.226986455979859,-0.547463512160753,0.32047705621907
0.7625,0.605520339011055,-0.961020353816208,0.355500014884886,0.302686749272259,-0.549172352036521,0.246485602833412
0.763,0.71696288401381,-0.926596460516694,0.209633576584108,0.370931151491491,-0.537358902546204,0.166427751153135
0.7635,0.810752034590129,-0.869350466298612,0.0585984317891976,0.430045281762966,-0.51231535334342,0.0822700717057244
0.764,0.884571646795074,-0.790700567634699,-0.0938710790821567,0.478567770164925,-0.474654426202167,-0.00391334381372272
0.7645,0.936619302487389,-0.692583370887723,-0.244035931525871,0.515307045369879,-0.425308412713748,-0.0899986324870021
0.765,0.965595858819691,-0.577406333536951,-0.388189525215184,0.539359096407566,-0.365488407423528,-0.173870688798979
0.7655,0.970800562051703,-0.44801903209121,-0.52278152990084,0.55012749207364,-0.296668766328559,-0.253458725548649
0.766,0.95210242310389,-0.307594356969623,-0.644508066083985,0.547353106190644,-0.220545786260396,-0.32680731972728
0.7665,0.909953711852883,-0.159597340010957,-0.750356371802255,0.531098835595558,-0.138989744724061,-0.39210909066699
0.767,0.845408005532524,-0.00767349374322572,-0.837734511761214,0.501767541720341,-0.0540136555001479,-0.447753886019183
0.7675,0.760037714619435,0.144445681108631,-0.904483395712259,0.460082657955156,0.0322936758751543,-0.492376333637748
0.768,0.655956204926319,0.293000950695863,-0.948957155619042,0.407066094156951,0.117806171270944,-0.52487226524852
0.7685,0.535725193552602,0.434346628435291,-0.970071821997499,0.344029267547191,0.200416109217021,-0.544445376602443
0.769,0.402295766852961,0.564996321268363,-0.967292088143439,0.272519339745414,0.27809362332745,-0.550612962932683
0.7695,0.258969434490275,0.681730384218702,-0.940699818743056,0.194299162589529,0.348921365110651,-0.543220527585039
0.77,0.109259222923612,0.781684534591673,-0.890943757560487,0.111296508571729,0.411158508962462,-0.522455017446926
0.7705,-0.0431387670246439,0.862384127533455,-0.819245360564024,0.0255504047477,0.463272137152328,-0.488822541842786
0.771,-0.194471449488728,0.921853406373746,-0.727381956948884,-0.0608219314613185,0.503976564753381,-0.443154633266254
0.7715,-0.341023028238368,0.958623367273833,-0.617600339106411,-0.145698305314929,0.532273872449454,-0.386575567140786
0.772,-0.479168752278441,0.97178479308529,-0.492616040883128,-0.226987321452119,0.547462817936864,-0.32047549652292
0.7725,-0.605522258921982,0.961024303851336,-0.355502045009087,-0.302685148680003,0.549172173694666,-0.246487025083813
0.773,-0.716964125549241,0.926593655257627,-0.209629529789609,-0.370932835245517,0.537359874154931,-0.166427039007836
0.7735,-0.810748159128629,0.869351004618356,-0.0586028455704404,-0.43004419486909,0.512313987147946,-0.0822697924041267
0.774,-0.884576570428214,0.790702494358869,0.0938740759911258,-0.478567826708687,0.474655632461873,0.00391219409777895
0.7745,-0.936615325979277,0.692579777221218,0.244035548684262,-0.51530803331523,0.425307851716941,0.0900001814291607
0.775,-0.965597291827328,0.577410130223937,0.388187161535834,-0.539357471359249,0.365488102251643,0.173869368922547
0.7755,-0.970802229288733,0.44801656589164,0.52278566333744,-0.550129093224885,0.296669807253692,0.253459285774761
0.776,-0.952098354379365,0.307594508877686,0.644503845451398,-0.547352174730469,0.220544435744127,0.326807738783375
0.7765,-0.909958520293968,0.159599544199967,0.750358976054329,-0.531098727198594,0.138990857350371,0.392107869643717
0.777,-0.845404403599891,0.00766984258666608,0.83773456098514,-0.501768637486969,0.0540132276576555,0.447755409628305
0.7775,-0.760038666976722,-0.144442068249314,0.904480735210229,-0.460081025225363,-0.0322940996675727,0.492375124700374
0.778,-0.655958264073956,-0.29300306794809,0.948961332018907,-0.407067600593755,-0.117805073994948,0.52487267440933
0.7785,-0.535720979029176,-0.434346848418994,0.970067827457776,-0.344028494122184,-0.200417431603563,0.544445925563979
0.779,-0.402300418229557,-0.564993872478567,0.967294290730239,-0.272519074285957,-0.27809261125114,0.550611685396916
0.7795,-0.258966226567124,-0.68173405507087,0.940700281672071,-0.194300351086255,-0.348921661160104,0.543222012131219
0.78,-0.109259705286947,-0.781681132994843,0.890940838326992,-0.111294884315235,-0.411159042355157,0.522453926583127
0.7805,0.043136352160471,-0.862385889744689,0.819249537639432,-0.0255518057783892,-0.46327099650096,0.488822802222108
0.781,0.194475762897136,-0.921853980722927,0.727378217889658,0.0608225458902181,-0.503977847347816,0.44315530143179
0.7815,0.341018572541982,-0.958620707759463,0.617602135288427,0.145698718761294,-0.532272966578194,0.386574247823161
0.782,0.479171551384465,-0.971788447212128,0.492616895903942,0.226986055591316,-0.54746298477656,0.32047692922342
0.7825,0.605522231778443,-0.961021137767053,0.355498906068343,0.302686749059222,-0.549172806977617,0.246486057987545
0.783,0.716961393114678,-0.926595060030022,0.209633666996567,0.370931548847708,-0.537358702987371,0.166427154238085
0.7835,0.810752525490913,-0.869351913095144,0.0585993876849455,0.430044650922932,-0.512315219156574,0.0822705683589141
0.784,0.884572345531437,-0.790699658637935,-0.0938726868152837,0.47856837800657,-0.474654837186483,-0.00391354067105193
0.7845,0.936617706038592,-0.692583379871284,-0.244034326093512,0.515306705570787,-0.425307893076537,-0.0899988123251207
0.785,0.965597701325638,-0.577407220614363,-0.388190480643718,0.539359033326399,-0.365488825147841,-0.173870207993499
0.7855,0.970799218931416,-0.448017614393628,-0.522781604478134,0.550127929192914,-0.296668618192859,-0.253459310803624
0.786,0.952102729151666,-0.307595728840754,-0.64450700026063,0.547352474540777,-0.220545607310661,-0.326806867027147
0.7865,0.90995455762409,-0.159596567071075,-0.750357990513344,0.531099405295013,-0.138990175807213,-0.392109229283293
0.787,0.845406358870964,-0.00767336094621226,-0.837732997896668,0.501767263298825,-0.0540131483295305,-0.447754114768285
0.7875,0.760039491072432,0.144444703777511,-0.904484194834136,0.460082535219817,0.0322932978789917,-0.492375832906246
0.788,0.655955016496362,0.293002371140644,-0.948957387633867,0.407066565153633,0.117806268675017,-0.524872833649277
0.7885,0.535725319429793,0.434345341695087,-0.970070661134485,0.344028641247748,0.200416329341209,-0.544444970427189
0.789,0.402296745369448,0.564996956285666,-0.967293701677228,0.272519867355504,0.278093177158676,-0.550613044374
0.7895,0.258967755666407,0.681730651639789,-0.940698407340274,0.194298945705801,0.348921855411284,-0.543220801001944
0.79,0.109260918826676,0.781683480222123,-0.890944399094002,0.111296329841741,0.411158172716561,-0.522454502471036
0.7905,-0.0431397956397114,0.862385536834153,-0.819245741249656,0.0255509036511345,0.463272184979747,-0.488823088573639
0.791,-0.194471497545769,0.921852213721681,-0.727380716239777,-0.060822546556904,0.503976822212695,-0.443154275629983
0.7915,-0.341021931962034,0.958623863917626,-0.617601932026536,-0.145697823169778,0.532273416147131,-0.386575592983614
0.792,-0.479170445649671,0.971785186964728,-0.492614741391336,-0.226987477241391,0.547463287310024,-0.320475810106808
0.7925,-0.605520656684442,0.961023185858813,-0.355502529254103,-0.302685379353418,0.549171880732443,-0.246486501448175
0.793,-0.716964990986816,0.926595040205729,-0.209630049300138,-0.370932314429564,0.537359873993754,-0.166427559662613
0.7935,-0.810748373454885,0.869349913728609,-0.0586015403544382,-0.430044793258353,0.51231427789985,-0.0822694847667682
0.794,-0.884575371899459,0.790702853539037,0.0938725182822034,-0.478567392823311,0.474655170871366,0.00391222180291062
0.7945,-0.936617016870597,0.692580288504378,0.244036728292424,-0.51530812902763,0.425308296476076,0.0899998323824252
0.795,-0.965595794919784,0.577408962086019,0.388186832766209,-0.539357749588742,0.365487853623237,0.173869895780446
0.7955,-0.97080292990821,0.448017914061583,0.522785015786974,-0.550128556455063,0.296669761091694,0.253458795166937
0.796,-0.952098726014033,0.307593526119469,0.644505199844283,-0.547352751300735,0.22054475559048,0.326807995507287
0.7965,-0.909957235370368,0.159599768122283,0.750357467208414,-0.531098343784076,0.138990395167814,0.392107948411756
0.797,-0.845406075712943,0.00767046145500336,0.837735614229856,-0.501768674680662,0.0540136445075202,0.447755029972133
0.7975,-0.760037285558932,-0.144443273126755,0.90448055866988,-0.460081346343893,-0.0322943033855135,0.492375649536844
0.798,-0.655958799901435,-0.293001768110707,0.948960568009003,-0.40706705373686,-0.117805163806053,0.524872217363539
0.7985,-0.535721497856645,-0.434347717988797,0.970069215855047,-0.344029044184006,-0.200417086969365,0.544446130991602
0.799,-0.402299062950109,-0.56499378038792,0.967292843360143,-0.272518742972308,-0.278093069518244,0.550611812350371
0.7995,-0.258967864460348,-0.681733339072961,0.940701203567387,-0.194300331822547,-0.348921275107634,0.54322160681504
0.8,-0.109258447978112,-0.781682361404287,0.890940809427602,-0.111295243432908,-0.411159201045478,0.52245444439112
0.8005,0.0431359795017567,-0.862384648847437,0.819248669400895,-0.0255512545562218,-0.463271127283424,0.488822381782404
0.801,0.194475108001482,-0.921854733354577,0.727379625416961,0.0608220265750483,-0.503977482294541,0.443155455693684
0.8015,0.341019982119535,-0.958620742937228,0.61760076088864,0.145698996916895,-0.532273416646897,0.386574419736262
0.802,0.479169962181763,-0.971787645049796,0.492617682944312,0.226986128788832,-0.547462631991359,0.320476503240703
0.8025,0.605523357919683,-0.961022376819381,0.355499018979431,0.302686356998468,-0.549172920964745,0.246486564035428
0.803,0.716961180485837,-0.92659388766957,0.209632707264957,0.370932098907831,-0.537358871776873,0.166426772967464
0.8035,0.810751746511192,-0.869352546328498,0.0586007998980208,0.430044166118988,-0.51231483807024,0.0822706720765229
0.804,0.884573793487343,-0.790699815475306,-0.0938739779338193,0.478568602506298,-0.474655275030608,-0.00391332732665489
0.8045,0.936616178925729,-0.692582502891439,-0.244033675960495,0.515306829759831,-0.425307575603574,-0.0899992539871281
0.805,0.965598690805176,-0.577408457850809,-0.388190232886812,0.539358613488906,-0.365488895176393,-0.173869718127455
0.8055,0.970799161771308,-0.448016519104718,-0.522782642606937,0.550128472803708,-0.296668821779106,-0.253459650828171
0.806,0.952101838779398,-0.307596241475464,-0.644505597253652,0.547352027522071,-0.220545214551262,-0.326806812767841
0.8065,0.909956028325324,-0.159596839011414,-0.750359189274239,0.531099576182101,-0.138990597685814,-0.392108978291781
0.807,0.845404906090501,-0.00767242075189694,-0.83773248531052,0.501767435164291,-0.05401286778661,-0.447754567176671
0.8075,0.760040339948991,0.144443480282576,-0.904483820215761,0.460082092827516,0.0322932706688415,-0.492375363303795
0.808,0.655955108924685,0.293003381924037,-0.948958490845583,0.407067097309221,0.11780603370695,-0.524873130836797
0.8085,0.535724330911758,0.434344949639842,-0.970069280561205,0.344028234786275,0.20041672948092,-0.544444964105425
0.809,0.402298223609287,0.564996576644193,-0.967294800275595,0.272519985191415,0.278092774676856,-0.550612759728091
0.8095,0.258966388233206,0.6817316433126,-0.940698031579885,0.194299161607359,0.348922097831514,-0.543221259323733
0.81,0.109261624686,0.78168228176735,-0.890943906498552,0.111295870119196,0.411158186816512,-0.522454056848442
0.8105,-0.0431395607109253,0.862386456805511,-0.8192468961498,0.0255514196639328,0.46327192220784,-0.488823341814531
0.811,-0.1944725705591,0.92185194105794,-0.727379370562707,-0.0608229101972642,0.503977225546041,-0.443154315322968
0.8115,-0.341020460833935,0.958623384715061,-0.617602923952073,-0.145697757332249,0.532273036163192,-0.386575278837204
0.812,-0.479171718004558,0.971786218366563,-0.492614500438284,-0.226987221220538,0.547463490834062,-0.320476269651699
0.8125,-0.6055200947695,0.961022023032347,-0.35550192834258,-0.302685851229777,0.54917193429592,-0.246486083135294
0.813,-0.716964621734273,0.926595864200313,-0.209631242547264,-0.370931818896542,0.537359587117585,-0.166427768319465
0.8135,-0.810749517058509,0.86934975815959,-0.0586002411817952,-0.430045112322775,0.512314680382471,-0.082269568184967
0.814,-0.884573921858132,0.79070228354425,0.0938716382356639,-0.478567377470571,0.474654816139827,0.00391256118170919
0.8145,-0.93661818574102,0.692581347986631,0.244036837680593,-0.515307837031307,0.425308460739712,0.0899993761224659
0.815,-0.965595376441827,0.577407844692227,0.388187531682043,-0.539358228538856,0.365487944497322,0.173870283856476
0.8155,-0.970802435473125,0.448018638059396,0.522783797354076,-0.550128085360647,0.296669453891511,0.253458631272704
0.816,-0.952099926193695,0.307593484307603,0.644506441835812,-0.547353024539392,0.220545153353659,0.326807870982764
0.8165,-0.909955819607915,0.159599116621875,0.750356702946369,-0.531098376975501,0.138990068084254,0.392108308686742
0.817,-0.845407134044491,0.00767153757887622,0.83773559643753,-0.501768351030125,0.0540137695424256,0.447754581286691
0.8175,-0.760037008640213,-0.144444336130047,0.904481344754453,-0.460081827429349,-0.0322941776265335,0.49237600486332
0.818,-0.655958190260901,-0.293001146993331,0.948959337251093,-0.407066610638988,-0.117805487509319,0.524872097968933
0.8185,-0.535722740629424,-0.43434765034629,0.97007039098532,-0.344029270843291,-0.200416697588445,0.544445968269968
0.819,-0.402297693780068,-0.564994503701194,0.967292197503376,-0.272518822376734,-0.278093366925577,0.550612189162131
0.8195,-0.258968806562767,-0.681732257434237,0.940701064031082,-0.19429998096724,-0.348921188890588,0.543221169742688
0.82,-0.109258309445591,-0.781683361957532,0.890941671448325,-0.111295721898979,-0.411159043065288,0.522454764877001
0.8205,0.0431366936661864,-0.862384132376954,0.819247438765982,-0.0255508425940084,-0.463271463666922,0.488822306203689
0.821,0.194473836452913,-0.921854561444062,0.727380725055014,0.0608218467657425,-0.503977104725787,0.443155257934237
0.8215,0.341021293345151,-0.958621528075185,0.61760023480098,0.145698873982396,-0.532273682721551,0.386574808745416
0.822,0.479169140635861,-0.971786568615985,0.492617428056402,0.226986502319756,-0.547462583821796,0.320476081540216
0.8225,0.605523362450036,-0.961023307802371,0.355499945432068,0.302685885684304,-0.549172733629311,0.246486848014157
0.823,0.716961987920822,-0.926593476524242,0.209631488684643,0.370932477027199,-0.537359217052983,0.166426740124206
0.8235,0.810750459711406,-0.869352276133062,0.0586018165023714,0.430044032964647,-0.512314475487027,0.0822704426476507
0.824,0.884575036448444,-0.790700652263516,-0.093874384106709,0.478568439035829,-0.474655508488603,-0.00391293039819165
0.8245,0.936615480915228,-0.692581441888088,-0.244034038953344,0.515307221404731,-0.425307564373951,-0.0899996568616506
0.825,0.965598566835715,-0.577409313112855,-0.388189253655304,0.539358153602205,-0.365488681517797,-0.173869471899349
0.8255,0.970800050784626,-0.448016212913148,-0.522783837811824,0.550128814813355,-0.296669172230719,-0.253459642386205
0.826,0.95210054984108,-0.307595879683847,-0.644504670106953,0.547351940383215,-0.220544869850265,-0.326807070329983
0.8265,0.909957193791103,-0.159597717195581,-0.750359476555851,0.531099375439032,-0.138990797612685,-0.39210857762184
0.827,0.845404333272777,-0.00767138483168601,-0.837732948413007,0.501767840374631,-0.0540128920769239,-0.447754948096698
0.8275,0.760040094000701,0.144442705903153,-0.904482799888046,0.460081648356026,0.0322935074886885,-0.492375155652151
0.828,0.655956067516759,0.293003584535888,-0.948959652049508,0.407067401386349,0.117805681693291,-0.524873082900266
0.8285,0.535723052425647,0.434345395727266,-0.970068448162518,0.344028192603557,0.200417053696371,-0.544445246138159
0.829,0.40229930348265,0.564995667295495,-0.96729497080026,0.27251975066557,0.278092608832487,-0.550612359357876
0.8295,0.258965940982705,0.681732645139817,-0.9406985861566,0.194299575891288,0.348922039727022,-0.54322161550317
0.83,0.109261264193143,0.781681592434029,-0.890942856672375,0.111295444736092,0.411158443541915,-0.522453888190742
0.8305,-0.0431385447179163,0.862386558159513,-0.819248013496811,0.0255516844291172,0.463271572111187,-0.488823256483062
0.831,-0.19447382662479,0.921852463625331,-0.727378637064408,-0.0608229088753987,0.503977526979065,-0.443154618077858
0.8315,-0.341019473484706,0.95862245431204,-0.61760298089828,-0.145698021967806,0.532272904599292,-0.386574882637748
0.832,-0.479172040546853,0.971787177794546,-0.492615137323972,-0.22698680225697,0.547463400878538,-0.320476598659743
0.8325,-0.605520561569339,0.961021421911386,-0.35550086042178,-0.302686254188499,0.549172207612859,-0.24648595349351
0.833,-0.716963560570859,0.926595867504371,-0.209632307014737,-0.37093159438432,0.537359242254399,-0.166427647968501
0.8335,-0.810750739448397,0.869350348972781,-0.0585996096050985,-0.430045069309783,0.512314957052237,-0.0822698878677253
0.834,-0.884573032780426,0.790701341982895,0.0938716907193126,-0.478567668402748,0.474654718713664,0.00391294954004814
0.8345,-0.936618385608173,0.692582257464167,0.244036128070211,-0.515307417645573,0.425308341123987,0.0899990763524573
0.835,-0.965595940620875,0.577407333963207,0.388188606590112,-0.539358606092785,0.365488231068011,0.173870374839716
0.8355,-0.970801341301776,0.448018547339711,0.522782793902412,-0.550127901613019,0.296669117390221,0.253458784026366
0.836,-0.952101104444881,0.30759413481126,0.644506969583339,-0.547352941978058,0.220545403601515,0.326807538173575
0.8365,-0.909955033358035,0.159598173496812,0.750356859821552,-0.531098690293964,0.138990004327882,0.392108685761576
0.837,-0.84540721437534,0.00767239035181187,0.837734823995444,-0.501767935307582,0.0540136226543492,0.447754312452224
0.8375,-0.760037660695664,-0.144444755254537,0.904482415934394,-0.460082176967849,-0.0322938811302869,0.492376057905573
0.838,-0.655957075060844,-0.293001326965216,0.948958402022921,-0.40706646775101,-0.117805812730873,0.524872280302508
0.8385,-0.535723865140206,-0.434346948932356,0.970070814082168,-0.344029151171317,-0.200416475096218,0.544445626105766
0.839,-0.40229701372834,-0.564995439177295,0.96729245292775,-0.272519154115854,-0.278093397787324,0.550612551762997
0.8395,-0.258968771525682,-0.6817314672905,0.940700238850259,-0.19429957278862,-0.348921360497468,0.543220933170948
0.84,-0.109259039415598,-0.781683689203603,0.890942728664404,-0.111296041191203,-0.411158739930199,0.522454781034137
0.8405,0.0431378182075721,-0.862384396161279,0.819246578008922,-0.0255507402604774,-0.463271774921077,0.488822515124313
0.841,0.194472774365575,-0.921853818030455,0.727381043728746,0.0608220008515941,-0.503976910998487,0.443154910121085
0.8415,0.341021864997969,-0.958622447145144,0.617600582218121,0.145698527802784,-0.532273681750817,0.386575153954294
0.842,0.479169285926013,-0.971785846173349,0.492616560323615,0.226986899307515,-0.547462777459858,0.320475878190518
0.8425,0.605522564870751,-0.961023543798669,0.355500979007651,0.302685598483489,-0.549172427070452,0.246486828656113
0.843,0.716963110509276,-0.926593818093437,0.209630707665385,0.370932539492216,-0.537359511898797,0.166426972505003
0.8435,0.810749467765677,-0.869351499668959,0.0586020319839957,0.430044218545428,-0.512314311213168,0.0822700927930105
0.844,0.88457549864412,-0.79070154669175,-0.0938739518741515,0.47856808237122,-0.474655477012335,-0.00391260520985006
0.8445,0.936615730485862,-0.692580791351853,-0.244034939060214,0.515307603814184,-0.425307777253121,-0.0899998263919343
0.845,0.965597712181685,-0.577409459347091,-0.388188252767038,0.53935789995029,-0.365488374650382,-0.173869525114849
0.8455,0.9708011606123,-0.448016625734647,-0.522784534817998,0.550128838454109,-0.296669448487432,-0.253459389770246
0.846,0.952099634755328,-0.307595079068592,-0.644504555636454,0.547352154355302,-0.220544735404176,-0.326807418748158
0.8465,0.909957546576893,-0.159598579326386,-0.750358967210837,0.531099012182906,-0.138990737198802,-0.392108274779598
0.847,0.845404680387037,-0.00767080953563587,-0.837733870823317,0.501768205099941,-0.0540131213359738,-0.447755083562958
0.8475,0.760039192924038,0.14444264713419,-0.904481840042421,0.460081429324764,0.0322938116753921,-0.492375240807594
0.848,0.65595715434691,0.293003107415395,-0.948960261759166,0.407067387580452,0.117805425935869,-0.524872813336947
0.8485,0.535722219894658,0.434346211728399,-0.970068431632663,0.3440284317164,0.200417158245169,-0.5444455897998
0.849,0.402299547965089,0.564994844487687,-0.96729439247489,0.272519384614192,0.278092696400281,-0.550612080874293
0.8495,0.25896637823643,0.681733142729686,-0.940699521000194,0.194299920126697,0.348921796989773,-0.543221717001329
0.85,0.109260327355361,0.781681618080227,-0.89094194548079,0.111295261017072,0.411158742208366,-0.522454003138173
0.8505,-0.0431374904752714,0.862386024029219,-0.819248533609162,0.0255516348603802,0.46327133848535,-0.488822973288488
0.851,-0.194474571942685,0.921853286460632,-0.727378714581813,-0.0608226479816674,0.503977601853924,-0.443154953846449
0.8515,-0.34101933519438,0.958621677180588,-0.617602342057154,-0.145698387148181,0.532273017347736,-0.386574630205815
0.852,-0.479171521125688,0.971787596068023,-0.492616075018614,-0.226986481002348,0.547463147575404,-0.320476666611231
0.8525,-0.605521523601137,0.961021528230085,-0.355500004708681,-0.30268640227483,0.549172498090586,-0.246486095884907
0.853,-0.716962547792688,0.926595283904743,-0.209632736193278,-0.370931677754892,0.537359032110212,-0.166427354453742
0.8535,-0.810751393933607,0.869351170378196,-0.0585997765253039,-0.430044790067233,0.51231500275509,-0.082270212813128
0.854,-0.884572997628337,0.790700616175158,0.0938723813749607,-0.478568029206061,0.474654854506924,0.00391317455010215
0.8545,-0.936617792458625,0.692582595647025,0.244035196737804,-0.515307121536622,0.42530808014923,0.0899990412182626
0.855,-0.965596917472579,0.57740751658416,0.388189400820863,-0.539358718584866,0.365488510878419,0.173870207521388
0.8555,-0.97080037809545,0.448017921978957,0.52278245605684,-0.550128016577722,0.296668931794109,0.253459084587181
0.856,-0.952101665508668,0.307594946878652,0.644506718579735,-0.547352647854686,0.220545420896477,0.32680722675524
0.8565,-0.909955097416303,0.159597503928584,0.750357593448048,-0.531099043401725,0.138990160895002,0.392108882302218
0.857,-0.845406556302317,0.00767264847872055,0.837733907795511,-0.501767666175677,0.0540133568568489,0.447754309117819
0.8575,-0.760038642278794,-0.144444501260799,0.904483143523786,-0.460082254247777,-0.0322936142597373,0.492375868314952
0.858,-0.655956168717341,-0.293001986292863,0.948958155007065,-0.407066611887064,-0.117805972994731,0.524872584702421
0.8585,-0.535724331207136,-0.434346153693234,0.970070484909975,-0.344028845635916,-0.200416485201113,0.54444533067526
0.859,-0.402297172269353,-0.564996048339185,0.967293220630653,-0.272519496421568,-0.278093222824805,0.550612719106192
0.8595,-0.258968057599392,-0.681731288409797,0.940699346043268,-0.194299332127673,-0.348921628339965,0.543220960352497
0.86,-0.109260016013342,-0.781683369254805,0.890943385313351,-0.111296083966808,-0.411158488052475,0.522454571932018
0.8605,0.0431386612505907,-0.86238508165472,0.819246420459344,-0.0255509109624296,-0.463271909346673,0.488822820251861
0.861,0.194472403884301,-0.921853046636606,0.727380642816172,0.0608223143631077,-0.503976947271157,0.443154632882241
0.8615,0.341021617422591,-0.958622992492245,0.617601375140599,0.145698199172261,-0.532273490851346,0.386575291685346
0.862,0.479170046469017,-0.971785744993966,0.492615698601228,0.226987110341586,-0.547463044664741,0.320475934361331
0.8625,0.605521602524678,-0.961023163728044,0.355501561283098,0.302685589198997,-0.549172192008127,0.24648660287828
0.863,0.716963884694589,-0.926594522020654,0.209630637407288,0.37093234497966,-0.537359620251687,0.16642727537045
0.8635,0.810749192507342,-0.869350758615666,0.058601566189038,0.430044536661985,-0.512314372218712,0.0822698356819978
0.864,0.884575168120856,-0.790702025575668,-0.0938731424669694,0.47856777003747,-0.474655272687188,-0.0039124972012478
0.8645,0.936616528339158,-0.692580765639168,-0.244035762626194,0.51530778440067,-0.425308041254995,-0.0899997429765459
0.865,0.965596772831803,-0.57740902532959,-0.388187747434656,0.539357922860786,-0.36548815798749,-0.173869764688238
0.8655,0.970801861280594,-0.448017340504852,-0.522784520716089,0.550128623003155,-0.296669530795772,-0.253459092010952
0.866,0.9520994534486,-0.307594374288008,-0.644505079110311,0.547352473800693,-0.220544819527182,-0.326807654070542
0.8665,0.909957139744866,-0.159598989853007,-0.750358149852187,0.531098718500931,-0.138990521985536,-0.392108196310889
0.867,0.845405506267497,-0.00767085641552317,-0.83773464982389,0.501768354747432,-0.0540133797066916,-0.447754974839731
0.8675,0.760038284729881,0.144443128655925,-0.904481413369999,0.46008148287549,0.0322940085988486,-0.492375491281776
0.868,0.655957777744803,0.293002389183989,-0.948960166925653,0.407067154147524,0.117805369392468,-0.524872523360618
0.8685,0.535722130409533,0.434346874901481,-0.970069005320619,0.344028749337124,0.200417052777485,-0.54444580195284
0.869,0.402299071928796,0.564994503471037,-0.967293575421948,0.272519111660608,0.278092919963525,-0.550612031483953
0.8695,0.258967222973297,0.681733026716515,-0.940700249723892,0.19430003866422,0.348921546523238,-0.543221585072317
0.87,0.109259457836546,0.781682140469442,-0.890941598351191,0.111295343420422,0.41115891829931,-0.522454261632466
0.8705,-0.0431369471963165,0.86238530944644,-0.819248362305338,0.0255513864539526,0.463271307188939,-0.48882269358565
0.871,-0.194474572538689,0.9218539033158,-0.727379330840977,-0.0608223351908858,0.503977476948003,-0.443155141731309
0.8715,-0.341019872953235,0.958621406104658,-0.617601533222368,-0.145698637583767,0.532273246746878,-0.386574609169371
0.872,-0.479170666506496,0.971787414908247,-0.49261674847803,-0.226986393436935,0.547462907115331,-0.320476513716571
0.8725,-0.605522347611362,0.961022084728319,-0.355499737196689,-0.302686293012334,0.54917265250325,-0.246486359560067
0.873,-0.716962086586185,0.926594579750757,-0.209632493245795,-0.370931938105626,0.537359025319393,-0.16642708731219
0.8735,-0.810751309313787,0.869351736849267,-0.0586004276161945,-0.430044484940437,0.512314860427011,-0.0822703756118448
0.874,-0.884573589339032,0.790700414774467,0.0938731744863472,-0.478568255626528,0.474655087275335,0.00391316820215817
0.8745,-0.936616936655613,0.692582353794209,0.244034582787608,-0.515307064510749,0.425307851613828,0.0899992127277921
0.875,-0.965597689865208,0.577408100381835,0.388189589415817,-0.539358584634715,0.365488643012312,0.173869941437344
0.8755,-0.970800000037988,0.448017234652146,0.52278276532619,-0.550128285853088,0.296668948560477,0.25345933709618
0.876,-0.952101500020845,0.307595459556445,0.64450604041412,-0.54735235303428,0.220545263247863,0.326807089583449
0.8765,-0.909955735106428,0.159597371272817,0.75035836379394,-0.531099244604856,0.138990394635464,0.392108849764886
0.877,-0.845405707665448,0.00767235079080292,0.837733356846561,-0.501767638978457,0.0540131419692673,0.447754496808181
0.8775,-0.760039357698339,-0.144443896956208,0.904483254638741,-0.460082097931048,-0.0322935047641556,0.492375602502641
0.878,-0.655955874034434,-0.293002650822159,0.948958524853454,-0.407066887105809,-0.117805933808826,0.524872820735261
0.8785,-0.535724089803568,-0.43434569755502,0.970069787368194,-0.34402856355497,-0.200416656007021,0.544445219400222
0.879,-0.402297847850491,-0.564996113808636,0.967293961681242,-0.272519671499501,-0.278092990419718,0.550612661779038
0.8795,-0.258967224063517,-0.68173163673437,0.940698860831965,-0.194299333788314,-0.348921828060276,0.543221161733449
0.88,-0.109260669878597,-0.781682751153596,0.890943421077395,-0.111295907725454,-0.411158401320282,0.522454308958471
0.8805,0.0431388731514634,-0.862385717884398,0.819246844788148,-0.0255511892090423,-0.463271849049252,0.488823038201053
0.881,0.194472715719976,-0.921852649122192,0.727379933466083,0.0608225814957963,-0.503977129033033,0.443154547511428
0.8815,0.341020912071611,-0.95862299292116,0.617602080920496,0.145698050836405,-0.532273261980604,0.38657521115046
0.882,0.479170857443942,-0.971786138480751,0.492615281113088,0.226987081033603,-0.547463227908335,0.320476146912908
0.8825,0.605521014008257,-0.961022538396595,0.355501524468071,0.30268578283083,-0.549172127938425,0.246486345176745
0.883,0.716964015184378,-0.926595124950837,0.209631109847682,0.370932066529387,-0.537359540301408,0.166427473870444
0.8835,0.810749568835285,-0.869350421154379,0.0586008523998083,0.430044786874032,-0.512314562720072,0.0822697759713105
0.884,0.88457444107383,-0.790701963651885,-0.0938724773437262,0.47856764877565,-0.474655049424464,-0.00391259920215078
0.8845,0.93661730982077,-0.692581198602251,-0.244036111144723,0.515307728873932,-0.425308206926443,-0.0899995217783605
0.885,0.965596252667842,-0.577408399132637,-0.388187853467649,0.53935813128516,-0.365488116263741,-0.17387001483636
0.8855,0.970801912463166,-0.448017905665596,-0.522784006737916,0.550128347058514,-0.296669432781544,-0.253458914080538
0.886,0.952099887949269,-0.307594097667524,-0.644505790231464,0.547352705365473,-0.220545016558512,-0.326807688603994
0.8865,0.90995639895186,-0.15959886875791,-0.750357530154278,0.531098624368759,-0.138990306264282,-0.392108317899971
0.887,0.845406251896439,-0.00767132302142239,-0.837734928846931,0.50176827462571,-0.0540135269263463,-0.447754747498355
0.8875,0.760037835134698,0.144443749608689,-0.90448158472758,0.460081703458512,0.0322940284968278,-0.492375731762777
0.888,0.655957752406192,0.293001865711268,-0.948959618114322,0.407066883281365,0.117805483772286,-0.524872366874276
0.8885,0.535722616460696,0.43434709051622,-0.970069706986523,0.344028960780351,0.200416851397585,-0.544445812016168
0.889,0.402298325144161,0.564994680113798,-0.967293005280075,0.272519044448248,0.278093126363033,-0.550612170671101
0.8895,0.258967927001175,0.681732532386159,-0.940700459421413,0.194299935742638,0.34892141841964,-0.543221354047138
0.89,0.109259080250236,0.781682750372066,-0.890941830667504,0.11129557351928,0.411158917081874,-0.522454490513888
0.8905,-0.0431370456431595,0.862384831013782,-0.819247785425836,0.0255511230833781,0.463271436147541,-0.488822559173677
0.891,-0.194474041785194,0.921854058358413,-0.727380016637085,-0.0608221450873106,0.503977273352828,-0.443155128239709
0.8915,-0.341020618237982,0.958621634282625,-0.617601016115589,-0.14569867833858,0.532273442208466,-0.386574763876147
0.892,-0.479170009186636,0.971786898795752,-0.492616889685395,-0.226986517216401,0.547462798579142,-0.320476281400916
0.8925,-0.605522652506772,0.961022678122339,-0.3555000256953,-0.302686056023367,0.549172631056166,-0.246486575101949
0.893,-0.71696225416045,0.926594149134588,-0.209631895055363,-0.370932191736259,0.537359167002522,-0.166426975364685
0.8935,-0.810750740856272,0.869351832322949,-0.0586010915473912,-0.430044317137208,0.512314656683045,-0.0822703396711073
0.894,-0.884574325956992,0.790700690141384,0.0938736357373911,-0.478568270623552,0.474655270355817,0.00391300011870056
0.8945,-0.936616330486301,0.692581821807224,0.244034508605282,-0.515307207084188,0.425307762887921,0.0899994440271379
0.895,-0.965597922120986,0.577408672194838,0.388189249858591,-0.539358343339521,0.365488602380903,0.173869740773559
0.8955,-0.970800232253116,0.448016854050178,0.522783378143284,-0.550128527686793,0.296669101067198,0.253459426423163
0.896,-0.952100900933686,0.307595497000668,0.644505403882736,-0.547352208236024,0.220545061337503,0.326807146695553
0.8965,-0.909956456271402,0.159597689204601,0.750358767027129,-0.531099234764728,0.138990564071475,0.392108670488746
0.897,-0.845405156409197,0.00767180874643346,0.83773334763468,-0.501767798185088,0.0540130730943129,0.447754724889766
0.8975,-0.760039518068214,-0.144443351377361,0.904482869429769,-0.46008185484833,-0.0322935633917498,0.492375418047517
0.898,-0.655956165962572,-0.293002979788295,0.948959145747728,-0.407067115285159,-0.117805772405752,0.524872887511537
0.8985,-0.535723467165427,-0.434345716101638,0.970069183276672,-0.34402844221401,-0.200416854201213,0.544445296253454
0.899,-0.402298547207045,-0.564995758157542,0.967294305386701,-0.272519637945665,-0.278092835706903,0.550612473512387
0.8995,-0.258966730794479,-0.681732183162228,0.940698913990785,-0.194299507395453,-0.348921877237838,0.54322138451815
0.9,-0.109260759782366,-0.781682236014993,0.890942995842561,-0.111295665287008,-0.411158476630543,0.522454141830285
0.9005,0.0431385268133993,-0.862385994161038,0.819247467402853,-0.0255514020859315,-0.463271680683591,0.488823082712281
0.901,0.194473354894982,-0.921852721162323,0.727379366331207,0.0608226791733857,-0.50397732174246,0.443154642543266
0.9015,0.341020240404329,-0.95862260456162,0.617602364228238,0.145698106796991,-0.532273122882255,0.386575016091526
0.902,0.479171290341308,-0.971786683810525,0.492615393545496,0.22698689530591,-0.547463257726769,0.320476362459034
0.9025,0.605520992526069,-0.961022057434978,0.355501064988642,0.302686022300111,-0.549172218510385,0.246486196279423
0.903,0.716963620047736,-0.926595348038997,0.209631728072484,0.370931870386422,-0.53735936689442,0.166427496606421
0.9035,0.810750217662949,-0.86935054377519,0.0586003261929551,0.430044860920231,-0.512314748302536,0.0822698875075765
0.904,0.884573802464691,-0.790701547704625,-0.093872254681847,0.478567725672785,-0.474654926643508,-0.0039127988802424
0.9045,0.936617680646281,-0.6925817375899,-0.244035942982585,0.515307533328836,-0.425308217897784,-0.089999315261923
0.905,0.965596296983667,-0.577407955598581,-0.38818834131753,0.539358365585408,-0.365488220587211,-0.173870144813138
0.9055,0.97080147438037,-0.44801807560285,-0.522783398717866,0.550128168859376,-0.296669256223868,-0.253458912439075
0.906,0.952100539736692,-0.30759426758613,-0.64450627210028,0.547352756040154,-0.220545193508917,-0.326807562328268
0.9065,0.909955798226869,-0.159598430399304,-0.750357367787893,0.531098720590017,-0.138990200316276,-0.392108520069234
0.907,0.845406559622351,-0.00767185070146808,-0.837734708892798,0.501768071566262,-0.0540135197242503,-0.447754551641002
0.9075,0.760037942095341,0.144444152962182,-0.904482095041716,0.460081930531046,0.0322939120029136,-0.492375842341397
0.908,0.655957277403999,0.293001748373355,-0.948959025774216,0.40706672401183,0.1178056616377,-0.524872385470157
0.9085,0.535723264763284,0.434346876905598,-0.970070141678489,0.344028988559324,0.200416684438314,-0.544445672835869
0.909,0.402297766562114,0.564995135704246,-0.967292902288475,0.272519158260502,0.27809321514714,-0.550612373267461
0.9095,0.258968171254327,0.681732020663996,-0.940700191952401,0.194299727449453,0.348921442973126,-0.543221170307438
0.91,0.109259246225382,0.781683111295673,-0.890942357566258,0.111295791460735,0.411158790051192,-0.522454581424661
0.9105,-0.0431375514293324,0.862384765236281,-0.819247213862163,0.0255509835048144,0.463271613541342,-0.488822596988915
0.911,-0.194473403111493,0.921853804936108,-0.727380401888481,-0.0608221395258488,0.503977117590603,-0.443154978038946
0.9115,-0.341021131003327,0.958622101972642,-0.617600971040261,-0.145698548767348,0.532273513677907,-0.386574964916821
0.912,-0.479169828148299,0.971786407334492,-0.492616579262471,-0.226986728506338,0.547462839527692,-0.32047611105953
0.9125,-0.605522431569601,0.961022994871393,-0.355500563381525,-0.302685848949009,0.549172495156976,-0.246486646277117
0.913,-0.716962784550535,0.926594133421456,-0.209631348952146,-0.370932311084993,0.537359342223577,-0.166427031237006
0.9135,-0.810750117607816,0.869351543194848,-0.0586014256677471,-0.430044332927629,0.512314513165261,-0.0822701803629032
0.914,-0.884574789828339,0.790701164893759,0.0938736248563619,-0.47856812720239,0.474655324534011,0.00391280251934355
0.9145,-0.936616211802351,0.692581354535264,0.244034857193292,-0.51530741919741,0.425307819155767,0.089999599872513
0.915,-0.96559765063965,0.577408943525359,0.388188707046736,-0.539358148691018,0.365488459298439,0.17386968920752
0.9155,-0.970800781084188,0.448016886481686,0.522783894542848,-0.550128626485363,0.296669272505858,0.253459353783073
0.916,-0.952100298517302,0.307595176449049,0.644505122017972,-0.547352244341422,0.220544930949437,0.326807313189017
0.9165,-0.909956868773075,0.159598166122111,0.750358702611292,-0.531099079458009,0.138990601148593,0.392108478104909
0.917,-0.845405098650007,0.00767136919495137,0.837733729426971,-0.501768009030102,0.0540131435016201,0.447754865327473
0.9175,-0.760039200767976,-0.144443126217328,0.904482326969497,-0.460081673999398,-0.0322937119723307,0.492375385779166
0.918,-0.655956727147915,-0.293002901519404,0.94895962866418,-0.407067193425817,-0.117805606255826,0.524872799502269
0.9185,-0.535722890562096,-0.434346063666943,0.970068954238645,-0.34402849744335,-0.20041697073828,0.544445468019861
0.919,-0.4022989064641,-0.56499528379043,0.967294190276644,-0.272519472751742,-0.278092815382692,0.550612287994253
0.9195,-0.258966731998642,-0.681732591877087,0.940699323909808,-0.194299714979633,-0.34892179395922,0.543221508823713
0.92,-0.109260401637339,-0.781682057298438,0.89094245898098,-0.111295499420655,-0.411158629040501,0.522454128373891
0.9205,0.0431379592284077,-0.86238587271113,0.819247913537936,-0.0255514596657656,-0.46327152121509,0.488822980823614
0.921,0.194473901160817,-0.921853091251979,0.727379190155027,0.0608226061473382,-0.503977423871448,0.443154817698302
0.9215,0.341019935672779,-0.958622137240527,0.617602201638694,0.145698279866573,-0.532273118814692,0.38657483895438
0.922,0.479171232625936,-0.971787059000698,0.49261582645104,0.226986692861086,-0.547463162917347,0.320476470094437
0.9225,0.605521386351467,-0.961021924973111,0.355500538701377,0.302686172195165,-0.549172373112904,0.246486200986889
0.923,0.716963051833331,-0.92659518637333,0.209632134621223,0.370931833074912,-0.537359215377588,0.166427382401098
0.9235,0.810750729548374,-0.869350931867195,0.0586002023995361,0.430044771542398,-0.512314835629179,0.0822700642120509
0.924,0.884573552957641,-0.790701091670756,-0.0938724612086675,0.478567904613348,-0.474654938199192,-0.00391296626512108
0.9245,0.936617569318488,-0.692582077003753,-0.244035492240939,0.515307337774291,-0.42530811295443,-0.0899992246507327
0.925,0.965596721192687,-0.577407868761772,-0.388188852363359,0.539358498716283,-0.365488375791958,-0.173870122739266
0.9255,0.970800911074067,-0.448017876954033,-0.52278303406038,0.550128151339201,-0.296669113799245,-0.253459037343525
0.926,0.952101013699599,-0.307594669171032,-0.644506344478285,0.547352651854259,-0.220545265798839,-0.326807385852452
0.9265,0.909955604078728,-0.15959798960884,-0.750357614430217,0.531098903422907,-0.138990226736483,-0.392108676481918
0.927,0.845406397980968,-0.00767215252758292,-0.837734245425301,0.501767884513615,-0.0540134060843117,-0.447754478228294
0.9275,0.760038391315753,0.144444195220048,-0.904482586519994,0.460082046300285,0.0322937577262915,-0.492375803834014
0.928,0.655956724266511,0.293001980547791,-0.948958704811164,0.407066725633777,0.117805793964973,-0.524872519419376
0.9285,0.53572369777601,0.434346466281485,-0.970070164067101,0.34402887118883,0.200416627263934,-0.544445498290995
0.929,0.402297627364766,0.564995557606722,-0.967293184993602,0.272519343051209,0.278093174733912,-0.55061251764494
0.9295,0.258967962949669,0.68173175779748,-0.940699720781227,0.194299550361154,0.348921563847437,-0.54322111409345
0.93,0.109259715064709,0.781683110409813,-0.890942825519725,0.11129588946401,0.411158638160705,-0.522454527537449
0.9305,-0.0431380894536668,0.862385027296724,-0.819246937898271,0.0255510034608666,0.463271734905664,-0.488822738309289
0.931,-0.194473013554098,0.921853389629808,-0.727380376139577,-0.0608222683967895,0.503977075460711,-0.443154807038113
0.9315,-0.341021216174109,0.958622501676601,-0.617601285573438,-0.145698363892256,0.532273460242816,-0.38657509635682
0.932,-0.479170079164387,0.971786184364761,-0.492616105276653,-0.22698689432502,0.547462966164515,-0.32047607187767
0.9325,-0.605521948470938,0.961022952636097,-0.355501004244891,-0.302685768926967,0.549172347027143,-0.246486578169326
0.933,-0.716963302868609,0.926594421589051,-0.209631118801665,-0.370932273747242,0.537359451901512,-0.166427178252692
0.9335,-0.810749773485716,0.86935112742847,-0.0586013540234684,-0.43004447157302,0.512314485865816,-0.0822700144180672
0.934,-0.884574822382563,0.790701539441011,0.093873282863334,-0.478567944039625,0.474655259134324,0.00391268475626513
0.9345,-0.936616501327302,0.69258117197373,0.244035329279776,-0.51530757260454,0.425307950088263,0.0899996223471474
0.935,-0.965597158557712,0.577408862061725,0.388188296428431,-0.539358086682159,0.365488316210411,0.173869770286689
0.9355,-0.970801275484148,0.448017196880754,0.52278407854374,-0.550128572847494,0.296669369917266,0.253459202733796
0.936,-0.952100001287804,0.307594764274409,0.644505236963114,-0.547352391011895,0.220544918131407,0.32680747267752
0.9365,-0.909956850572752,0.159598512920914,0.750358337612166,-0.531098899713306,0.138990524913872,0.392108374594928
0.937,-0.845405422281675,0.00767122713991677,0.837734195113674,-0.501768149051398,0.0540132772819989,0.44775487156839
0.9375,-0.760038704847584,-0.144443244495489,0.904481949327266,-0.460081629859627,-0.0322938488393318,0.492375478506396
0.938,-0.655957193824228,-0.293002572819765,0.948959766640854,-0.407067124682753,-0.117805521548093,0.524872646051471
0.9385,-0.535722641167352,-0.434346468400567,0.970069109577525,-0.344028650384102,-0.200416969549943,0.544445619772277
0.939,-0.402298839786473,-0.564994966955396,0.967293806763983,-0.272519298027085,-0.278092901264543,0.550612199151447
0.9395,-0.258967085186264,-0.681732693724288,0.94069977894463,-0.194299840810976,-0.34892165874645,0.543221499442285
0.94,-0.109259906847603,-0.781682209720139,0.890942116612945,-0.111295472838518,-0.411158758616403,0.522454231367655
0.9405,0.0431375236548558,-0.862385529656634,0.819248006056992,-0.0255513771094829,-0.463271449506866,0.488822826559107
0.941,0.194474102281631,-0.921853484926806,0.72737938270904,0.0608224486792963,-0.503977409267988,0.443154960562883
0.9415,0.34102004817451,-0.958621852202255,0.617601804098692,0.145698448084198,-0.532273213111361,0.386574765033424
0.942,0.479170854531454,-0.971787121316368,0.492616266861193,0.226986581852898,-0.547463027642984,0.320476445828261
0.9425,0.605521875258072,-0.961022108646734,0.355500233468396,0.302686181688535,-0.549172494442645,0.246486312823261
0.943,0.716962650300109,-0.926594832885615,0.20963218266673,0.370931928071926,-0.537359156826372,0.166427228852869
0.9435,0.810750882442498,-0.869351311122447,0.0586004287606641,0.430044611261829,-0.512314808307488,0.0822701971709294
0.944,0.884573708295614,-0.790700839877958,-0.0938728683394389,0.478568064961617,-0.474655039647753,-0.00391302516482958
0.9445,0.936617171015399,-0.692582100819646,-0.244035070121958,0.515307242052472,-0.425307978933132,-0.0899992629502108
0.945,0.965597199717454,-0.577408080612251,-0.388189119037647,0.539358491736098,-0.365488488039991,-0.173870003511048
0.9455,0.970800546066981,-0.448017516893621,-0.522783029113706,0.550128257340595,-0.296669068428399,-0.253459188715765
0.946,0.952101118880097,-0.307595030924897,-0.644506087904919,0.547352490432233,-0.22054522655033,-0.326807263678935
0.9465,0.909955798973253,-0.159597772127795,-0.750358026805787,0.531099054672213,-0.13899033405691,-0.392108720410797
0.947,0.845405984169087,-0.0076721392061813,-0.837733844934822,0.501767804373934,-0.0540132745641719,-0.447754529608753
0.9475,0.760038855246872,0.144443958413809,-0.904482813644874,0.460082023596084,0.0322936552728431,-0.492375678676364
0.948,0.655956397814192,0.293002343416411,-0.948958741227464,0.407066841155912,0.117805826260898,-0.524872667237436
0.9485,0.535723756197516,0.434346124813507,-0.970069881020629,0.344028710238323,0.200416677564921,-0.544445387641475
0.949,0.402297858288214,0.564995740086678,-0.967293598397006,0.272519484111093,0.278093062825621,-0.550612546796533
0.9495,0.258967538284714,0.68173180658987,-0.940699344908662,0.194299485935998,0.348921691694246,-0.543221177515103
0.95,0.10926016050625,0.78168285197765,-0.890943012529102,0.111295851906823,0.411158546090207,-0.522454397909764
0.9505,-0.0431383757805188,0.862385389337633,-0.819247013612328,0.025551126989163,0.463271754354575,-0.488822881286496
0.951,-0.194473000522918,0.921853070920205,-0.727380070461153,-0.0608224273341345,0.503977135868818,-0.443154708508876
0.9515,-0.341020952952828,0.95862264883416,-0.617601695952278,-0.145698233968287,0.532273345022017,-0.386575111059991
0.952,-0.479170510114123,0.971786266686743,-0.492615756648899,-0.226986943061167,0.547463089249964,-0.320476146226972
0.9525,-0.605521525074314,0.96102267597979,-0.35550115098521,-0.302685820358091,0.549172265802898,-0.246486445513958
0.953,-0.716963547953508,0.926594779324849,-0.209631231452565,-0.370932143742333,0.537359458846493,-0.166427315202583
0.9535,-0.810749804092576,0.869350833626644,-0.0586010296147831,-0.430044627038895,0.512314555376779,-0.0822699284631556
0.954,-0.884574530753387,0.790701651310779,0.0938728793643903,-0.478567826050873,0.474655141855719,0.00391268404611816
0.9545,-0.936616934121648,0.69258128563904,0.244035648408813,-0.515307605828318,0.425308067415542,0.0899995382436463
0.955,-0.965596760400362,0.577408570619026,0.388188189713781,-0.539358150914121,0.365488246171344,0.173869904557719
0.9555,-0.970801478656846,0.448017547019727,0.522783931577465,-0.550128437895034,0.296669364808486,0.253459072890117
0.956,-0.952100073429672,0.307594497199205,0.644505576180185,-0.547352541642023,0.220544995694234,0.326807545744821
0.9565,-0.909956534540162,0.159598589878341,0.75035794462215,-0.531098794310224,0.13899040680019,0.392108387305528
0.957,-0.845405852646343,0.00767136974875797,0.8377344828695,-0.501768167082597,0.0540133879514047,0.447754778930184
0.9575,-0.760038334746842,-0.144443547285698,0.904481882016732,-0.460081705739582,-0.0322939074768193,0.492375613023839
0.958,-0.655957354848755,-0.293002233359403,0.948959588205019,-0.407066986296506,-0.117805538162182,0.524872524279314
0.9585,-0.535722752425363,-0.434346707264823,0.970069459699793,-0.344028794917577,-0.200416885020846,0.544445679776654
0.959,-0.402298503425911,-0.564994924211763,0.967293427659789,-0.272519205711128,-0.27809301903308,0.550612224604028
0.9595,-0.258967509047443,-0.681732524753126,0.940700033834647,-0.194299844103514,-0.348921555532802,0.543221399521175
0.96,-0.109259567232055,-0.781682520451239,0.890942087728496,-0.111295559148354,-0.411158805755455,0.522454364816543
0.9605,0.0431374045958836,-0.862385203725537,0.819247799184866,-0.0255512367738661,-0.463271476988915,0.488822713705539
0.961,0.194473954605634,-0.921853694430859,0.727379739889091,0.060822311392056,-0.50397731888085,0.443155007462986
0.9615,0.341020400759111,-0.958621842670922,0.617601441982757,0.14569852695927,-0.53227332940673,0.386574802453722
0.962,0.479170441015878,-0.971786928712964,0.492616487773364,0.22698659272093,-0.547462932577636,0.320476339894881
0.9625,0.605522182356052,-0.961022423976082,0.355500241699763,0.302686086217678,-0.549172530101946,0.246486443953419
0.963,0.716962572624586,-0.92659452308522,0.209631950541858,0.370932068915027,-0.537359194459994,0.16642712564339
0.9635,0.810750701288238,-0.869351490449393,0.0586007892418701,0.43004448225254,-0.512314713181492,0.0822702310542233
0.964,0.884574073012812,-0.790700862276731,-0.0938732106578631,0.478568130187058,-0.474655153402906,-0.00391297663511736
0.9645,0.936616771428173,-0.692581887430308,-0.24403488392407,0.51530726638956,-0.425307892600928,-0.0899993736195026
0.965,0.965597472665019,-0.577408397290953,-0.38818907530651,0.539358388409422,-0.3654885123488,-0.173869875875562
0.9655,0.970800508815487,-0.448017225561232,-0.522783283194602,0.550128397304052,-0.296669115428395,-0.253459281679225
0.966,0.952100907390353,-0.307595179584349,-0.644505727755722,0.547352370609615,-0.220545127804301,-0.326807242602345
0.9665,0.909956171783268,-0.159597824917844,-0.750358346825752,0.531099106180312,-0.138990444273604,-0.392108661702203
0.967,0.845405601809564,-0.00767190796102231,-0.837733693820457,0.501767841386539,-0.0540131974410407,-0.447754643744489
0.9675,0.760039092810005,0.144443643513263,-0.904482736307462,0.460081913740965,0.0322936420805203,-0.492375555628923
0.968,0.655956399674922,0.293002614219362,-0.948959013891146,0.407066978918539,0.11780577073808,-0.524872749477246
0.9685,0.535723517679227,0.434346006994178,-0.97006952468301,0.344028600384377,0.200416778823352,-0.54444537904596
0.969,0.402298235239972,0.564995658675276,-0.967293893937362,0.272519521969996,0.278092957069991,-0.550612478899806
0.9695,0.258967176148591,0.681732052708814,-0.940699228891483,0.194299534740479,0.348921759241399,-0.543221293866736
0.97,0.109260361845222,0.781682541836081,-0.890942903726506,0.111295736859025,0.411158543682225,-0.522454280453985
0.9705,-0.0431383364444492,0.862385637834165,-0.81924730144493,0.0255512613058084,0.46327169120024,-0.488822952448807
0.971,-0.194473262637516,0.921852983807342,-0.727379721233691,-0.0608225265664644,0.503977238553497,-0.443154711961224
0.9715,-0.341020575687039,0.958622540775689,-0.617601965159596,-0.145698209560864,0.532273244568599,-0.386575035013996
0.972,-0.479170849351301,0.971786524676595,-0.492615675401572,-0.226986883426255,0.547463146962301,-0.320476263574221
0.9725,-0.605521360413112,0.96102237340848,-0.355501013075101,-0.302685939267726,0.549172273756255,-0.246486334557679
0.973,-0.71696347307473,0.926595004027892,-0.209631531034386,-0.370932014031862,0.53735938898908,-0.16642737505564
0.9735,-0.810750086284432,0.869350776794282,-0.058600690590565,-0.430044715126717,0.512314658432671,-0.0822699434312252
0.974,-0.8845741568459,0.790701518756274,0.0938726380114075,-0.478567814774921,0.474655047459418,0.00391276716646879
0.9745,-0.936617248117185,0.692581552506063,0.244035695537326,-0.515307536389678,0.425308115140335,0.0899994210802134
0.975,-0.965596632496007,0.577408278239471,0.38818835418898,-0.539358272372376,0.365488263980044,0.173870008207274
0.9755,-0.970801370432751,0.448017746734549,0.52278362363855,-0.550128313858234,0.296669289203022,0.25345902445878
0.976,-0.952100372130643,0.307594469945302,0.64450590213506,-0.547352618192184,0.220545098106372,0.326807519882844
0.9765,-0.909956167478738,0.15959843512741,0.750357732311657,-0.531098795731612,0.138990319125911,0.392108476401195
0.977,-0.845406139399343,0.00767164253702403,0.837734496834234,-0.501768088919529,0.0540134256391205,0.447754663079399
0.9775,-0.760038243318608,-0.144443827059357,0.904482070362158,-0.460081828462871,-0.0322938803934212,0.49237570866373
0.978,-0.655957215709223,-0.293002059535711,0.948959275241794,-0.407066868901654,-0.117805618544443,0.524872487266724
0.9785,-0.535723064054862,-0.434346705900153,0.97006976996462,-0.344028859665109,-0.200416784219176,0.544445643722517
0.979,-0.40229814648755,-0.564995098739396,0.967293245249061,-0.272519219290531,-0.278093099413151,0.550612318563502
0.9795,-0.258967766904065,-0.681732248934637,0.940700015872781,-0.194299758335269,-0.34892152783229,0.543221286052418
0.98,-0.109259511657033,-0.781682785427058,0.890942297129293,-0.111295681893949,-0.411158770043933,0.522454451850617
0.9805,0.0431375720216783,-0.862385056407375,0.81924748444091,-0.0255511268847424,-0.463271561170587,0.488822687998088
0.981,0.194473633605402,-0.921853665645362,0.727380032103825,0.0608222585866751,-0.503977220600729,0.443154961988246
0.9815,0.341020744531229,-0.958622034463856,0.617601290003572,0.145698501856781,-0.53227340201484,0.38657490016432
0.982,0.479170213360737,-0.971786652665006,0.492616439380548,0.226986684947658,-0.547462914719647,0.320476229810164
0.9825,0.605522203022754,-0.961022672196371,0.355500469253352,0.302685964641284,-0.549172486465802,0.246486521893669
0.983,0.716962765541921,-0.926594402604469,0.209631637143772,0.370932170543199,-0.537359281467292,0.166427111022516
0.9835,0.810750374418704,-0.869351435657212,0.0586010613192222,0.430044441407222,-0.512314618271835,0.0822701769898842
0.984,0.884574400829175,-0.790701068760046,-0.0938733319909117,0.478568094281903,-0.474655217856461,-0.00391287627640722
0.9845,0.936616574932655,-0.692581613839939,-0.244034961018921,0.515307363912893,-0.4253078843513,-0.0899994793924636
0.985,0.965597459667779,-0.577408627041574,-0.388188832558648,0.539358269133082,-0.365488461539285,-0.173869807408738
0.9855,0.970800724298056,-0.44801713197572,-0.522783592262682,0.550128490027435,-0.296669204300429,-0.253459285530574
0.986,0.952100578064953,-0.30759510039335,-0.644505477621321,0.547352341625522,-0.220545037046193,-0.326807304376361
0.9865,0.909956481124583,-0.159598043480703,-0.750358437604209,0.531099060267874,-0.138990500284943,-0.392108559778426
0.987,0.845405437089921,-0.00767163938024667,-0.83773379768159,0.501767943041313,-0.0540131984821061,-0.447754744358198
0.9875,0.760039047668226,0.144443433696354,-0.904482481348773,0.460081797826417,0.0322936992736718,-0.492375496907527
0.988,0.655956634698661,0.293002681115072,-0.948959315810594,0.407067062206317,0.117805680940515,-0.524872742967458
0.9885,0.53572318919394,0.434346108806014,-0.97006929800956,0.344028583051715,0.200416864721423,-0.544445447611369
0.989,0.402298523870418,0.564995430652817,-0.96729395454535,0.272519466909805,0.278092909694737,-0.550612376464361
0.9895,0.258967043487351,0.68173231388221,-0.94069935740364,0.194299639369684,0.348921749304274,-0.543221388558818
0.99,0.10926028632721,0.78168235316298,-0.890942639535392,0.111295625291452,0.411158606440045,-0.522454231644232
0.9905,-0.0431380849679806,0.862385678495887,-0.81924759358312,0.0255513347406547,0.463271601386455,-0.488822936069868
0.991,-0.19447358713128,0.921853106316215,-0.727379519248801,-0.0608225325618235,0.503977318959506,-0.443154786371874
0.9915,-0.341020309709852,0.958622305896889,-0.617601996257983,-0.145698272856123,0.53227320593151,-0.386574933081647
0.992,-0.479170949994256,0.971786776215917,-0.492615826297941,-0.226986776960593,0.547463128593709,-0.320476351671292
0.9925,-0.605521464317604,0.961022206834113,-0.355500742596241,-0.30268604558608,0.549172341239698,-0.246486295722769
0.993,-0.716963208265727,0.926595019147036,-0.209631810962532,-0.370931950754428,0.537359300030904,-0.166427349374898
0.9935,-0.810750403804414,0.869350917955263,-0.0586005142315639,-0.430044710195865,0.512314732794025,-0.0822700227234305
0.994,-0.884573915164244,0.790701279583148,0.0938726355028772,-0.478567885350464,0.474655017573589,0.00391286762784094
0.9945,-0.936617317090877,0.692581792370227,0.244035524646855,-0.515307429196244,0.425308088867417,0.0899993401596981
0.995,-0.965596762604242,0.57740813446489,0.388188628071797,-0.539358372627526,0.365488335338955,0.173870037103512
0.9955,-0.970801095411589,0.448017737221659,0.522783358130277,-0.550128260931569,0.296669201927903,0.253459058807234
0.996,-0.952100679885663,0.307594627617181,0.644506052218201,-0.547352602835181,0.220545165951979,0.326807436680233
0.9965,-0.909955951431251,0.159598194157587,0.750357757233993,-0.531098872601556,0.138990297919013,0.392108574478036
0.997,-0.84540617734553,0.00767186888266577,0.83773430843478,-0.501767982068183,0.0540133920438701,0.447754589823303
0.9975,-0.760038397284025,-0.144443947583267,0.904482344851486,-0.460081921933334,-0.0322938060116003,0.492375727752372
0.998,-0.655956933566177,-0.293002092568854,0.948959026131893,-0.407066826410713,-0.117805703359631,0.524872529590971
0.9985,-0.535723359463979,-0.434346533930112,0.970069893403697,-0.344028834462444,-0.200416723277708,0.544445557578383
0.999,-0.402297957108826,-0.564995339094237,0.967293296225177,-0.272519301448744,-0.278093112094635,0.550612413403198
0.9995,-0.258967774738897,-0.681732037743459,0.940699812516434,-0.194299652848268,-0.348921568120943,0.543221220854071
1,-0.109259686998789,-0.781682882493593,0.890942569537586,-0.111295767953911,-0.411158693485794,0.52245446135244
1.0005,0.043137858255155,-0.862385111666871,0.819247253466931,-0.0255510948097414,-0.463271642804984,0.488822737557484
1.001,0.194473352896554,-0.921853481636996,0.727380128804309,0.0608222929830388,-0.503977166868751,0.443154873859904
1.0015,0.341020906508098,-0.958622271897817,0.617601365460665,0.145698415426082,-0.532273406400768,0.386574990980947
1.002,0.47917023446696,-0.971786458049529,0.492616223658848,0.2269867881036,-0.547462961033882,0.320476172968458
1.0025,0.605522008890162,-0.961022745834915,0.355500737024485,0.302685886519855,-0.549172408564008,0.246486522113303
1.003,0.716963052920172,-0.926594478634383,0.209631425795435,0.370932192322255,-0.537359359260727,0.166427167036894
1.0035,0.810750110524454,-0.869351241893594,0.0586011314498554,0.430044484283129,-0.512314571972129,0.0822700878142705
1.004,0.884574534967223,-0.790701301091003,-0.093873233798002,0.478568004593899,-0.47465521424764,-0.00391279019722341
1.0045,0.936616623577355,-0.692581437001798,-0.244035186501762,0.515307463833683,-0.425307935992492,-0.0899995276720629
1.005,0.965597249405109,-0.577408677507532,-0.388188571830021,0.539358199379361,-0.365488383105065,-0.173869816089237
1.0055,0.97080100998624,-0.448017227178915,-0.522783782747672,0.550128501725441,-0.296669277657311,-0.253459223871699
1.006,0.952100332849028,-0.307594899157678,-0.644505433641068,0.54735239221413,-0.22054499832023,-0.326807393690931
1.0065,0.909956587274958,-0.159598268666345,-0.750358318568941,0.531098968327323,-0.138990489047276,-0.39210847907554
1.007,0.845405511661458,-0.00767148129890958,-0.837734030334464,0.501768038891661,-0.0540132547288731,-0.447754783961778
1.0075,0.760038823982562,0.14444340593338,-0.904482229900135,0.460081736770654,0.032293777457498,-0.492375514035589
1.008,0.655956915995665,0.293002568455605,-0.94895948444813,0.407067064127058,0.117805612548094,-0.524872676495778
1.0085,0.535722964261753,0.434346315252567,-0.970069279523926,0.344028640543107,0.200416895811489,-0.544445536192826
1.009,0.402298602161899,0.564995214500964,-0.967293816684977,0.272519373701726,0.278092928136494,-0.550612301698038
1.0095,0.258967142189311,0.68173245244975,-0.940699594673139,0.194299730388349,0.348921689188127,-0.543221419461335
1.01,0.109260051943788,0.781682347432614,-0.890942399421605,0.11129557316586,0.411158683625488,-0.522454256704082
1.0105,-0.0431378106088842,0.862385550195408,-0.819247739641739,0.0255513272701764,0.463271538416397,-0.488822865629331
1.011,-0.194473790437506,0.921853315755518,-0.727379525381879,-0.0608224690109947,0.503977342428159,-0.443154873391356
1.0115,-0.341020258883599,0.958622100501511,-0.617601841688859,-0.145698366375185,0.532273231100305,-0.386574864731381
1.012,-0.479170829117992,0.971786894733275,-0.492616065691561,-0.226986691456475,0.547463065351436,-0.320476373933136
1.0125,-0.605521706682579,0.961022222280019,-0.355500515677172,-0.302686088645519,0.549172416719411,-0.246486328143042
1.013,-0.71696294321856,0.926594877097385,-0.20963193396005,-0.370931967154968,0.537359242869567,-0.166427275813022
1.0135,-0.810750584407774,0.869351128231968,-0.0586005439049098,-0.430044641452816,0.512314748729075,-0.0822701074015306
1.014,-0.884573891159439,0.790701086491298,0.0938728045899228,-0.478567978260538,0.474655048946866,0.00391292916463726
1.0145,-0.936617176130547,0.692581890517694,0.244035285539057,-0.515307349807786,0.425308023241833,0.0899993263968236
1.015,-0.965597010269568,0.577408170060771,0.38818884014124,-0.539358406578395,0.365488408451412,0.173869997941924
1.0155,-0.970800841861791,0.448017583369736,0.522783258432401,-0.550128285733479,0.296669150889309,0.253459134647738
1.016,-0.952100836974034,0.307594836657024,0.644506000266729,-0.547352529781595,0.220545174510675,0.326807355067952
1.0165,-0.909955953370606,0.159598014732944,0.750357938597991,-0.531098964026654,0.138990334935663,0.392108628886485
1.017,-0.845406018499664,0.00767194655135141,0.837734071920228,-0.501767909312298,0.0540133247701635,0.447754584341125
1.0175,-0.760038647628065,-0.144443893016673,0.904482540628932,-0.460081946823322,-0.0322937358775816,0.492375682508341
1.018,-0.655956693497214,-0.293002256242254,0.948958949736329,-0.407066859025697,-0.117805748033844,0.524872606880167
1.0185,-0.535723492486937,-0.434346328103544,0.970069820600088,-0.344028757985325,-0.200416721873079,0.544445479696636
1.019,-0.402297983899712,-0.564995503677001,0.967293487598828,-0.272519390563541,-0.278093070027237,0.550612460450597
1.0195,-0.258967600288514,-0.681731980459305,0.940699580781897,-0.194299587156143,-0.348921636322029,0.543221223363031
1.02,-0.109259937482431,-0.781682810270751,0.890942747798384,-0.11129578391662,-0.411158626887211,0.522454410716566
1.0205,0.043138083072671,-0.862385283167673,0.819247200150216,-0.0255511345980657,-0.463271680944912,0.488822815485736
1.021,0.194473244233223,-0.921853280887148,0.727380036717792,0.0608223720001931,-0.50397717233571,0.443154800309709
1.0215,0.341020856154134,-0.958622420656611,0.617601564573423,0.145698329390343,-0.532273359899706,0.386575030515624
1.022,0.479170422183895,-0.971786420861835,0.492615998754219,0.226986846387143,-0.547463029462439,0.320476183113471
1.0225,0.605521760702294,-0.961022657387142,0.355500896764581,0.302685879269761,-0.549172346000511,0.2464864667999
1.023,0.716963260936847,-0.926594655975122,0.209631395119497,0.370932146043423,-0.537359390766877,0.166427244821878
1.0235,0.810750026266511,-0.869351047957539,0.0586010217717426,0.430044564968752,-0.512314583973236,0.0822700191297554
1.024,0.88457446251386,-0.790701433237869,-0.0938730291977724,0.478567922344291,-0.474655163947466,-0.00391275824779055
1.0245,0.936616822190963,-0.692581419439487,-0.24403540267768,0.515307514449954,-0.425308003975372,-0.089999510305453
1.025,0.96559700582532,-0.577408574364281,-0.388188431393484,0.539358200551595,-0.365488325016487,-0.173869875350049
1.0255,0.97080119987977,-0.44801740839774,-0.522783791422378,0.550128449673627,-0.296669302498656,-0.25345914697854
1.026,0.952100272803615,-0.307594713634503,-0.644505559118831,0.547352473716544,-0.220545016468635,-0.326807457044941
1.0265,0.90995649433965,-0.159598383607069,-0.750358110692909,0.53109889050493,-0.138990435593125,-0.392108454707299
1.027,0.845405718794253,-0.00767148272004532,-0.837734236046123,0.501768081667045,-0.0540133216251165,-0.447754759840919
1.0275,0.760038587182758,0.144443522163421,-0.904482109330372,0.460081746005249,0.0322938306929352,-0.492375576505622
1.028,0.655957086674262,0.293002385276959,-0.948959471948083,0.407067007046085,0.117805594336653,-0.524872601203364
1.0285,0.535722928009144,0.434346490911563,-0.970069418930314,0.344028722037964,0.200416871946253,-0.544445593822448
1.029,0.40229849049382,0.564995117169109,-0.967293607685044,0.272519300878156,0.278092984095596,-0.550612284833571
1.0295,0.25896735547958,0.681732432844669,-0.940699788358327,0.194299765232473,0.348921623982413,-0.543221389099745
1.03,0.109259823940216,0.781682475080402,-0.89094229906582,0.111295590039547,0.41115873169229,-0.522454321644571
1.0305,-0.0431376600054379,0.86238536691482,-0.819247706964597,0.0255512659218633,0.463271526737096,-0.488822792601718
1.031,-0.194473803530448,0.921853480254786,-0.727379676788204,-0.0608223883138513,0.503977313314193,-0.443154924974534
1.0315,-0.34102038742597,0.958622020993786,-0.617601633638762,-0.14569843370047,0.532273288917897,-0.386574855223688
1.032,-0.479170611993938,0.971786857887033,-0.492616245969374,-0.226986664553315,0.547463002398752,-0.320476337883612
1.0325,-0.605521924042443,0.961022359634844,-0.355500435672133,-0.302686064612586,0.549172459365276,-0.24648639482184
1.033,-0.716962813320162,0.926594695496827,-0.20963188225789,-0.370932031998942,0.537359237565328,-0.166427205664809
1.0335,-0.810750575172619,0.869351280437819,-0.0586007053459151,-0.4300445623031,0.512314714866016,-0.0822701526881862
1.034,-0.884574034630871,0.790701024841164,0.0938730097114891,-0.47856803966208,0.474655107985217,0.00391293152782765
1.0345,-0.936616957437408,0.692581837501292,0.244035119862321,-0.515307330777868,0.425307963059545,0.0899993675491945
1.035,-0.965597215317954,0.577408315388573,0.388188899861825,-0.539358375915645,0.365488445487061,0.173869930243526
1.0355,-0.970800733071433,0.448017405141128,0.522783327870652,-0.55012835329947,0.296669151747721,0.253459201355317
1.036,-0.95210080642451,0.307594975601941,0.644505830772288,-0.547352452882983,0.220545136423543,0.326807316256471
1.0365,-0.909956109761574,0.159597970799266,0.750358138922637,-0.531099019154062,0.138990394571597,0.392108624377959
1.037,-0.845405800423622,0.00767187854830157,0.837733921847237,-0.501767898014336,0.0540132678273504,0.447754629985976
1.0375,-0.760038838885649,-0.144443741455515,0.904482580325357,-0.460081910102576,-0.0322937045791767,0.49237561448919
1.038,-0.65595660599647,-0.293002429509727,0.948959035503057,-0.407066928545677,-0.117805741276176,0.524872669642479
1.0385,-0.535723441801555,-0.434346203218413,0.970069645029573,-0.344028683990531,-0.20041676364002,0.544445447468782
1.039,-0.402298151158551,-0.564995530201357,0.967293681382023,-0.272519439141784,-0.278093010396898,0.550612449398502
1.0395,-0.258967384919284,-0.681732062169108,0.940699447122471,-0.194299583379699,-0.348921689607123,0.543221272871682
1.04,-0.109260113664879,-0.781682654204319,0.890942767914401,-0.111295741744794,-0.411158601392171,0.5224543430497
1.0405,0.0431381493162443,-0.862385449998719,0.819247300737689,-0.0255512053168423,-0.463271668597703,0.488822873857304
1.041,0.194473313729422,-0.92185317069121,0.727379857025654,0.0608224424936356,-0.503977217225031,0.443154774705588
1.0415,0.341020680099588,-0.958622430234934,0.617601750206291,0.145698287561389,-0.532273300853125,0.386575013297997
1.042,0.479170632869346,-0.971786514918522,0.492615882125454,0.226986842916749,-0.547463078724361,0.320476235845787
1.0425,0.605521600679929,-0.961022498515691,0.355500897915495,0.302685926258,-0.549172326315929,0.24648640012708
1.043,0.716963306160537,-0.926594815017945,0.209631508938632,0.370932074861412,-0.537359373181239,0.16642729841825
1.0435,0.810750113120869,-0.869350952911675,0.0586008398715205,0.430044631422003,-0.512314631420294,0.0822700001235631
1.044,0.884574279735319,-0.79070142647864,-0.0938728531784616,0.478567887391,-0.474655106033208,-0.00391278120875727
1.0445,0.936617026342928,-0.692581524419713,-0.24403550184942,0.515307504066328,-0.425308048902817,-0.0899994549943811
1.045,0.965596862846338,-0.577408414344903,-0.388188448433879,0.539358251701129,-0.365488311092804,-0.173869940423266
1.0455,0.970801224514926,-0.448017558432037,-0.522783666023236,0.550128378737994,-0.296669280061978,-0.253459098479584
1.046,0.952100375455233,-0.307594634033568,-0.644505741371384,0.547352535652253,-0.220545065907348,-0.326807469541936
1.0465,0.909956306888299,-0.159598361252053,-0.750357945596574,0.531098862481757,-0.138990379326071,-0.392108482951179
1.047,0.845405914702953,-0.00767159715342026,-0.837734317521449,0.501768064757038,-0.0540133619617074,-0.447754702594322
1.0475,0.760038461928581,0.144443681731087,-0.904482143643861,0.460081800647713,0.0322938389591057,-0.492375639414256
1.048,0.655957091334082,0.293002245333605,-0.948959336664549,0.40706693703468,0.117805621205961,-0.524872558061267
1.0485,0.535723044808499,0.434346554934729,-0.970069599752834,0.344028779042357,0.200416821077855,-0.544445599958443
1.049,0.402298300381272,0.564995154257575,-0.967293454660961,0.272519279770079,0.278093038237853,-0.550612317867752
1.0495,0.25896754158596,0.681732310459365,-0.940699852079404,0.194299742230231,0.348921588437913,-0.543221330553003
1.05,0.109259716892142,0.781682632667306,-0.890942349604651,0.111295647500359,0.411158734454931,-0.522454381868025
1.0505,-0.0431376745393826,0.862385238002148,-0.81924756351798,0.0255511974755176,0.463271557594948,-0.488822755013224
1.051,-0.194473674301835,0.921853528723938,-0.72737985448597,-0.06082233658959,0.503977261568689,-0.44315492495329
1.0515,-0.341020578245551,0.958622071846146,-0.61760149367154,-0.145698447974922,0.532273340498144,-0.386574892529482
1.052,-0.479170437089325,0.971786729066019,-0.492616292052972,-0.226986693172526,0.547462971792768,-0.320476278658418
1.0525,-0.60552201259963,0.961022513794436,-0.355500501274539,-0.302686005007424,0.549172456825379,-0.246486451887106
1.053,-0.716962846112477,0.926594578408685,-0.209631732377433,-0.370932098281103,0.53735927194733,-0.16642717376465
1.0535,-0.810750435282656,0.8693513135266,-0.0586008783246591,-0.430044516142134,0.512314662781619,-0.0822701467647558
1.054,-0.884574224277344,0.790701088394489,0.0938731358046375,-0.478568047247292,0.474655156609184,0.00391289048907248
1.0545,-0.936616794967436,0.692581703760452,0.244035091133188,-0.515307364503968,0.425307937484541,0.0899994268502975
1.055,-0.965597285290613,0.577408464767421,0.388188820455636,-0.539358314833034,0.365488437888732,0.173869876759242
1.0555,-0.97080078304834,0.448017300523815,0.522783482464871,-0.550128416864108,0.296669189174518,0.253459227493158
1.056,-0.952100657671345,0.307594993625987,0.644505663995077,-0.547352412502793,0.22054508451948,0.326807327780345
1.0565,-0.909956296443995,0.159598045911427,0.750358250492897,-0.531099020253324,0.13899043989001,0.392108580158808
1.057,-0.845405651449524,0.00767174138850138,0.837733910032938,-0.501767936308822,0.0540132473231644,0.447754688784648
1.0575,-0.760038890364275,-0.144443598108459,0.904482488456928,-0.460081848196144,-0.0322937169528706,0.492375564956452
1.058,-0.65595667196195,-0.293002521157623,0.948959193116434,-0.407066988888716,-0.117805701293633,0.524872690002975
1.0585,-0.53572328599488,-0.434346199810405,0.97006948581489,-0.344028649543528,-0.200416814867764,0.544445464249523
1.059,-0.402298333188852,-0.564995444737336,0.967293777948302,-0.272519434012884,-0.278092968686797,0.5506124025595
1.0595,-0.258967250327463,-0.681732201275962,0.940699451637503,-0.194299625682048,-0.348921705051487,0.543221330618394
1.06,-0.10926014691561,-0.781682518029812,0.890942664990626,-0.111295679649108,-0.41115861822356,0.522454297785402
1.0605,0.0431380686637908,-0.862385528325048,0.819247459716473,-0.025551261986319,-0.46327162655301,0.488822888482086
1.061,0.1944734747864,-0.921853181327347,0.727379706604813,0.0608224709189019,-0.503977267307559,0.443154796362849
1.0615,0.341020504294483,-0.958622335676477,0.61760183145294,0.145698298610922,-0.532273263006559,0.386574964401898
1.062,0.479170752368677,-0.971786654542559,0.492615902250161,0.22698679718274,-0.547463089168522,0.320476292023957
1.0625,0.60552158522517,-0.961022370537708,0.355500785392271,0.302685987932802,-0.549172347257253,0.246486359393601
1.063,0.716963212211294,-0.926594879814344,0.209631667684274,0.370932022263123,-0.537359329567564,0.166427307402864
1.0635,0.810750277648651,-0.86935097690751,0.0586006993395738,0.430044653799055,-0.512314679919225,0.0822700262454407
1.064,0.884574111602995,-0.790701324119345,-0.0938727874054313,0.478567904008939,-0.474655072257366,-0.00391283160253793
1.0645,0.93661713021534,-0.692581663185226,-0.244035466956319,0.515307455486294,-0.425308054452427,-0.0899994008647379
1.065,0.965596864600888,-0.577408295465529,-0.388188569067803,0.539358312374246,-0.365488335770832,-0.173869976418356
1.0655,0.970801118730514,-0.448017609630004,-0.522783509040857,0.550128330552572,-0.296669235367297,-0.253459094988843
1.066,0.952100541714307,-0.307594670603398,-0.644505871060628,0.547352552014375,-0.220545112417804,-0.326807439393603
1.0665,0.909956147742001,-0.159598252407638,-0.750357895294691,0.531098884276438,-0.13899034978008,-0.392108534291852
1.067,0.845406002587716,-0.00767173374997243,-0.837734268809659,0.501768013919984,-0.0540133627655199,-0.447754650953455
1.0675,0.760038480163138,0.144443790735353,-0.904482270882685,0.460081859772098,0.032293810938402,-0.492375670517938
1.068,0.655956975230422,0.29300220766784,-0.948959182895124,0.407066893546859,0.117805666503384,-0.524872559870869
1.0685,0.535723211114558,0.434346506666048,-0.970069717790212,0.344028789479797,0.200416776924706,-0.544445566242734
1.069,0.402298151392732,0.564995268262945,-0.967293419677791,0.272519306315841,0.27809306344248,-0.55061236961814
1.0695,0.258967613292345,0.681732177266938,-0.94069979059336,0.194299689722673,0.348921592191268,-0.5432212817988
1.07,0.109259750747737,0.781682731147891,-0.890942481940831,0.111295704566629,0.411158703501693,-0.522454407981057
1.0705,-0.0431377994090223,0.862385213673837,-0.819247414320029,0.025551158912681,0.463271603030797,-0.488822761886237
1.071,-0.19447350956384,0.921853469708804,-0.727379960208831,-0.0608223319328509,0.503977220103546,-0.443154888144887
1.0715,-0.341020716051625,0.958622189693051,-0.617601473712372,-0.145698417132209,0.532273361296617,-0.386574944170669
1.072,-0.479170381587229,0.971786600428736,-0.492616218917786,-0.226986746772143,0.547462979878266,-0.320476233144299
1.0725,-0.60552196409793,0.961022601231686,-0.355500637213489,-0.302685950467605,0.549172423361218,-0.246486472962763
1.073,-0.716962978174086,0.926594567101771,-0.209631589008908,-0.370932131748753,0.537359317075167,-0.166427185424837
1.0735,-0.810750273645721,0.869351244782229,-0.0586009712172224,-0.430044517072005,0.512314624295425,-0.0822701073486912
1.074,-0.884574350027123,0.790701208780862,0.093873141168043,-0.478568012584637,0.474655172982136,0.00391283945346622
1.0745,-0.936616755537287,0.692581580737511,0.24403517472598,-0.515307418630548,0.42530794964445,0.0899994688169698
1.075,-0.965597223219451,0.577408540770305,0.38818868238159,-0.539358263244114,0.365488402342163,0.173869860716892
1.0755,-0.970800920723302,0.448017301809024,0.522783618854625,-0.550128445122835,0.296669233569368,0.253459211357035
1.076,-0.952100500574934,0.307594916221859,0.644505584302793,-0.547352418779026,0.220545049262238,0.326807369313821
1.0765,-0.909956409416758,0.159598167564457,0.75035824181263,-0.53109898226505,0.138990451861799,0.392108530198744
1.077,-0.845405627808572,0.00767162494080409,0.837734002839683,-0.501767990415548,0.0540132632708994,0.447754726943639
1.0775,-0.760038815887352,-0.144443533803876,0.904482349675421,-0.460081799936379,-0.0322937541508697,0.492375553894687
1.078,-0.655956813682534,-0.293002507813943,0.948959321493339,-0.407067011880016,-0.117805658032045,0.524872669732688
1.0785,-0.535723134774839,-0.434346284765073,0.970069419549518,-0.344028660883963,-0.200416846687717,0.544445507409912
1.079,-0.402298432817641,-0.564995323050062,0.967293755889818,-0.272519393205107,-0.278092961050129,0.550612354115056
1.0795,-0.258967242051507,-0.681732310291065,0.94069955237665,-0.194299679244926,-0.348921685627389,0.543221364757174
1.08,-0.109260061268792,-0.781682465563073,0.890942526877068,-0.111295635048808,-0.41115865664383,0.522454291605373
1.0805,0.0431379244396647,-0.862385503551418,0.819247579166967,-0.0255512797052023,-0.4632715847974,0.48882286444536
1.081,0.194473618906514,-0.921853272696017,0.727379653853368,0.060822454833867,-0.50397729552385,0.443154840664175
1.0815,0.341020418423728,-0.958622215136697,0.617601796783916,0.145698341725684,-0.532273259599659,0.386574917880235
1.082,0.479170745835312,-0.971786755375292,0.492616009616259,0.226986744660739,-0.547463066600351,0.320476321977789
1.0825,0.605521680748825,-0.961022329927758,0.355500649258666,0.302686028592496,-0.549172386476544,0.246486357953199
1.083,0.716963066986167,-0.926594844324138,0.209631777419195,0.370932009770301,-0.537359289660614,0.166427279988736
1.0835,0.810750413564792,-0.869351073538466,0.0586006600543887,0.430044633321816,-0.512314704407319,0.0822700712107743
1.084,0.88457403975375,-0.790701205848756,-0.0938728338267757,0.478567948917004,-0.47465507293821,-0.00391287582975894
1.0845,0.936617109548976,-0.692581755196216,-0.244035354278964,0.515307404471532,-0.425308029089219,-0.0899993752131836
1.085,0.96559696866604,-0.577408266615522,-0.388188701982962,0.539358348862049,-0.36548837537566,-0.17386997330133
1.0855,0.970800973954445,-0.448017564211018,-0.522783409683775,0.550128323190682,-0.296669197619574,-0.253459125374676
1.086,0.952100668447697,-0.307594771341553,-0.644505897055862,0.547352527525344,-0.220545133094485,-0.32680739422789
1.0865,0.909956090030832,-0.159598137459497,-0.750357952531663,0.531098930467992,-0.138990354372875,-0.39210857589061
1.087,0.845405968573767,-0.0076718164118757,-0.837734152133806,0.501767964844902,-0.0540133349689733,-0.447754629674919
1.0875,0.760038591406865,0.144443808032322,-0.90448239942338,0.460081891906765,0.032293771348146,-0.492375663062348
1.088,0.655956832289097,0.293002262164112,-0.94895909445007,0.407066891174942,0.117805701815111,-0.524872592810679
1.0885,0.535723327816002,0.434346402967809,-0.970069730793417,0.344028761382555,0.200416760102241,-0.544445521323027
1.089,0.402298107794248,0.564995378911197,-0.96729348672756,0.272519353289719,0.278093055144197,-0.550612408293735
1.0895,0.258967566813183,0.681732104368957,-0.940699671216217,0.194299642982997,0.348921622050823,-0.543221264918678
1.09,0.109259867793902,0.781682737202222,-0.890942605041325,0.111295732216641,0.411158664309416,-0.522454396438791
1.0905,-0.0431379392050652,0.862385276343096,-0.819247337193246,0.0255511613472111,0.463271635664843,-0.488822796954813
1.091,-0.194473403611085,0.921853364178833,-0.727379960631614,-0.0608223632164293,0.503977207138945,-0.443154843896708
1.0915,-0.341020745698653,0.958622295146141,-0.617601549518434,-0.145698369864015,0.532273349526704,-0.38657497966895
1.092,-0.479170439564843,0.971786537597635,-0.492616098109071,-0.226986790819717,0.547463011425816,-0.320476220644274
1.0925,-0.605521842624794,0.961022596449982,-0.35550075390492,-0.302685927384826,0.549172384930598,-0.246486457614922
1.093,-0.716963113599061,0.926594636997875,-0.209631523480037,-0.370932124730326,0.537359346825822,-0.166427222193918
1.0935,-0.810750179024472,0.869351138519938,-0.0586009595761812,-0.4300445511066,0.512314615154764,-0.0822700641734355
1.094,-0.884574366012575,0.790701308230959,0.0938730577033976,-0.478567965492793,0.474655157998446,0.00391280734531147
1.0945,-0.936616823975079,0.692581528166065,0.244035295735218,-0.5153074596702,0.42530798250413,0.0899994769969415
1.095,-0.965597098680815,0.577408525647444,0.388188572965815,-0.539358244763426,0.365488365014438,0.173869879563929
1.0955,-0.970801050644555,0.44801737795489,0.522783672630011,-0.550128433778313,0.296669260267403,0.253459173314478
1.096,-0.952100417733977,0.307594810288265,0.64450560739543,-0.547352455120652,0.220545043875907,0.326807411041777
1.0965,-0.909956412151025,0.159598260295394,0.75035815181596,-0.531098935799028,0.138990433942685,0.392108501651837
1.097,-0.845405705609778,0.00767158271429425,0.837734122867399,-0.501768028173705,0.0540132970696752,0.447754730903021
1.0975,-0.760038689618074,-0.144443558693192,0.904482248295459,-0.46008178604656,-0.0322937900592833,0.492375575913281
1.098,-0.655956937067674,-0.293002426415574,0.948959363480108,-0.407066996498492,-0.117805634519244,0.524872630838362
1.0985,-0.535723064030118,-0.43434638935606,0.970069453395784,-0.344028699084633,-0.200416848422862,0.544445547345726
1.099,-0.402298422822664,-0.564995237659636,0.967293660504415,-0.272519347789709,-0.278092981609363,0.550612329258892
1.0995,-0.258967328073939,-0.68173234219123,0.940699670299247,-0.194299713491169,-0.348921651256222,0.54322136463225
1.1,-0.109259934565265,-0.781682499573198,0.890942434183667,-0.111295625694569,-0.411158690843379,0.522454316450683
1.1005,0.0431378085169001,-0.862385417907477,0.819247609445792,-0.0255512606029596,-0.463271564566062,0.48882282511178
1.101,0.194473677369461,-0.921853374985474,0.72737969767988,0.0608224152216299,-0.503977293742099,0.443154878494661
1.1015,0.341020440524145,-0.958622137611218,0.617601697158019,0.145698385693432,-0.532273282490322,0.386574896803152
1.102,0.479170652766312,-0.971786777067096,0.492616124377062,0.22698671411323,-0.54746303201387,0.320476317938817
1.1025,0.605521806639651,-0.9610223723513,0.355500565791382,0.302686033508148,-0.549172418706235,0.246486385267238
1.103,0.71696295934132,-0.926594755441063,0.209631796180968,0.370932032253979,-0.537359272771158,0.166427240615602
1.1035,0.81075045968723,-0.869351172629484,0.0586007130229687,0.430044592740659,-0.512314699271518,0.0822701066561306
1.104,0.884574073244203,-0.790701136614663,-0.0938729365513214,0.478567991070548,-0.474655097841776,-0.00391289307973641
1.1045,0.936617010627797,-0.692581766891775,-0.244035243662226,0.515307377765967,-0.425307994631812,-0.0899993829650256
1.105,0.965597092556708,-0.577408316692763,-0.38818877579639,0.539358349475144,-0.365488405404408,-0.173869943885677
1.1055,0.970800875289011,-0.448017473085007,-0.522783402144352,0.550128348697755,-0.296669184097501,-0.253459164403822
1.106,0.952100702293026,-0.307594866405369,-0.644505835837376,0.547352486408993,-0.220545124793272,-0.326807361412752
1.1065,0.909956134115048,-0.15959807684516,-0.750358057230216,0.531098970473548,-0.138990380964475,-0.392108589304566
1.107,0.845405865002125,-0.00767181841148656,-0.837734046562553,0.501767942081298,-0.0540133009695217,-0.447754640910767
1.1075,0.760038712178471,0.144443751103896,-0.90448246326656,0.460081888389438,0.0322937437205115,-0.492375631917387
1.108,0.655956743188437,0.293002354556338,-0.948959097741637,0.407066919332865,0.117805711978015,-0.524872631131506
1.1085,0.535723349564078,0.434346312686595,-0.97006966226028,0.344028720151974,0.200416771357333,-0.544445491347538
1.109,0.402298161606156,0.564995430674611,-0.967293592302882,0.272519390848152,0.278093027192358,-0.55061241790033
1.1095,0.258967459788162,0.681732111683378,-0.940699571505618,0.194299624218998,0.348921655281492,-0.543221279385348
1.11,0.109259984404101,0.781682674258361,-0.890942658707665,0.111295724773964,0.411158639251492,-0.522454363938191
1.1105,-0.0431380182725865,0.86238536905296,-0.819247350835588,0.0255511917731459,0.463271642509037,-0.488822834224941
1.111,-0.194473393670511,0.921853279357964,-0.72737988575132,-0.060822404156592,0.503977221116487,-0.443154816934086
1.1115,-0.341020683083632,0.958622337922881,-0.617601654910195,-0.145698335015721,0.532273320542048,-0.386574985532588
1.112,-0.479170548862205,0.971786553769638,-0.492616004983712,-0.226986805567649,0.547463043597197,-0.320476238067723
1.1125,-0.605521731134836,0.961022528350195,-0.355500797295091,-0.302685938518193,0.549172362579078,-0.246486424130035
1.113,-0.716963182281788,0.926594729112979,-0.209631546912415,-0.370932092425371,0.537359350422279,-0.16642725809533
1.1135,-0.810750180499111,0.869351059756144,-0.0586008793377477,-0.43004459137126,0.512314631606497,-0.0822700403605077
1.114,-0.884574295566139,0.790701341978062,0.0938729535098596,-0.478567933580482,0.474655128304861,0.00391280512658586
1.1145,-0.936616934390589,0.692581552672178,0.244035381644616,-0.515307470425241,0.425308013348017,0.089999456908095
1.115,-0.965596993180584,0.577408453265674,0.388188539847354,-0.539358259326737,0.365488345474106,0.173869913667572
1.1155,-0.970801108706112,0.448017468606369,0.522783640040088,-0.550128399985456,0.296669260715661,0.253459139073363
1.116,-0.952100430137057,0.307594738094825,0.644505691991951,-0.547352494347217,0.22054506253985,0.326807431604399
1.1165,-0.909956334880618,0.159598285059259,0.750358049781689,-0.531098907010719,0.138990403857529,0.392108502948683
1.117,-0.845405816026168,0.00767161497186989,0.837734201026214,-0.501768034996798,0.054013326341838,0.447754708453951
1.1175,-0.76003859088297,-0.14444363447764,0.904482225344804,-0.460081803756594,-0.0322938067152471,0.492375610279278
1.118,-0.655956984384491,-0.293002338046424,0.948959322427776,-0.407066961607094,-0.11780563709323,0.52487259852095
1.1185,-0.53572308678901,-0.434346454550843,0.970069541349458,-0.344028736935586,-0.200416827819305,0.544445564593121
1.119,-0.402298339760219,-0.5649952217474,0.967293561529733,-0.272519322275336,-0.278093011778068,0.550612333913223
1.1195,-0.258967437420175,-0.681732302815906,0.940699740270159,-0.194299716478873,-0.348921623774659,0.543221340138391
1.12,-0.109259843272977,-0.78168257788441,0.890942421202589,-0.111295646249303,-0.411158704572801,0.522454350734839
1.1205,0.043137771959058,-0.862385332583341,0.819247560679498,-0.0255512249969225,-0.463271570012236,0.488822794951917
1.121,0.19447364490413,-0.921853432838904,0.72737978799864,0.0608223790564931,-0.503977271479053,0.443154892396752
1.1215,0.341020528333224,-0.958622130338587,0.617601602076308,0.145698407821895,-0.532273312446493,0.386574904630859
1.122,0.479170545506553,-0.971786731250549,0.492616185820275,0.226986714831149,-0.547463006515357,0.320476291722383
1.1225,0.605521889911679,-0.961022452325103,0.355500562493158,0.302686010425827,-0.549172429497072,0.246486419140396
1.123,0.716962933451741,-0.92659467386352,0.209631740493004,0.370932068199711,-0.537359280917816,0.166427212816527
1.1235,0.810750418232108,-0.86935122288426,0.0586008047328673,0.430044558542351,-0.512314675633612,0.0822701172165323
1.124,0.884574164751741,-0.79070113769459,-0.0938730269789333,0.478568009738606,-0.474655127303646,-0.00391288228592475
1.1245,0.936616906408535,-0.692581715345009,-0.244035190989731,0.515307382029171,-0.425307971281595,-0.0899994105784472
1.125,0.965597167332723,-0.577408397484629,-0.388188769780537,0.539358324193742,-0.365488413273621,-0.173869910735062
1.1255,0.97080085987726,-0.448017395890257,-0.52278346392735,0.550128384620464,-0.296669194753852,-0.25345918967018
1.126,0.952100652622295,-0.307594908888544,-0.644505743683468,0.547352454427818,-0.22054510006669,-0.32680735415816
1.1265,0.909956228280379,-0.159598085921461,-0.750358142319246,0.531098985643351,-0.138990409666734,-0.392108575772111
1.127,0.845405764708403,-0.00767176187165426,-0.837734002808664,0.501767949701699,-0.0540132799051734,-0.447754669595517
1.1275,0.760038778084819,0.144443670311475,-0.904482448380488,0.460081861245193,0.0322937387283264,-0.492375599780957
1.128,0.655956737970331,0.293002426800934,-0.948959164768127,0.407066954885067,0.117805699019209,-0.524872653724902
1.1285,0.535723292499564,0.434346278065429,-0.970069570574599,0.344028690606371,0.200416796887694,-0.544445487332296
1.129,0.402298257405907,0.564995414020938,-0.967293671448959,0.272519402517352,0.278092999496671,-0.550612401873842
1.1295,0.258967364230316,0.6817321724612,-0.940699536725593,0.194299634983727,0.348921673950267,-0.543221308818853
1.13,0.109260041168628,0.781682594249067,-0.890942635462897,0.111295696107268,0.411158637065679,-0.522454333085681
1.1305,-0.0431380136683461,0.862385435851544,-0.819247422238412,0.025551226625332,0.463271627468768,-0.488822854036859
1.131,-0.194473457269277,0.921853252609213,-0.727379795403802,-0.060822431080848,0.503977247169722,-0.443154816063066
1.1315,-0.34102058664633,0.958622314166995,-0.617601727591611,-0.145698326815425,0.532273294079909,-0.386574967270745
1.132,-0.479170638953318,0.97178661802052,-0.492615979143481,-0.226986791893148,0.54746305978847,-0.320476267933498
1.1325,-0.605521683684349,0.961022449867671,-0.355500766263055,-0.302685968366271,0.549172363104683,-0.246486394807562
1.133,-0.716963168306401,0.926594790043037,-0.20963162181786,-0.37093205858228,0.537359333532584,-0.166427275048726
1.1335,-0.810750249744798,0.869351040813426,-0.0586007911493433,-0.430044615521511,0.51231465790826,-0.0822700425120202
1.134,-0.884574199453079,0.790701311644341,0.0938728877305191,-0.478567928785053,0.474655103281886,0.00391282535413126
1.1345,-0.936617018367384,0.692581619629162,0.244035398664427,-0.515307454094038,0.425308027007281,0.0899994269176277
1.135,-0.965596955118885,0.577408377007981,0.388188578043349,-0.539358290017785,0.365488348593808,0.173869941238919
1.1355,-0.970801085883002,0.448017523319799,0.52278356250355,-0.550128367437959,0.29666924221691,0.253459125024617
1.136,-0.952100504124283,0.30759472681879,0.644505777255213,-0.547352515604029,0.220545088824737,0.326807426576324
1.1365,-0.90995624001064,0.159598248714184,0.750357991256785,-0.531098905525744,0.138990380456866,0.392108524864371
1.137,-0.845405893327171,0.00767168387349453,0.837734209425592,-0.50176801627726,0.054013337441403,0.447754678634848
1.1375,-0.760038562190646,-0.144443707862918,0.904482270037757,-0.46008183495803,-0.0322938011390771,0.492375635904545
1.138,-0.655956953301238,-0.29300228982302,0.948959243121118,-0.407066930617265,-0.117805656955008,0.5248725873929
1.1385,-0.535723164603877,-0.434346458368142,0.970069622981626,-0.344028755212535,-0.200416801805548,0.544445556856314
1.139,-0.402298247002074,-0.564995263502488,0.967293510526677,-0.272519323978201,-0.278093033396589,0.550612357234609
1.1395,-0.258967507571904,-0.681732232718448,0.940699740324429,-0.194299695651424,-0.34892161523651,0.543221310772794
1.14,-0.109259823840537,-0.78168264780435,0.89094247169009,-0.111295677637361,-0.411158696695921,0.522454374246017
1.1405,0.0431378106590769,-0.862385291049092,0.819247480445229,-0.0255511958008806,-0.463271590987975,0.488822786731614
1.141,0.194473564174819,-0.921853429469155,0.727379865358202,0.060822363813352,-0.503977245977529,0.443154882138369
1.1415,0.341020618167225,-0.958622176874763,0.617601558778484,0.14569840307965,-0.532273332146942,0.386574929073553
1.142,0.479170482888639,-0.971786660686671,0.492616177874312,0.226986737477244,-0.547463000515425,0.320476263076357
1.1425,0.605521900279007,-0.961022518244939,0.355500618045665,0.302685979163323,-0.549172419491111,0.246486440396939
1.143,0.716962979077896,-0.92659463914443,0.209631660147758,0.37093209539302,-0.537359302757952,0.166427207463355
1.1435,0.810750335492025,-0.869351212657618,0.0586008772463068,0.430044546355303,-0.512314650870475,0.0822701046404433
1.144,0.884574250911269,-0.790701188362584,-0.0938730624704675,0.478568002128777,-0.474655144974324,-0.00391285700541796
1.1445,0.936616851619985,-0.692581645018457,-0.244035206527732,0.515307406198982,-0.425307967773023,-0.0899994382568305
1.145,0.965597168909584,-0.577408458930525,-0.388188709911502,0.539358293354831,-0.365488401323755,-0.173869891846017
1.1455,0.970800911700324,-0.448017368041013,-0.522783543599658,0.550128409630167,-0.296669217210768,-0.253459192222967
1.146,0.952100568757213,-0.307594892188006,-0.644505676518925,0.547352445288582,-0.22054507625157,-0.326807368834043
1.1465,0.909956310081806,-0.159598140058799,-0.750358169983336,0.531098975358439,-0.138990425220254,-0.392108549933679
1.147,0.845405717956589,-0.00767169245474935,-0.837734025473756,0.501767975097721,-0.0540132788188751,-0.447754696077837
1.1475,0.760038771219749,0.144443613750347,-0.90448238495429,0.460081831111468,0.032293752425732,-0.492375583344637
1.148,0.655956795231154,0.293002447794546,-0.948959243022561,0.407066977558958,0.117805676188865,-0.524872653568449
1.1485,0.535723208369504,0.434346300809924,-0.970069509189034,0.344028684477447,0.200416819563035,-0.544445503878713
1.149,0.402298334236171,0.564995357082963,-0.967293691341249,0.272519389767837,0.278092986123544,-0.5506123757512
1.1495,0.258967325636079,0.681732240332791,-0.940699566002949,0.194299661308877,0.34892167270401,-0.543221333897747
1.15,0.109260026277623,0.781682542919149,-0.890942569241975,0.111295666941827,0.411158652305434,-0.522454319159996
1.1505,-0.0431379517502389,0.862385450069643,-0.819247498374618,0.0255512468401614,0.463271604501898,-0.488822851284818
1.151,-0.194473540837316,0.921853280926894,-0.727379740153445,-0.0608224342646076,0.503977268532519,-0.443154834242103
1.1515,-0.341020515326701,0.958622255096576,-0.617601739840821,-0.145698341803868,0.532273282926644,-0.386574941129037
1.152,-0.479170669353268,0.97178668375243,-0.492616014475441,-0.22698676493267,0.547463056318291,-0.320476291423796
1.1525,-0.60552170612466,0.961022404050328,-0.355500698005401,-0.302685996320611,0.549172379675131,-0.246486383423671
1.153,-0.716963102524355,0.92659479762815,-0.209631695185018,-0.37093204092081,0.537359310657608,-0.166427269835221
1.1535,-0.810750331963502,0.869351074198953,-0.0586007423161654,-0.430044615851124,0.512314677805626,-0.082270062079774
1.154,-0.884574134107775,0.7907012511027,0.0938728829268563,-0.478567945774374,0.474655094364788,0.00391285126055185
1.1545,-0.936617040617337,0.692581682672375,0.244035357871165,-0.515307426786036,0.425308021438886,0.0899994051780203
1.155,-0.965596984578381,0.57740833691946,0.388188647591364,-0.539358316540005,0.365488366279145,0.1738699500758
1.1555,-0.970801017035003,0.448017524472887,0.522783492502462,-0.550128352395474,0.296669219651904,0.253459132547138
1.156,-0.952100584252009,0.307594764738577,0.64450581946315,-0.54735251319443,0.22054510712433,0.326807405867132
1.1565,-0.909956181026211,0.159598187349445,0.750357993637096,-0.531098924268339,0.138990373769872,0.392108550293961
1.157,-0.845405907548633,0.00767174372780042,0.837734163792748,-0.501767988900993,0.054013329915647,0.447754658784337
1.1575,-0.760038598093058,-0.144443742070887,0.904482340148137,-0.460081859850148,-0.0322937825565367,0.492375642214122
1.158,-0.655956882181985,-0.29300229484692,0.948959177025766,-0.407066918231275,-0.117805679004002,0.524872597055902
1.1585,-0.535723241949962,-0.434346416469572,0.970069658429139,-0.34402875020047,-0.200416785215097,0.544445535253798
1.159,-0.402298194687373,-0.564995325061044,0.967293519770532,-0.272519344219706,-0.278093037880921,0.550612381960446
1.1595,-0.258967513959231,-0.681732176501625,0.940699690494934,-0.194299668475259,-0.348921624565616,0.543221292925733
1.16,-0.109259865570957,-0.781682676043356,0.890942541659514,-0.111295700725403,-0.411158677433556,0.522454378071694
1.1605,0.0431378832657484,-0.862385301945589,0.819247418735055,-0.0255511860815718,-0.463271612328447,0.488822798352777
1.161,0.194473490245473,-0.921853384162881,0.727379893981274,0.0608223712715526,-0.5039772311864,0.44315485988904
1.1615,0.341020663580821,-0.958622238022018,0.617601574512143,0.145698381597609,-0.532273334476282,0.386574952884934
1.162,0.479170484073152,-0.971786608502061,0.492616124505187,0.226986764197992,-0.547463011482752,0.320476247322935
1.1625,0.605521853366568,-0.961022540488126,0.355500687201291,0.302685958028633,-0.549172399763896,0.246486441804414
1.163,0.716963052406165,-0.926594655564769,0.209631603239828,0.370932102461746,-0.537359323212234,0.166427220848911
1.1635,0.810750265555088,-0.869351164524137,0.058600899049764,0.430044556086053,-0.512314637947664,0.082270081986882
1.164,0.8845742892689,-0.790701248522456,-0.0938730406682258,0.478567979665913,-0.474655145215274,-0.00391283430160522
1.1645,0.936616860051454,-0.692581597205339,-0.244035262772319,0.515307432223982,-0.425307980204386,-0.0899994518504671
1.165,0.965597117484639,-0.577408475210307,-0.388188642206776,0.539358274297642,-0.365488381342276,-0.173869892770307
1.1655,0.970800985009068,-0.448017389597292,-0.522783595352123,0.550128414089452,-0.29666923661714,-0.253459177275881
1.166,0.9521005033258,-0.307594841811211,-0.644505661464307,0.547352457103437,-0.220545065245095,-0.326807391655375
1.1665,0.909956341303461,-0.15959819868863,-0.75035814257516,0.53109895217323,-0.138990423456912,-0.392108528511811
1.167,0.845405733253284,-0.00767164929595719,-0.837734083929243,0.501768000203337,-0.0540132925331005,-0.447754707469227
1.1675,0.760038715967871,0.144443603345055,-0.90448231929712,0.460081814230642,0.0322937724571369,-0.492375586495216
1.168,0.655956867810115,0.293002421523987,-0.948959289330963,0.407066979473552,0.117805657975266,-0.524872637269444
1.1685,0.535723147891796,0.434346352848547,-0.970069500749948,0.344028698175548,0.200416828625734,-0.544445526639513
1.169,0.402298358314365,0.564995300488535,-0.967293658825014,0.272519366115066,0.278092989791116,-0.550612355766002
1.1695,0.258967347365479,0.681732278611273,-0.94069962601083,0.194299685289646,0.348921657893043,-0.543221343067548
1.17,0.109259967893129,0.781682538246132,-0.890942506184465,0.111295652311022,0.411158672190402,-0.522454324414159
1.1705,-0.043137880574845,0.862385419534741,-0.819247539015111,0.025551246296818,0.463271587608368,-0.488822833847944
1.171,-0.194473595979742,0.921853334053808,-0.727379738137932,-0.0608224188940747,0.503977275643987,-0.443154856724105
1.1715,-0.341020498329851,0.95862220100225,-0.617601702743344,-0.145698365675425,0.532273288384058,-0.386574922714894
1.172,-0.479170641668176,0.971786716981308,-0.492616075389411,-0.226986742262796,0.547463040599636,-0.320476298375016
1.1725,-0.605521766945806,0.961022404917657,-0.355500638051584,-0.302686008652609,0.549172399226847,-0.246486390643389
1.173,-0.716963033384809,0.926594763301582,-0.209631729997997,-0.370932043815088,0.53735929519337,-0.166427251476705
1.1735,-0.810750381456608,0.869351127853802,-0.0586007464779081,-0.430044599026468,0.512314682977646,-0.0822700840764499
1.174,-0.884574124064039,0.790701199929692,0.0938729240561299,-0.478567969624116,0.474655101485027,0.0039128679900541
1.1745,-0.93661700749159,0.692581710738344,0.244035296679451,-0.515307405592686,0.425308005002577,0.08999940042098
1.175,-0.965597047145383,0.577408343089409,0.388188703988418,-0.539358326548725,0.365488385321758,0.173869941041909
1.1755,-0.970800950517669,0.448017486844542,0.522783463613474,-0.55012835751531,0.296669205707798,0.25345915161108
1.176,-0.952100627849555,0.307594818379081,0.644505809420193,-0.547352495139029,0.220545110387008,0.326807384549053
1.1765,-0.909956177745225,0.159598139473201,0.750358038232353,-0.531098947865835,0.13899038241505,0.392108565246279
1.177,-0.845405869528728,0.00767176657231982,0.837734102928323,-0.501767969328625,0.0540133129508137,0.447754656176802
1.1775,-0.760038661726781,-0.144443730877636,0.904482392588611,-0.460081867534671,-0.032293764186662,0.492375631528771
1.178,-0.655956818823524,-0.293002335275403,0.948959154095788,-0.407066925434892,-0.117805691355641,0.524872616611159
1.1785,-0.535723279473083,-0.434346363363114,0.970069642845802,-0.344028731140395,-0.200416783814381,0.544445514793007
1.179,-0.402298197921053,-0.564995369312592,0.96729356725576,-0.272519367346511,-0.278093027857776,0.550612395064106
1.1795,-0.25896747161651,-0.681732158884024,0.940699630534612,-0.194299650646624,-0.348921641872546,0.543221292404029
1.18,-0.109259929610028,-0.781682660143286,0.890942589798517,-0.111295706107389,-0.411158659886756,0.522454365906879
1.1805,0.0431379429815278,-0.862385344666172,0.819247401739859,-0.0255511952128522,-0.463271623033724,0.488822818189335
1.181,0.194473458909321,-0.921853332083476,0.727379873238021,0.0608223911098433,-0.503977231584167,0.443154840448516
1.1815,0.341020654133479,-0.958622278369674,0.61760162430714,0.145698359146336,-0.532273323229424,0.386574964089349
1.182,0.479170530149061,-0.971786596065923,0.492616065993141,0.226986780182135,-0.547463028949749,0.320476248805789
1.1825,0.605521789560082,-0.961022520230275,0.355500730749926,0.302685954906087,-0.549172383176302,0.246486428339365
1.183,0.716963108050811,-0.92659470006821,0.209631592098623,0.370932091571157,-0.537359332235455,0.16642724076272
1.1835,0.810750240453776,-0.869351113934427,0.0586008735613656,0.430044576477925,-0.512314640065617,0.0822700637129622
1.184,0.884574273956713,-0.790701284736442,-0.0938729891420541,0.47856795807998,-0.474655132904441,-0.00391282502650357
1.1845,0.936616909259116,-0.692581589856832,-0.244035319328489,0.515307446284935,-0.425307997655402,-0.0899994484604044
1.185,0.965597054520009,-0.577408450971534,-0.388188603480918,0.539358273371307,-0.365488365835079,-0.173869907351169
1.1855,0.970801036211351,-0.448017435378132,-0.522783600773566,0.550128401618008,-0.296669243940401,-0.253459157481175
1.186,0.952100484444746,-0.30759479314024,-0.644505691254224,0.547352477828186,-0.220545068991492,-0.326807408633725
1.1865,0.909956320517693,-0.159598230588773,-0.750358089889249,0.531098931626195,-0.138990410245554,-0.392108521176135
1.187,0.845405784985783,-0.0076716468957837,-0.837734138061915,0.501768012284314,-0.0540133097995278,-0.447754702283777
1.1875,0.760038654420987,0.144443631164874,-0.904482285570054,0.460081815418601,0.0322937867782405,-0.492375602004279
1.188,0.655956914257261,0.293002374962674,-0.948959289216796,0.40706696560765,0.117805652352636,-0.524872617780912
1.1885,0.535723135156684,0.434346399208106,-0.970069534374396,0.344028719018373,0.20041682335463,-0.544445542211233
1.189,0.40229833248318,0.564995273033104,-0.967293605538399,0.27251934676323,0.278093003737584,-0.550612350360633
1.1895,0.258967401016528,0.681732276244641,-0.940699677295246,0.194299695355417,0.348921640971042,-0.543221336211318
1.19,0.109259908302292,0.781682569228938,-0.890942477576433,0.111295655514244,0.411158685235595,-0.522454340662573
1.1905,-0.0431378391365444,0.862385372676887,-0.819247533595556,0.0255512312286685,0.463271583670519,-0.488822814841945
1.191,-0.194473602699762,0.921853377747953,-0.727379775112057,-0.0608223981402276,0.503977268962412,-0.443154870796376
1.1915,-0.341020528747074,0.958622178073874,-0.617601649397747,-0.145698383693826,0.532273302899933,-0.386574919212368
1.192,-0.479170586698381,0.971786710068122,-0.49261612344602,-0.226986734226456,0.547463024171942,-0.320476289983661
1.1925,-0.605521824083547,0.961022438632012,-0.355500614628198,-0.302686003548605,0.549172410922404,-0.24648640744295
1.193,-0.716962997149975,0.926594716613963,-0.209631719545211,-0.370932059889569,0.537359292908765,-0.166427233117618
1.1935,-0.810750382345318,0.869351168569038,-0.0586007863044333,-0.430044578559221,0.512314675008787,-0.0822700965748376
1.194,-0.884574158582449,0.790701181563395,0.0938729769408355,-0.478567986189501,0.474655116405943,0.00391286963452286
1.1945,-0.936616951790817,0.692581699533839,0.244035252183183,-0.515307399579732,0.425307989208074,0.0899994102025289
1.195,-0.965597101377348,0.577408379095242,0.388188722214549,-0.539358319672119,0.365488395610097,0.173869923876963
1.1955,-0.970800919622397,0.448017440772964,0.52278347878978,-0.550128374398555,0.29666920503017,0.253459169171953
1.196,-0.952100623139689,0.307594855843779,0.644505767245629,-0.547352475145044,0.22054510126144,0.326807373680637
1.1965,-0.909956215860262,0.159598125658308,0.750358090162282,-0.531098962877666,0.138990397579516,0.392108565093644
1.197,-0.845405813667507,0.00767175136279015,0.837734062276632,-0.501767965313631,0.0540132979164935,0.447754667196128
1.1975,-0.760038712647207,-0.144443693024412,0.904482405655812,-0.46008185902553,-0.0322937553470891,0.492375614180056
1.198,-0.655956793346485,-0.29300238030956,0.948959173652907,-0.407066942929665,-0.117805690486232,0.524872633236523
1.1985,-0.535723269442047,-0.434346329377807,0.970069598829461,-0.344028711794018,-0.200416793960268,0.544445505592517
1.199,-0.402298239114152,-0.564995378630463,0.967293617766729,-0.272519380723478,-0.27809301260693,0.550612393190227
1.1995,-0.258967416143316,-0.681732177785285,0.940699593962679,-0.19429964858584,-0.348921656032319,0.543221304503017
1.2,-0.10925997686207,-0.781682620886296,0.890942597793568,-0.111295696115817,-0.411158652521726,0.522454348550278
1.2005,0.043137963017475,-0.862385388269033,0.819247425306772,-0.0255512131241507,-0.463271620689742,0.488822833756651
1.201,0.194473473943988,-0.921853301763196,0.727379827883074,0.0608224096477637,-0.503977242609732,0.44315483293616
1.2015,0.341020610389275,-0.958622283286272,0.617601672967943,0.145698347466316,-0.532273308043701,0.386574960583646
1.202,0.47917058471222,-0.971786618322781,0.49261603368684,0.226986780349605,-0.547463042133827,0.320476261822398
1.2025,0.605521746282918,-0.961022480008397,0.355500733805212,0.302685966221816,-0.549172377296221,0.246486411143556
1.203,0.716963122676529,-0.926594741876084,0.209631619280779,0.370932073434307,-0.537359328500666,0.166427255164782
1.2035,0.810750260139146,-0.869351087421574,0.0586008273631428,0.43004459406104,-0.512314651827505,0.0822700578917356
1.204,0.884574228191295,-0.790701285386245,-0.0938729427268317,0.478567948139964,-0.474655117928441,-0.00391283006248809
1.2045,0.936616962420665,-0.692581615114518,-0.244035347232351,0.515307444635829,-0.425308009776289,-0.0899994346904109
1.205,0.965597015472976,-0.577408410214843,-0.388188605190578,0.53935828584663,-0.365488361435522,-0.173869924226048
1.2055,0.970801045508904,-0.448017475059793,-0.522783570389457,0.550128383440861,-0.296669238908598,-0.253459144335831
1.206,0.952100508397388,-0.307594770534392,-0.644505737812715,0.547352494325465,-0.220545081345142,-0.326807412777354
1.2065,0.909956273258625,-0.15959822714208,-0.750358046076875,0.53109892345058,-0.138990395615858,-0.392108527630216
1.207,0.845405836288086,-0.00767167478510493,-0.837734161474897,0.501768008909815,-0.05401332078366,-0.447754687925145
1.2075,0.760038619807745,0.14444367203892,-0.904482291830858,0.460081828884517,0.0322937897158779,-0.492375618407832
1.208,0.655956918356995,0.293002337704122,-0.948959256057977,0.407066947568186,0.117805658578965,-0.524872605967777
1.2085,0.535723162967647,0.43434641784939,-0.970069580826643,0.34402873431474,0.200416810553536,-0.544445544706508
1.209,0.402298284250678,0.56499528037331,-0.967293564646104,0.272519340358288,0.278093017893406,-0.550612358111513
1.2095,0.258967450038926,0.681732246103123,-0.940699696176126,0.194299690359669,0.348921631183156,-0.543221321427684
1.21,0.109259878275063,0.781682609819019,-0.890942488139283,0.111295669799138,0.411158686743327,-0.522454356455199
1.2105,-0.04313784005926,0.862385338102544,-0.819247498098498,0.0255512134961645,0.463271590981539,-0.488822804420462
1.211,-0.194473571459929,0.921853392407951,-0.727379821011889,-0.060822384143435,0.50397725585656,-0.443154871687317
1.2115,-0.341020577444882,0.958622189075247,-0.617601611701311,-0.145698388339257,0.532273316464189,-0.386574928131193
1.212,-0.479170540337023,0.971786678059985,-0.492616137799241,-0.226986740727893,0.54746301562573,-0.320476274936012
1.2125,-0.605521849423324,0.961022478556173,-0.355500629212581,-0.302685988617187,0.549172411044789,-0.246486422496752
1.213,-0.716963002878312,0.92659468494809,-0.209631682151,-0.370932077155819,0.537359301188668,-0.166427224131271
1.2135,-0.810750348121548,0.869351179270337,-0.0586008312295034,-0.430044565943978,0.512314661737913,-0.0822700959192059
1.214,-0.884574207253956,0.790701195967691,0.093873011208047,-0.478567989103187,0.47465512927155,0.0039128596826019
1.2145,-0.936616908430047,0.692581666046808,0.244035242309443,-0.515307407461477,0.425307981935038,0.0899994253573097
1.215,-0.965597121977897,0.577408417993794,0.388188703916547,-0.539358304265767,0.365488394403288,0.17386990967742
1.2155,-0.970800929901893,0.448017412202328,0.522783517639911,-0.550128391050373,0.296669214158542,0.253459176695399
1.216,-0.952100586387443,0.30759486264643,0.644505723690731,-0.547352463976533,0.220545087961095,0.326807375812469
1.2165,-0.909956264034459,0.159598143184964,0.750358120809824,-0.531098964103022,0.138990409650599,0.392108554247917
1.217,-0.845405773603715,0.00767171678288966,0.837734056792741,-0.501767974442103,0.0540132919344833,0.447754682306611
1.2175,-0.760038728504866,-0.14444365548632,0.904482383975379,-0.460081843313336,-0.0322937578163725,0.492375600937146
1.218,-0.65595680788906,-0.293002405635945,0.948959213521866,-0.407066958830967,-0.11780568063305,0.524872639284643
1.2185,-0.535723230622461,-0.434346326378425,0.970069557010491,-0.344028702120688,-0.200416807159855,0.544445509118774
1.219,-0.402298286344353,-0.564995358280681,0.967293644647149,-0.272519380318498,-0.278093001414571,0.550612381592888
1.2195,-0.258967379628644,-0.681732213077412,0.940699592740134,-0.194299658820895,-0.348921660718715,0.543221319424469
1.22,-0.109259988019331,-0.78168258501646,0.890942573080993,-0.111295680262843,-0.41115865617728,0.522454336352857
1.2205,0.0431379445293248,-0.86238541023979,0.81924746576568,-0.0255512281517616,-0.463271610237322,0.488822838331842
1.221,0.194473514368813,-0.921853302438759,0.727379788133812,0.0608224177939689,-0.5039772555847,0.443154837764923
1.2215,0.341020564522114,-0.958622260427597,0.617601695976429,0.145698349430227,-0.532273297802258,0.386574948378292
1.222,0.479170617470489,-0.971786653955335,0.492616036561126,0.226986769153043,-0.547463045532778,0.320476276417911
1.2225,0.605521739739728,-0.961022446085693,0.355500706425697,0.302685982055977,-0.549172382053489,0.246486400066662
1.223,0.716963100585437,-0.926594760416991,0.209631659912778,0.370932059389986,-0.537359317575195,0.166427258283631
1.2235,0.810750301710665,-0.869351091613427,0.0586007899834761,0.430044600664313,-0.512314664461299,0.0822700639222575
1.224,0.884574184075652,-0.790701260344239,-0.0938729236531947,0.478567951579232,-0.474655108697894,-0.0039128427323028
1.2245,0.936616991260263,-0.692581650727787,-0.24403534045868,0.515307432626159,-0.425308011908113,-0.0899994205489175
1.225,0.965597013416351,-0.577408378487716,-0.388188634861079,0.53935830150917,-0.36548836720276,-0.173869934121351
1.2255,0.970801020178269,-0.448017490132972,-0.522783529985644,0.550128370475357,-0.296669227635628,-0.253459142643298
1.226,0.952100550664911,-0.307594778056335,-0.644505772558294,0.547352499385616,-0.220545093529341,-0.326807405653307
1.2265,0.909956231249912,-0.159598200250008,-0.750358030960232,0.531098928270781,-0.138990387443899,-0.392108540622375
1.227,0.845405861091473,-0.00767171003445159,-0.837734151028937,0.50176799623718,-0.0540133216801248,-0.447754674356047
1.2275,0.760038622071935,0.144443701353602,-0.90448232340973,0.460081844230619,0.0322937830364118,-0.492375627074469
1.228,0.655956890166597,0.293002326101349,-0.948959216264807,0.407066935762609,0.117805670075708,-0.524872605658943
1.2285,0.535723205492389,0.434346407208145,-0.970069612710139,0.344028737846559,0.200416798918507,-0.544445536603297
1.229,0.402298244669157,0.564995308778032,-0.967293553469304,0.272519346455512,0.278093024971326,-0.550612371286657
1.2295,0.258967470732574,0.681732211544541,-0.940699682311193,0.19429967717443,0.348921631479615,-0.543221308538905
1.23,0.109259884659271,0.781682636536764,-0.890942521241237,0.111295684693049,0.411158679254177,-0.522454363859961
1.2305,-0.0431378707176189,0.862385329939081,-0.819247459276676,0.0255512029170142,0.463271602581279,-0.488822805441051
1.231,-0.194473529101089,0.921853378879728,-0.727379849842505,-0.0608223821109504,0.503977244860826,-0.443154862724067
1.2315,-0.341020614315745,0.958622218654495,-0.617601604409695,-0.145698381077006,0.532273322424699,-0.386574941353954
1.232,-0.479170523783732,0.971786644498784,-0.49261612079133,-0.226986754276629,0.547463017062862,-0.320476262824409
1.2325,-0.605521839151549,0.961022502525315,-0.355500663453499,-0.302685974301218,0.549172402852111,-0.246486428620044
1.233,-0.716963035605112,0.926594680160767,-0.209631644636878,-0.37093208645669,0.537359312774629,-0.166427226416361
1.2335,-0.810750306332608,0.869351163105844,-0.0586008568539509,-0.430044565368484,0.512314651461668,-0.0822700862184545
1.234,-0.884574241168721,0.790701226385945,0.0938730147045575,-0.478567980794571,0.474655134103084,0.0039128465424511
1.2345,-0.936616896006308,0.692581633767236,0.244035262165277,-0.515307421227245,0.425307984451692,0.0899994366064241
1.235,-0.965597108079091,0.577408439095607,0.388188668915929,-0.539358290642677,0.365488385615665,0.173869904841953
1.2355,-0.970800964294082,0.448017410697844,0.522783553536585,-0.550128399035657,0.296669225618914,0.253459173220311
1.236,-0.952100545550151,0.307594844111571,0.6445057013883,-0.547352464803308,0.220545078474236,0.326807386126104
1.2365,-0.909956294786517,0.159598174112453,0.750358120634391,-0.531098954871938,0.138990413353021,0.392108541314411
1.237,-0.845405765259112,0.0076716860449995,0.837734079186028,-0.5017679882824,0.0540132954615682,0.447754692619823
1.2375,-0.760038711263963,-0.14444363733784,0.904482348585998,-0.460081830486587,-0.0322937670890783,0.492375597383103
1.238,-0.655956843544119,-0.293002403978873,0.948959247519853,-0.407066965477661,-0.117805669404229,0.524872634702515
1.2385,-0.535723191093536,-0.43434634700576,0.970069538108902,-0.344028704283674,-0.200416815797982,0.544445519919888
1.239,-0.402298313766323,-0.56499532716502,0.967293640953456,-0.272519370292666,-0.27809299883044,0.550612368982924
1.2395,-0.258967375275285,-0.681732242039283,0.940699617348646,-0.194299672598391,-0.348921656257232,0.543221328740482
1.24,-0.10925996774189,-0.781682569875109,0.890942537662202,-0.11129566832389,-0.41115866582505,0.522454334061674
1.2405,0.0431379080095062,-0.862385405568088,0.819247497613797,-0.0255512334507997,-0.463271599339383,0.488822832732941
1.241,0.194473552260109,-0.921853324871887,0.727379772675645,0.0608224143710575,-0.503977263325437,0.443154848928571
1.2415,0.341020540558384,-0.958622229433361,0.617601688945923,0.145698360120666,-0.532273296315196,0.386574936200791
1.242,0.479170617955575,-0.971786680933777,0.49261606305448,0.226986755569386,-0.547463040218846,0.320476284687635
1.2425,0.605521762731343,-0.961022433973873,0.355500671322262,0.302685993028077,-0.54917239196722,0.246486399008292
1.243,0.716963063590878,-0.92659475290075,0.209631689391094,0.370932055434225,-0.53735930710015,0.166427251764348
1.2435,0.810750337664581,-0.869351115560014,0.0586007779761478,0.430044596066825,-0.512314671266706,0.0822700753251523
1.244,0.884574163659466,-0.790701229767034,-0.0938729338142121,0.478567962803077,-0.474655108276919,-0.00391285437712311
1.2445,0.936616988032477,-0.69258167554321,-0.24403531241547,0.515307419360075,-0.425308005828557,-0.0899994133623892
1.245,0.965597038786792,-0.577408369397516,-0.38818866932172,0.539358311448009,-0.365488377275284,-0.173869933987667
1.2455,0.970800983087453,-0.448017479962828,-0.522783503064972,0.550128367845643,-0.296669217667577,-0.253459149981635
1.246,0.952100584412895,-0.307594803221469,-0.644505781141146,0.547352493706761,-0.220545099372121,-0.326807394131672
1.2465,0.909956214432467,-0.159598170369162,-0.750358044023633,0.531098939897088,-0.13899038804897,-0.392108551643612
1.247,0.845405854335797,-0.0076717325356843,-0.837734121772028,0.501767983404201,-0.054013314925604,-0.447754668277588
1.2475,0.76003864947666,0.144443707459074,-0.904482356919927,0.460081853082561,0.0322937729093665,-0.492375625799365
1.248,0.655956853343276,0.293002338716904,-0.94895919205704,0.407066934429566,0.117805679461062,-0.524872613711254
1.2485,0.535723236798401,0.434346381118994,-0.970069617927002,0.344028731186176,0.200416794055184,-0.544445525079591
1.249,0.402298231464627,0.564995337701508,-0.96729356918825,0.272519358354853,0.278093023388547,-0.550612381603219
1.2495,0.258967460660553,0.68173219147997,-0.940699652174601,0.194299664881104,0.348921638815648,-0.543221303581612
1.25,0.109259913748266,0.781682639721824,-0.890942553515292,0.111295692417219,0.411158669173096,-0.522454361503049
1.2505,-0.0431379069273455,0.862385344776467,-0.819247437904336,0.0255512028399031,0.46327161131702,-0.488822814099681
1.251,-0.194473500439633,0.921853352157859,-0.727379851782093,-0.0608223896476328,0.503977240983593,-0.443154851310152
1.2515,-0.341020623928819,0.95862224637968,-0.617601622521807,-0.145698369031351,0.53227331992003,-0.38657495089494
1.252,-0.479170536937142,0.971786626964639,-0.492616090103777,-0.226986765933397,0.547463024885183,-0.320476258989962
1.2525,-0.605521808730146,0.961022502879943,-0.35550069422953,-0.302685967733063,0.549172392912874,-0.246486425248961
1.253,-0.71696307087542,0.926594696984106,-0.20963162618991,-0.370932085329103,0.537359320802911,-0.16642723557223
1.2535,-0.810750280484257,0.869351136036637,-0.0586008556330949,-0.430044573672094,0.512314648567318,-0.0822700750204959
1.254,-0.884574247245744,0.790701252693512,0.093872994474013,-0.478567968725496,0.474655130738977,0.00391283783748475
1.2545,-0.936616911985985,0.69258161882886,0.244035293083329,-0.515307432160737,0.425307992664299,0.0899994393273083
1.255,-0.965597076675506,0.577408436733513,0.388188639874436,-0.5393582852464,0.365488375908808,0.173869909152533
1.2555,-0.970800998321744,0.44801742926176,0.522783569000331,-0.550128396764172,0.296669232891147,0.253459163676593
1.256,-0.952100522649191,0.307594816971963,0.644505705626947,-0.54735247376156,0.220545076550164,0.326807397008428
1.2565,-0.909956297414899,0.159598198805904,0.750358098569324,-0.531098942897479,0.138990409197677,0.392108533495296
1.257,-0.845405783793082,0.00767167373985209,0.837734110025146,-0.5017679984165,0.054013303968649,0.447754694246841
1.2575,-0.760038679223449,-0.144443642281299,0.904482321488942,-0.460081826266025,-0.0322937764790212,0.492375602552484
1.258,-0.655956876050513,-0.293002383926486,0.94895925997386,-0.407066962131655,-0.11780566292729,0.524872624879572
1.2585,-0.535723171240105,-0.434346373949612,0.970069545199323,-0.344028713782581,-0.200416816773274,0.544445530394086
1.259,-0.402298313063309,-0.564995304258396,0.967293617343818,-0.272519358525053,-0.278093003703966,0.550612362088839
1.2595,-0.258967396078056,-0.681732251700835,0.940699647812968,-0.194299681867887,-0.348921647550382,0.543221329303128
1.26,-0.109259935401589,-0.781682577245143,0.890942512691936,-0.111295665271318,-0.411158674820116,0.522454340004169
1.2605,0.0431378772767146,-0.862385384283337,0.819247507061837,-0.025551229107202,-0.463271593687647,0.488822822737607
1.261,0.194473568999574,-0.92185335136674,0.727379782431033,0.0608224044460087,-0.503977263381758,0.443154858909941
1.2615,0.341020544448092,-0.958622208461793,0.617601664084647,0.145698371575851,-0.532273301829909,0.386574930260318
1.262,0.479170595179688,-0.971786687967438,0.492616092864028,0.226986747218617,-0.547463031404947,0.320476284224506
1.2625,0.605521795045332,-0.96102244359856,0.355500648632961,0.302685994931392,-0.549172400496504,0.246486405634263
1.263,0.716963034856378,-0.926594730641096,0.209631695865941,0.370932060691993,-0.53735930229428,0.16642724170071
1.2635,0.810750351256601,-0.869351141367461,0.0586007901915756,0.430044585829541,-0.512314670441546,0.0822700847372762
1.264,0.884574170566242,-0.790701210853848,-0.093872959634175,0.478567973847656,-0.474655114352788,-0.00391285934583288
1.2645,0.936616963586058,-0.692581679989524,-0.244035283522738,0.515307411971007,-0.425307996997532,-0.0899994148043459
1.265,0.965597070762126,-0.577408381090182,-0.388188689604388,0.539358312231172,-0.365488385275335,-0.173869926770778
1.2655,0.97080095654725,-0.448017456984532,-0.522783499503064,0.550128373928747,-0.296669213719179,-0.253459160013137
1.266,0.952100594855902,-0.307594828119639,-0.644505766685982,0.547352483269463,-0.220545097709967,-0.326807385356527
1.2665,0.909956224164444,-0.159598153612612,-0.75035807051216,0.531098950440927,-0.138990394603836,-0.392108555632585
1.267,0.845405828525108,-0.00767173445861097,-0.837734094038413,0.5017679770087,-0.0540133061638186,-0.447754670643872
1.2675,0.760038680817206,0.144443693897436,-0.904482374698836,0.460081852784339,0.0322937654942422,-0.492375618086018
1.268,0.655956829163977,0.293002362161217,-0.948959191322055,0.407066941244841,0.117805682549181,-0.524872623614648
1.2685,0.535723244121438,0.434346357333968,-0.970069601465013,0.34402872065838,0.200416796503566,-0.544445517000177
1.269,0.402298243810475,0.564995352228151,-0.96729359606074,0.272519368316406,0.278093016438088,-0.550612384614314
1.2695,0.258967433792416,0.681732191994639,-0.940699625821134,0.194299659500081,0.348921647426074,-0.543221306811014
1.27,0.109259944176307,0.781682624500112,-0.890942568721622,0.111295691085262,0.411158662390612,-0.522454353388608
1.2705,-0.0431379286089256,0.862385368440108,-0.819247439886396,0.0255512102909395,0.463271613550513,-0.488822823784211
1.271,-0.194473496178461,0.921853329670611,-0.727379833556016,-0.0608224001600651,0.503977244161913,-0.44315484397604
1.2715,-0.341020609197038,0.958622258627808,-0.617601649501717,-0.145698359724607,0.53227331265777,-0.386574952939424
1.272,-0.479170564558349,0.971786629811022,-0.492616065328952,-0.226986770289736,0.547463033266995,-0.320476263015434
1.2725,-0.605521779471982,0.961022486214514,-0.355500706822264,-0.30268597004305,0.549172386802633,-0.246486416828734
1.273,-0.716963089952357,0.926594720628469,-0.209631630757335,-0.370932077340892,0.537359322195486,-0.166427244953016
1.2735,-0.810750279199554,0.86935111501157,-0.0586008358927314,-0.430044584067832,0.512314652414537,-0.0822700684719768
1.274,-0.884574230369674,0.79070126263863,0.0938729676528251,-0.47856796013673,0.474655123248261,0.00391283673943353
1.2745,-0.936616940061179,0.692581623882839,0.244035316104544,-0.515307435492548,0.425308000745659,0.0899994345777598
1.275,-0.965597048822591,0.577408418845768,0.388188629909267,-0.539358288471529,0.365488370502254,0.173869917784217
1.2755,-0.970801014716806,0.448017452658301,0.522783561998851,-0.550128388338501,0.296669233464102,0.253459154677967
1.276,-0.952100524230222,0.307594797552493,0.644505726627448,-0.547352483944599,0.220545081001278,0.326807402740352
1.2765,-0.909956278646984,0.159598206446868,0.750358072160444,-0.531098935080282,0.138990401560619,0.392108533315157
1.277,-0.845405812031154,0.00767168086103447,0.837734131142035,-0.501768000733872,0.054013311683607,0.447754688849255
1.2775,-0.760038652987785,-0.144443661167265,0.904482314139243,-0.460081830337138,-0.0322937811585721,0.492375611303148
1.278,-0.655956889715674,-0.293002360994447,0.948959250706983,-0.407066953368357,-0.117805663145589,0.524872616334572
1.2785,-0.535723175552925,-0.434346391641577,0.970069567204108,-0.344028723662953,-0.200416811786432,0.544445535287616
1.279,-0.402298292663891,-0.564995298900331,0.967293591586337,-0.272519351523315,-0.278093011407233,0.550612362790366
1.2795,-0.258967424198364,-0.681732242667084,0.940699666899525,-0.194299683190329,-0.348921640261493,0.543221323336681
1.28,-0.109259910970714,-0.781682596904826,0.890942507920742,-0.111295670113912,-0.411158678757364,0.52245434878401
1.2805,0.0431378663610125,-0.862385362019007,0.819247495713209,-0.0255512201052514,-0.463271594662332,0.488822814710342
1.281,0.194473562109866,-0.921853367231097,0.727379805185098,0.0608223949516122,-0.503977257929733,0.443154862952312
1.2815,0.341020566213617,-0.958622205344112,0.617601639201441,0.145698377727969,-0.532273309521925,0.386574931800217
1.282,0.479170567445024,-0.971786677187901,0.492616109819155,0.226986746862753,-0.547463024595192,0.320476277770614
1.2825,0.605521817509149,-0.961022463809246,0.35550064637983,0.30268598939622,-0.549172403683984,0.246486414356914
1.283,0.716963026682214,-0.926594709232793,0.209631682631804,0.370932069835403,-0.537359303984592,0.166427234247612
1.2835,0.810750341963488,-0.869351155325975,0.0586008134432017,0.430044576797237,-0.512314664596474,0.0822700879245079
1.284,0.884574193430215,-0.790701209914063,-0.093872983437934,0.478567979125645,-0.474655121959411,-0.00391285701719976
1.2845,0.936616936490092,-0.692581667641016,-0.244035268775281,0.515307412545166,-0.425307990713131,-0.0899994216629061
1.285,0.965597091122408,-0.577408401633028,-0.388188689421824,0.539358306085778,-0.365488387713161,-0.173869918187558
1.2855,0.970800951080438,-0.44801743660448,-0.522783514416305,0.550128383119074,-0.296669216079102,-0.25345916684354
1.286,0.952100583349002,-0.307594840115799,-0.64450574318292,0.547352474767735,-0.220545091544811,-0.326807383019956
1.2865,0.909956247859629,-0.159598154769695,-0.750358093050262,0.531098954829773,-0.138990402054817,-0.39210855257045
1.287,0.845405802304228,-0.00767172072584761,-0.837734081550295,0.501767978468821,-0.0540133004439851,-0.447754677823827
1.2875,0.760038698963531,0.144443673235435,-0.90448237218316,0.460081846113586,0.0322937637986875,-0.492375609719711
1.288,0.655956826345488,0.293002381357899,-0.948959207700249,0.407066950391,0.117805679570252,-0.524872629781878
1.2885,0.535723230603989,0.434346347335298,-0.970069577948894,0.344028712747732,0.200416802915758,-0.544445515501722
1.289,0.402298268072634,0.564995349072211,-0.967293617166959,0.272519371810339,0.278093009208578,-0.550612380878737
1.2895,0.258967408664732,0.681732206921163,-0.940699615619972,0.194299661795331,0.348921652549227,-0.543221314229418
1.29,0.109259960024298,0.781682603924301,-0.890942563993802,0.111295683975599,0.411158661423053,-0.522454345311387
1.2905,-0.0431379288613657,0.862385386316199,-0.819247457510048,0.0255512193060445,0.463271610007092,-0.488822829255895
1.291,-0.19447351149213,0.921853321683741,-0.727379810255477,-0.0608224074273672,0.503977250748721,-0.443154843295546
1.2915,-0.341020584626705,0.958622253586354,-0.617601669030596,-0.145698357122436,0.532273305710687,-0.386574948594512
1.292,-0.479170588394354,0.971786645737114,-0.492616057419039,-0.226986767216186,0.547463037768472,-0.320476270590462
1.2925,-0.605521765980919,0.961022465920903,-0.355500700019717,-0.302685977504495,0.549172386542323,-0.246486409106979
1.293,-0.716963087742508,0.926594737065237,-0.209631649403952,-0.370932068538859,0.537359318145307,-0.16642724970487
1.2935,-0.810750296086559,0.8693511090307,-0.0586008130248548,-0.430044590647926,0.512314659104843,-0.0822700685821888
1.294,-0.884574205742245,0.790701255838604,0.0938729498254238,-0.478567958414651,0.474655116639301,0.00391284162631554
1.2945,-0.936616962427767,0.692581640612652,0.244035321741319,-0.515307431702724,0.425308004607529,0.0899994269260658
1.295,-0.96559703772176,0.577408399019518,0.388188638634686,-0.539358296197825,0.365488370922446,0.17386992509032
1.2955,-0.970801010168015,0.448017467555888,0.522783542552474,-0.550128379826099,0.296669228967427,0.25345915066224
1.296,-0.952100542461649,0.307594793552609,0.644505748858759,-0.547352489802104,0.220545087725907,0.326807401873229
1.2965,-0.909956254203698,0.159598198027011,0.750358056137016,-0.531098934218573,0.13899039533989,0.392108538674176
1.297,-0.845405832772196,0.00767169819902892,0.837734134545083,-0.501767996294179,0.0540133148948833,0.447754681198286
1.2975,-0.760038644285931,-0.144443680353191,0.904482324623314,-0.460081838242379,-0.0322937800901204,0.492375618139937
1.298,-0.65595688296887,-0.293002347716837,0.948959230682568,-0.407066945216164,-0.117805668026666,0.524872613063457
1.2985,-0.535723194896289,-0.434346393703671,0.970069588609566,-0.344028728770961,-0.200416805094129,0.544445533703321
1.299,-0.40229826863422,-0.564995308791303,0.967293577447638,-0.272519351494723,-0.278093017195459,0.550612368550002
1.2995,-0.25896744317996,-0.681732224914252,0.940699668128289,-0.194299678170729,-0.34892163770503,0.543221315760618
1.3,-0.109259904652949,-0.781682615290835,0.890942519988986,-0.111295678114014,-0.411158677077847,0.522454355104595
1.3005,0.0431378751494119,-0.86238535042311,0.819247475328913,-0.0255512123774324,-0.463271599864556,0.488822812184747
1.301,0.194473541888211,-0.921853367415602,0.727379825591258,0.0608223906116256,-0.50397725133333,0.443154860695896
1.3015,0.341020589613716,-0.958622216549372,0.617601627006602,0.145698376957649,-0.532273314839408,0.38657493788802
1.302,0.479170550334166,-0.971786659209596,0.49261610895171,0.22698675238957,-0.547463022691238,0.320476270339843
1.3025,0.605521821480222,-0.961022481250108,0.355500659849619,0.302685981382781,-0.549172401434984,0.246486420121353
1.303,0.716963037342466,-0.926594699361481,0.20963166210024,0.370932077081456,-0.537359309444211,0.166427232461178
1.3035,0.810750321096035,-0.869351153708815,0.0586008326934941,0.430044573235579,-0.512314658155985,0.082270085045676
1.304,0.884574215999828,-0.790701222270527,-0.0938729936510828,0.47856797759695,-0.474655126774055,-0.00391285067386069
1.3045,0.936616921338511,-0.692581649620955,-0.244035271643761,0.515307418504599,-0.425307989453146,-0.0899994288823239
1.305,0.965597092805399,-0.577408417998693,-0.38818867473915,0.539358298137281,-0.365488384940063,-0.173869913012159
1.3055,0.970800963431666,-0.44801742848212,-0.522783534889893,0.550128389833017,-0.296669221732506,-0.253459167904079
1.306,0.952100562064886,-0.307594836787229,-0.644505725227376,0.54735247198674,-0.220545085316253,-0.326807386467519
1.3065,0.909956269414211,-0.159598168109862,-0.750358101264678,0.531098952588921,-0.138990406340735,-0.392108546043679
1.307,0.845405789177794,-0.00767170284054522,-0.837734086309165,0.501767984785159,-0.0540132998135363,-0.447754684770614
1.3075,0.76003869843682,0.144443658059205,-0.904482356480218,0.460081838304441,0.0322937670472932,-0.492375605159172
1.308,0.655956840197901,0.293002387724911,-0.948959227919674,0.407066956529733,0.117805673785919,-0.524872630136278
1.3085,0.535723209126905,0.434346352272158,-0.970069561408669,0.344028710742062,0.200416808880743,-0.544445519461036
1.309,0.402298288445127,0.56499533491845,-0.967293623385692,0.272519368908541,0.278093005471074,-0.550612374239434
1.3095,0.258967397606949,0.681732224503803,-0.940699622144829,0.194299668392537,0.348921652570081,-0.543221320847476
1.31,0.10925995738445,0.781682590035482,-0.890942547465134,0.111295676375784,0.411158665095975,-0.522454341384493
1.3105,-0.0431379137042633,0.862385390938758,-0.819247477289709,0.0255512248338336,0.463271604153356,-0.488822828929948
1.311,-0.194473532945876,0.921853328114437,-0.727379795232428,-0.0608224086703491,0.503977256403184,-0.443154847707027
1.3115,-0.341020565584981,0.958622238789961,-0.617601673275926,-0.145698360629678,0.532273302535151,-0.386574941911734
1.312,-0.479170597361851,0.971786662859074,-0.492616065573502,-0.226986760413728,0.547463037204759,-0.320476276829206
1.3125,-0.605521770620836,0.961022453400924,-0.355500682859821,-0.30268598482993,0.549172390586374,-0.246486405825595
1.313,-0.716963071481736,0.926594739970708,-0.209631668570196,-0.370932063650346,0.537359312281819,-0.166427248729895
1.3135,-0.81075031730984,0.869351116831029,-0.0586007996019041,-0.43004459114773,0.51231466440679,-0.0822700733843317
1.314,-0.884574188160908,0.790701240569694,0.093872947512995,-0.47856796246826,0.474655114033275,0.00391284828594977
1.3145,-0.936616969304513,0.692581657126924,0.244035312103794,-0.515307424769491,0.425308003488911,0.0899994211114507
1.315,-0.965597044233959,0.577408387933162,0.388188656233241,-0.539358303189181,0.365488375283038,0.173869927721084
1.3155,-0.970800993006975,0.448017468787159,0.522783524160164,-0.550128375597818,0.296669223151463,0.253459152249923
1.316,-0.952100563258146,0.307594802590223,0.644505760617642,-0.547352489584642,0.220545092638501,0.326807396743173
1.3165,-0.909956238192835,0.159598182453247,0.750358055699917,-0.531098938756615,0.13899039330508,0.392108545247029
1.317,-0.845405837578024,0.00767171397058096,0.837734123579359,-0.501767989302833,0.0540133132551788,0.447754675846645
1.3175,-0.760038652529753,-0.144443689957727,0.904482342471672,-0.460081844845671,-0.0322937754683841,0.492375620121492
1.318,-0.655956865111282,-0.293002348102415,0.948959213210558,-0.407066941661802,-0.117805673740659,0.524872615223088
1.3185,-0.535723215081947,-0.434346383567645,0.970069598659198,-0.34402872786803,-0.200416800602423,0.544445528308684
1.319,-0.402298254284128,-0.564995324506246,0.967293578812489,-0.272519356453131,-0.27809301866296,0.55061237497591
1.3195,-0.25896744595397,-0.681732210007656,0.940699655995705,-0.194299671191489,-0.348921639828349,0.543221310904698
1.32,-0.10925991447676,-0.781682623381722,0.890942537903684,-0.111295684281253,-0.411158672250605,0.522454356444592
1.3205,0.0431378935015084,-0.862385352354876,0.819247458908582,-0.0255512095035723,-0.463271605425376,0.488822814871706
1.321,0.1944735224839,-0.921853356324943,0.727379833904909,0.0608223921628973,-0.503977247288659,0.443154855099953
1.3215,0.341020602232584,-0.958622232247222,0.617601630085584,0.145698371644368,-0.532273315748844,0.386574944110737
1.322,0.479170549534785,-0.971786645276745,0.49261609581824,0.22698675928951,-0.54746302525756,0.320476266006226
1.3225,0.605521810237103,-0.961022487811518,0.355500677654148,0.302685975693366,-0.549172396457563,0.246486420833348
1.323,0.716963055990594,-0.926594702756702,0.209631646847332,0.370932079275105,-0.537359314804259,0.166427235627577
1.3235,0.810750302628948,-0.869351141810608,0.0586008392623742,0.43004457539331,-0.512314654579078,0.0822700793110385
1.324,0.884574226836727,-0.790701237799727,-0.0938729889587821,0.478567971995023,-0.474655127139705,-0.00391284470628328
1.3245,0.936616922439784,-0.692581636756689,-0.244035285609299,0.515307425261593,-0.425307992419243,-0.0899994326732217
1.325,0.965597080310771,-0.577408423030286,-0.388188657212929,0.539358292961098,-0.365488379866959,-0.17386991290908
1.3255,0.970800982182694,-0.448017433247292,-0.522783548875749,0.55012839135333,-0.296669226848101,-0.253459164308797
1.326,0.952100544675356,-0.307594824230308,-0.644505720394766,0.547352474704899,-0.220545082222444,-0.326807392279487
1.3265,0.909956278437784,-0.159598183326765,-0.750358095071348,0.531098946764629,-0.138990406181559,-0.392108540378564
1.327,0.845405792090371,-0.00767169112541537,-0.837734100936873,0.501767991339585,-0.0540133031340914,-0.447754688004484
1.3275,0.760038684863675,0.144443654542916,-0.904482339390784,0.460081833670455,0.0322937721629131,-0.492375605640806
1.328,0.655956858865692,0.293002381692711,-0.948959240555265,0.407066957389834,0.117805668954278,-0.524872626164738
1.3285,0.535723192939003,0.434346365338733,-0.970069558287341,0.344028713971089,0.20041681148144,-0.54444552529076
1.329,0.402298295642901,0.564995320148517,-0.967293615813532,0.272519362927582,0.278093006131811,-0.550612368919212
1.3295,0.258967402227611,0.681732235003728,-0.940699637265417,0.194299674689202,0.348921648941946,-0.543221323516007
1.33,0.109259942909081,0.781682588005883,-0.890942530960168,0.111295672306501,0.411158670202731,-0.522454342421967
1.3305,-0.0431378952973351,0.862385383750481,-0.81924748850836,0.025551225052705,0.46327159964078,-0.488822824636244
1.331,-0.194473547824869,0.921853341542831,-0.727379793781828,-0.0608224049829191,0.503977258505952,-0.443154853497225
1.3315,-0.341020560207253,0.958622224591759,-0.617601664455452,-0.145698366702806,0.53227330367028,-0.386574936973734
1.332,-0.47917059114862,0.971786672092245,-0.492616081019904,-0.22698675442523,0.547463033316967,-0.320476278929912
1.3325,-0.605521785820679,0.961022452816171,-0.355500667075225,-0.302685988318411,0.5491723956351,-0.24648640738584
1.333,-0.716963053503413,0.926594731743927,-0.209631678321737,-0.370932064048287,0.537359308118874,-0.16642724416901
1.3335,-0.810750330789777,0.869351130476015,-0.0586007997669524,-0.430044587056637,0.512314666011843,-0.0822700790804776
1.334,-0.884574184580057,0.790701227057278,0.093872957444561,-0.478567968570836,0.47465511561215,0.00391285280965064
1.3345,-0.936616961624894,0.692581665056212,0.244035296494886,-0.515307419134491,0.42530799938992,0.0899994195754421
1.335,-0.965597059980858,0.577408388739124,0.388188671174178,-0.539358306087063,0.365488380227165,0.173869925674839
1.3355,-0.970800975613902,0.448017459644654,0.522783515909595,-0.550128376583181,0.296669219364056,0.253459157022694
1.336,-0.952100575266184,0.307594816310485,0.644505758905417,-0.547352485146275,0.22054509375087,0.326807391192437
1.3365,-0.909956236369222,0.159598169729296,0.750358066600255,-0.531098944828227,0.138990395294021,0.3921085493297
1.337,-0.8454058285672,0.00767172057304374,0.837734107966072,-0.501767984061357,0.0540133089934871,0.447754674866861
1.3375,-0.760038668648327,-0.144443687826427,0.904482356458948,-0.46008184714929,-0.0322937706724831,0.49237561762921
1.338,-0.65595684844794,-0.293002358034064,0.948959206478865,-0.407066943200718,-0.117805677131335,0.524872620152679
1.3385,-0.535723225562534,-0.434346369908303,0.970069595480443,-0.344028723139813,-0.200416799973134,0.544445522951179
1.339,-0.402298254162711,-0.564995336350947,0.967293590535772,-0.272519362436168,-0.278093016300217,0.550612378596205
1.3395,-0.25896743575444,-0.681732204741144,0.940699640529662,-0.19429966637809,-0.34892164420467,0.543221310467619
1.34,-0.109259930795282,-0.781682620000614,0.890942550841099,-0.111295685992861,-0.411158667643313,0.522454353548909
1.3405,0.043137909303694,-0.862385362946674,0.819247453698194,-0.0255512115582014,-0.463271608402852,0.488822819903812
1.341,0.194473513569202,-0.92185334285649,0.727379829351154,0.060822397123105,-0.503977247128561,0.443154849979648
1.3415,0.341020600721081,-0.958622243134175,0.61760164248404,0.145698365804272,-0.53227331305069,0.386574947252678
1.342,0.479170560774889,-0.971786641341973,0.492616080643363,0.226986763645862,-0.547463029701316,0.320476266093631
1.3425,0.605521793885192,-0.961022483265125,0.355500689459666,0.302685974565867,-0.549172392075764,0.246486417579047
1.343,0.71696307081399,-0.926594713878588,0.209631643145822,0.370932076746036,-0.537359317356757,0.166427240709144
1.3435,0.810750295301797,-0.869351128655782,0.0586008334346999,0.430044580527795,-0.512314654870304,0.0822700744677801
1.344,0.884574223774552,-0.790701247662975,-0.0938729760333589,0.478567966348599,-0.474655124146192,-0.00391284205337194
1.3445,0.936616934568369,-0.692581634136701,-0.244035300357871,0.51530742913756,-0.425307996884542,-0.0899994320838894
1.345,0.965597064085461,-0.577408417410939,-0.388188646606967,0.53935829240447,-0.36548837574382,-0.17386991647559
1.3455,0.970800995924032,-0.448017444769449,-0.52278355109493,0.55012838839399,-0.296669228968454,-0.253459159229104
1.346,0.952100538941113,-0.307594811503725,-0.644505727387107,0.547352479956645,-0.220545082943489,-0.326807396810187
1.3465,0.90995627391882,-0.159598192113009,-0.750358081766139,0.531098941358629,-0.138990402933948,-0.392108538220175
1.347,0.845405804953021,-0.00767168979120726,-0.837734115133729,0.501767994717454,-0.0540133075767288,-0.447754686939715
1.3475,0.760038668917104,0.144443661136305,-0.904482330037602,0.460081833666468,0.0322937759981045,-0.492375609472009
1.348,0.655956871436472,0.293002369898611,-0.948959241331944,0.407066954046735,0.117805667268751,-0.524872621136112
1.3485,0.53572318878736,0.434346377531354,-0.97006956632832,0.344028719284302,0.20041681035536,-0.544445529477893
1.349,0.402298289771275,0.564995312479924,-0.967293602273313,0.272519357804491,0.278093009591502,-0.550612367255812
1.3495,0.258967415669179,0.681732235092432,-0.940699650795689,0.194299677556826,0.348921644564124,-0.543221322005808
1.35,0.109259927384391,0.781682595469045,-0.890942522898638,0.11129567283232,0.411158673724694,-0.522454346469747
1.3505,-0.0431378839705974,0.862385371810092,-0.819247487894708,0.0255512213741579,0.463271598388432,-0.488822819705348
1.351,-0.194473550419145,0.921853353105327,-0.727379802750048,-0.0608223996623178,0.503977257002524,-0.443154857314398
1.3515,-0.341020567318602,0.95862221806894,-0.617601650821285,-0.145698371505005,0.532273307299716,-0.386574935800971
1.352,-0.479170577282473,0.971786670986137,-0.492616093779943,-0.226986752074548,0.547463029043741,-0.320476277007367
1.3525,-0.605521800790369,0.961022461040715,-0.355500660330079,-0.302685987289815,0.549172398822635,-0.24648641160197
1.353,-0.716963043479091,0.92659471977912,-0.209631676381253,-0.370932068012718,0.537359307293922,-0.166427239379627
1.3535,-0.810750331865983,0.869351141322316,-0.0586008095370472,-0.430044581780562,0.512314664161268,-0.082270082505977
1.354,-0.88457419281084,0.790701221696079,0.093872971036542,-0.478567973018845,0.474655119369101,0.00391285350070894
1.3545,-0.936616947486237,0.692581662815473,0.244035284596969,-0.515307417302156,0.425307995258408,0.0899994218746183
1.355,-0.965597074273319,0.577408397613764,0.388188676591999,-0.539358304586476,0.365488383063197,0.173869921338221
1.3555,-0.970800966935322,0.448017447772494,0.522783519103174,-0.55012838078321,0.296669218956813,0.253459161629965
1.356,-0.952100574876712,0.307594826365027,0.644505748461404,-0.547352479964059,0.220545091585465,0.326807388175626
1.3565,-0.909956245593271,0.159598165533642,0.750358080019959,-0.531098948893562,0.138990399136768,0.392108549552288
1.357,-0.845405814304451,0.0076717172663689,0.837734097009998,-0.501767982743687,0.0540133050378996,0.447754677504778
1.3575,-0.760038682152956,-0.144443678414681,0.90448236055183,-0.460081845210803,-0.0322937682009138,0.492375613219154
1.358,-0.655956841143581,-0.293002369702254,0.948959210842696,-0.407066947585854,-0.117805677134208,0.524872624540688
1.3585,-0.535723223771827,-0.434346360710273,0.970069584491706,-0.344028718097837,-0.200416802419334,0.544445520355402
1.359,-0.402298264249444,-0.564995339388604,0.967293603660163,-0.272519366095236,-0.278093012412498,0.550612378367553
1.3595,-0.258967421511079,-0.681732209037561,0.940699630582719,-0.194299665566564,-0.348921647953247,0.543221313404671
1.36,-0.109259943413698,-0.781682610165282,0.890942553624182,-0.111295683653401,-0.411158665545095,0.522454349111231
1.3605,0.04313791521986,-0.862385374306162,0.819247459141516,-0.0255512160782497,-0.463271608018064,0.488822824039072
1.361,0.19447351668578,-0.921853334568739,0.727379817946825,0.0608224019817405,-0.503977249820206,0.443154847812657
1.3615,0.341020589905206,-0.958622245032299,0.617601655198039,0.145698362570149,-0.532273309157569,0.386574946593682
1.362,0.479170574861508,-0.971786646545496,0.492616071760266,0.22698676396432,-0.547463033215092,0.320476269288947
1.3625,0.605521782238703,-0.961022473119137,0.355500690960167,0.302685977267012,-0.549172390355795,0.246486413157933
1.363,0.716963075342037,-0.926594724831967,0.209631649571154,0.370932072140502,-0.537359316604086,0.166427244562007
1.3635,0.810750299659137,-0.869351121321024,0.0586008217426004,0.430044585163551,-0.512314657771128,0.0822700727328476
1.364,0.884574212364623,-0.79070124845032,-0.0938729638360865,0.4785679635532,-0.474655120285655,-0.00391284311851005
1.3645,0.9366169483681,-0.692581640159312,-0.244035308134993,0.515307428980271,-0.425308000139151,-0.0899994286719906
1.365,0.965597053483639,-0.577408407065565,-0.388188646350517,0.53935829542613,-0.36548837440313,-0.173869920837941
1.3655,0.970800999077491,-0.448017455227284,-0.522783543790553,0.550128383751181,-0.296669227870426,-0.253459155684323
1.366,0.952100544445598,-0.307594805153658,-0.644505739241659,0.547352484333782,-0.220545086016698,-0.326807398114116
1.3665,0.909956262050098,-0.159598191827912,-0.750358070182515,0.531098939010912,-0.138990399142093,-0.392108539664313
1.367,0.845405818343886,-0.00767169654058636,-0.837734121775216,0.501767994105633,-0.0540133105513311,-0.447754683353293
1.3675,0.760038659419543,0.144443671572464,-0.9044823309762,0.460081836966068,0.032293776962211,-0.492375613735716
1.368,0.655956873241651,0.293002360017246,-0.948959233255757,0.407066949413228,0.117805668687191,-0.524872617921044
1.3685,0.535723195338118,0.434346382875892,-0.970069578223616,0.344028723371068,0.200416807146711,-0.54444553035601
1.369,0.402298277577871,0.56499531379031,-0.967293591390296,0.272519355908698,0.278093013280739,-0.550612369049256
1.3695,0.258967428538215,0.681732227711831,-0.940699656284124,0.194299676515221,0.348921641886792,-0.543221318286872
1.37,0.109259919037508,0.781682605891007,-0.890942524973718,0.111295676366352,0.411158674318451,-0.522454350597537
1.3705,-0.0431378834754051,0.862385362577184,-0.819247479156993,0.0255512167945097,0.463271600100264,-0.488822816837531
1.371,-0.194473542928958,0.921853357434113,-0.727379814569021,-0.0608223958935459,0.503977253695163,-0.443154857775809
1.3715,-0.341020579704978,0.958622220349468,-0.617601640715437,-0.145698372949191,0.532273310854798,-0.386574937911867
1.372,-0.479170565038493,0.97178666307203,-0.492616098109815,-0.226986753518045,0.547463026677345,-0.320476273197475
1.3725,-0.605521807953236,0.961022471347977,-0.355500663474474,-0.302685983565333,0.549172399055614,-0.246486415559431
1.373,-0.716963044244468,0.926594711257384,-0.20963166709414,-0.370932072496315,0.537359309270398,-0.166427236872505
1.3735,-0.810750323547902,0.869351144635406,-0.0586008211682179,-0.430044578353177,0.512314660791361,-0.0822700825634548
1.374,-0.884574205262058,0.790701224884476,0.0938729802993638,-0.478567974016107,0.474655122761098,0.0039128511059749
1.3745,-0.936616935960204,0.692581654466703,0.244035281419706,-0.515307419116909,0.425307993213032,0.0899994257347483
1.375,-0.9655970802317,0.577408407711098,0.388188672453046,-0.539358300715554,0.365488382948069,0.173869917582426
1.3755,-0.97080096890167,0.448017440015153,0.522783528826863,-0.550128385131242,0.296669221167808,0.253459163767002
1.376,-0.952100565845686,0.307594828672324,0.644505737123081,-0.547352476897177,0.220545088188288,0.32680738850592
1.3765,-0.909956257985875,0.159598169561403,0.7503580883848,-0.531098949452726,0.138990402339528,0.392108546908691
1.377,-0.845405803578448,0.00767170858190775,0.837734094968456,-0.501767984896729,0.0540133033200954,0.447754681375625
1.3775,-0.76003868689891,-0.144443668616527,0.904482355499631,-0.460081841237047,-0.0322937686486236,0.492375609693108
1.378,-0.655956844242119,-0.293002376651595,0.948959220890575,-0.407066951761758,-0.117805674719846,0.52487262630223
1.3785,-0.535723214144961,-0.434346359389521,0.970069573544088,-0.344028715406283,-0.200416805809702,0.544445521054216
1.379,-0.402298276465657,-0.564995334595286,0.967293611083057,-0.27251936622901,-0.278093009422207,0.550612375511037
1.3795,-0.258967411656032,-0.681732217959584,0.940699629649694,-0.194299668023009,-0.348921649340376,0.543221317248244
1.38,-0.109259946951374,-0.781682600748963,0.890942547745539,-0.111295679619612,-0.411158666307279,0.522454345839625
1.3805,0.043137911066047,-0.862385380413539,0.819247469402706,-0.0255512200486454,-0.46327160543217,0.488822825423574
1.381,0.194473526790447,-0.921853334206509,0.727379807479928,0.0608224042873936,-0.503977253171161,0.443154848857959
1.3815,0.341020577976577,-0.958622239551603,0.617601661645972,0.145698362845455,-0.532273306399959,0.386574943560765
1.382,0.479170583786059,-0.971786655608706,0.492616071898926,0.226986761240856,-0.547463034271776,0.320476273069095
1.3825,0.605521779893611,-0.961022464160185,0.355500684346306,0.302685981319224,-0.549172391412044,0.246486410161971
1.383,0.716963070216916,-0.92659473007299,0.209631659937298,0.37093206840562,-0.537359313878842,0.166427245571645
1.3835,0.810750310123819,-0.869351121881156,0.058600811838052,0.430044587076912,-0.512314661051798,0.0822700741001577
1.384,0.884574200827378,-0.790701242363856,-0.0938729583853034,0.478567964217985,-0.474655117777843,-0.00391284629110772
1.3845,0.936616956314103,-0.692581649269957,-0.244035306970349,0.515307426027257,-0.425308000868819,-0.0899994249893087
1.385,0.965597052304515,-0.577408398631947,-0.388188653605012,0.539358299456697,-0.365488375731028,-0.17386992354061
1.3855,0.970800993070976,-0.448017459586974,-0.522783533424349,0.550128380278292,-0.296669225038034,-0.253459155043826
1.386,0.95210055515389,-0.307594806592546,-0.644505748511063,0.547352485852528,-0.220545089198171,-0.326807396451388
1.3865,0.909956250999944,-0.159598185219791,-0.750358065740481,0.531098940042607,-0.138990396898063,-0.392108542940037
1.387,0.845405825274768,-0.00767170560833333,-0.83773411963835,0.501767990961213,-0.0540133109604396,-0.447754679799764
1.3875,0.760038659369567,0.144443679420688,-0.904482338774449,0.460081840936791,0.032293775386788,-0.492375616131016
1.388,0.655956866448484,0.293002356544696,-0.948959222990042,0.407066946225174,0.117805671594823,-0.524872617640623
1.3885,0.53572320617607,0.434346380608579,-0.970069586794255,0.3440287244968,0.200416804091188,-0.544445528426219
1.389,0.402298267101829,0.564995320834402,-0.967293587958345,0.27251935728211,0.278093015250137,-0.550612372392066
1.3895,0.258967434428765,0.68173221877316,-0.940699653236002,0.194299673217816,0.348921641788943,-0.543221314891618
1.39,0.10925992007043,0.781682613101942,-0.890942533217574,0.111295680241193,0.411158672521029,-0.522454352674956
1.3905,-0.0431378909567735,0.86238535998874,-0.81924746908718,0.0255512139104242,0.46327160305182,-0.488822816905002
1.391,-0.194473532071837,0.921853354394655,-0.727379822386685,-0.0608223951554789,0.503977250790014,-0.443154855608727
1.3915,-0.341020589529055,0.958622227743161,-0.617601638285052,-0.145698371261528,0.532273312541829,-0.386574941286561
1.392,-0.479170560202353,0.971786654343794,-0.49261609421772,-0.226986756930119,0.547463026878821,-0.320476269986877
1.3925,-0.605521805892257,0.961022477878057,-0.355500672065532,-0.30268597981999,0.549172397062815,-0.246486417311975
1.393,-0.716963052312987,0.92659470954156,-0.209631657309796,-0.370932075061038,0.53735931223543,-0.166427237272814
1.3935,-0.810750312777715,0.869351140885241,-0.0586008281882413,-0.430044577993889,0.512314658058541,-0.0822700801899231
1.394,-0.884574214365866,0.790701232541583,0.0938729817460637,-0.478567972043568,0.474655124161085,0.00391284773344912
1.3945,-0.93661693218174,0.692581646024853,0.244035286083091,-0.51530742260581,0.425307993699491,0.0899994287371901
1.395,-0.965597077205205,0.577408413525162,0.388188663612488,-0.539358297130676,0.36548838078731,0.173869916158308
1.3955,-0.970800977454777,0.448017439152475,0.522783538242649,-0.550128387364945,0.296669224116999,0.253459163051514
1.396,-0.9521005552633,0.307594824277245,0.644505730935773,-0.547352476904475,0.220545085647173,0.326807391054335
1.3965,-0.909956266310922,0.159598177396752,0.750358088874498,-0.531098947226236,0.138990403450773,0.392108543570957
1.397,-0.845405800850534,0.00767170049647408,0.837734100325975,-0.501767988425436,0.0540133040750231,0.447754684149404
1.3975,-0.760038682976217,-0.144443663545236,0.904482346505646,-0.460081837840766,-0.032293770949433,0.492375608597637
1.398,-0.655956853176796,-0.293002376688072,0.948959229861728,-0.407066953656475,-0.117805671814446,0.524872625291547
1.3985,-0.535723203845249,-0.43434636436019,0.970069568215046,-0.344028715764925,-0.2004168081424,0.544445523745556
1.399,-0.402298283963424,-0.564995326665072,0.967293610650612,-0.272519363780675,-0.278093008598533,0.550612372239028
1.3995,-0.258967409961645,-0.681732225624928,0.940699635620652,-0.194299671555648,-0.348921648335414,0.54322131977592
1.4,-0.109259942207624,-0.781682596438891,0.890942538691718,-0.111295676437064,-0.411158668720025,0.522454345069824
1.4005,0.0431379018522578,-0.862385379657656,0.819247477860612,-0.0255512216000289,-0.463271602596931,0.488822824139718
1.401,0.194473536719281,-0.921853339680733,0.727379803025318,0.060822403595429,-0.503977255281441,0.443154851660204
1.4015,0.341020571344572,-0.958622231607372,0.617601660333746,0.145698365482704,-0.532273305859942,0.386574940383498
1.402,0.479170584473262,-0.971786662796998,0.492616078400015,0.226986757738715,-0.547463033036876,0.320476275336337
1.4025,0.605521785378421,-0.961022460621633,0.355500675322945,0.302685984266015,-0.549172393908691,0.246486409711827
1.403,0.716963060824935,-0.926594728564874,0.209631667821163,0.370932067198408,-0.537359311138359,0.166427244038375
1.4035,0.81075031960082,-0.869351127784995,0.0586008082648894,0.430044586072133,-0.512314662928398,0.0822700769815365
1.404,0.884574195089632,-0.790701234483244,-0.0938729605281695,0.47856796701075,-0.47465511751498,-0.00391284934673508
1.4045,0.93661695602914,-0.692581655931217,-0.244035300024128,0.515307422588319,-0.425307999425476,-0.0899994229937137
1.405,0.965597058446513,-0.577408395867305,-0.388188662511652,0.539358302148906,-0.365488378283886,-0.173869923679961
1.4055,0.97080098359928,-0.44801745737239,-0.522783526167237,0.550128379412715,-0.296669222414968,-0.253459156801315
1.406,0.952100564105835,-0.307594812850951,-0.644505751204603,0.547352484557627,-0.22054509083256,-0.326807393522099
1.4065,0.909956246175097,-0.159598177476603,-0.750358068658822,0.531098942957361,-0.138990396903434,-0.392108545849421
1.407,0.845405824060644,-0.00767171169976386,-0.837734112332796,0.501767987616218,-0.054013309331281,-0.447754678083928
1.4075,0.760038666081976,0.144443681416637,-0.904482347482807,0.460081843358842,0.0322937728048062,-0.492375615971086
1.408,0.655956856992242,0.29300235941503,-0.948959216404133,0.407066945695487,0.11780567407989,-0.524872619596003
1.4085,0.535723214537862,0.434346374070984,-0.970069588618452,0.344028722936346,0.200416802704838,-0.544445525479415
1.409,0.402298263198895,0.564995328370748,-0.967293591591757,0.272519360285532,0.278093014987688,-0.550612375133039
1.4095,0.258967432335713,0.68173221328706,-0.940699645656849,0.194299669995323,0.348921643580424,-0.543221313460606
1.41,0.109259927264535,0.781682614341652,-0.89094254165139,0.111295682380775,0.411158669936174,-0.522454352229683
1.4105,-0.0431379003064791,0.862385363459839,-0.819247463208575,0.0255512137078641,0.463271605380494,-0.488822819031116
1.411,-0.19447352435688,0.92185334765284,-0.727379823359827,-0.0608223969553594,0.503977249654885,-0.443154852673717
1.4115,-0.341020592510375,0.958622235008126,-0.617601642568696,-0.145698368202239,0.532273312035487,-0.386574943839509
1.412,-0.479170563117653,0.971786649491181,-0.492616086449807,-0.226986760003925,0.54746302880853,-0.320476268842781
1.4125,-0.605521798306174,0.961022478380806,-0.355500680154364,-0.302685977971938,0.549172394500277,-0.246486416597489
1.413,-0.716963061469877,0.926594713554893,-0.20963165216624,-0.370932074948047,0.537359314391598,-0.166427239541974
1.4135,-0.810750305757652,0.869351134013052,-0.0586008283361151,-0.430044580005828,0.512314657175244,-0.0822700772946865
1.414,-0.8845742164348,0.790701239475932,0.0938729768806499,-0.478567968960399,0.474655123425856,0.00391284538550833
1.4145,-0.936616935856978,0.692581641826578,0.244035293956605,-0.515307425507267,0.425307995742988,0.0899994295951497
1.415,-0.96559706931695,0.577408413316575,0.388188655932819,-0.539358295580015,0.365488378271021,0.173869917123935
1.4155,-0.970800986338013,0.44801744364667,0.52278354263169,-0.550128386950558,0.296669226086887,0.25345916066724
1.416,-0.952100548977461,0.307594817346734,0.644505731580446,-0.547352479100181,0.220545085013852,0.326807393883361
1.4165,-0.909956267485166,0.159598183946908,0.750358083498586,-0.53109894415008,0.138990402503262,0.392108541442312
1.417,-0.845405805218609,0.00767169696617484,0.83773410822435,-0.501767991133535,0.0540133062077783,0.447754684724748
1.4175,-0.760038674874809,-0.144443664433694,0.904482339292697,-0.460081836590226,-0.0322937733969802,0.492375609794644
1.418,-0.65595686171154,-0.29300237177651,0.948959233484911,-0.407066952957187,-0.117805670042236,0.524872622820049
1.4185,-0.535723198324216,-0.434346371279385,0.970069569613207,-0.344028718115493,-0.200416808529947,0.544445526483672
1.419,-0.40229828426862,-0.564995320546741,0.967293604837475,-0.27251936074108,-0.278093009740349,0.550612370341249
1.4195,-0.258967414951511,-0.681732228480657,0.940699643466246,-0.194299674052124,-0.348921646137782,0.543221320074765
1.42,-0.109259933980467,-0.781682597970463,0.890942531996133,-0.111295675486355,-0.411158671077935,0.522454346477024
1.4205,0.0431378937343648,-0.862385374393641,0.819247480714491,-0.0255512206344147,-0.463271601031406,0.488822821608579
1.421,0.194473541453612,-0.921853346521967,0.727379805132221,0.0608224011192069,-0.503977255429629,0.443154854284614
1.4215,0.341020571875417,-0.958622225962337,0.617601654157867,0.145698368457769,-0.532273307176946,0.386574938725438
1.422,0.479170578935739,-0.971786664978375,0.492616086118915,0.226986755469316,-0.547463030798369,0.320476275367228
1.4225,0.605521793646322,-0.961022462754845,0.355500669188256,0.302685984920084,-0.549172396157803,0.24648641130687
1.423,0.716963053185381,-0.926594723014055,0.209631669909897,0.370932068409959,-0.537359309786151,0.166427241474615
1.4235,0.810750323535088,-0.869351134485136,0.0586008110307631,0.430044583499476,-0.512314662845695,0.0822700794714907
1.424,0.884574196416764,-0.790701229346673,-0.0938729669918737,0.478567969895098,-0.474655118987146,-0.00391285075891667
1.4245,0.936616950020341,-0.692581657444997,-0.244035292501549,0.515307420558612,-0.425307997169498,-0.0899994232199856
1.425,0.965597066673277,-0.577408398556563,-0.388188668049158,0.539358302512266,-0.365488380406888,-0.17386992192032
1.4255,0.970800976492367,-0.448017451600476,-0.522783524832238,0.550128380848272,-0.296669221280362,-0.253459159371478
1.426,0.952100567234993,-0.307594819350852,-0.644505747833859,0.547352481917481,-0.220545090529326,-0.326807391185187
1.4265,0.909956248252686,-0.159598172877271,-0.750358075335743,0.53109894572677,-0.138990398510061,-0.392108547012203
1.427,0.845405817658357,-0.00767171255889443,-0.837734105071378,0.501767985835971,-0.0540133070804372,-0.447754678554525
1.4275,0.760038674189509,0.144443678220431,-0.904482352394134,0.460081843440002,0.0322937708232877,-0.492375614070727
1.428,0.655956850464858,0.293002365342903,-0.948959215804621,0.407066947331855,0.117805674994894,-0.524872622147375
1.4285,0.535723216864883,0.434346367826083,-0.970069584700571,0.344028720257113,0.200416803216535,-0.544445523311878
1.429,0.402298265975729,0.564995332410463,-0.967293598408306,0.272519362917897,0.278093013267749,-0.550612376045465
1.4295,0.258967425618323,0.681732213063816,-0.940699638716217,0.194299668471477,0.348921645804514,-0.54322131416085
1.43,0.109259935179131,0.781682610690483,-0.890942545914817,0.111295682190628,0.411158668109502,-0.522454350212865
1.4305,-0.0431379062150064,0.862385369479716,-0.819247463319924,0.0255512155208588,0.46327160607611,-0.488822821539728
1.431,-0.194473522821368,0.921853341712957,-0.727379818955455,-0.0608223996460752,0.503977250361452,-0.443154850689569
1.4315,-0.341020589090173,0.958622238472204,-0.617601649452977,-0.145698365726778,0.532273310223608,-0.386574944503091
1.432,-0.479170570071946,0.971786649879672,-0.492616079884004,-0.226986761267201,0.5474630309854,-0.320476269756374
1.4325,-0.605521790653297,0.961022474328919,-0.355500683755354,-0.302685978420319,0.549172392839761,-0.246486414488593
1.433,-0.716963066727852,0.926594719604575,-0.209631652957948,-0.370932072983321,0.53735931487016,-0.166427241985262
1.4335,-0.810750304995782,0.869351128423177,-0.0586008235081095,-0.430044582681452,0.512314658061764,-0.0822700755055828
1.434,-0.884574212431033,0.790701242354598,0.0938729699982167,-0.47856796665936,0.474655121543418,0.00391284496690741
1.4345,-0.936616942970916,0.692581642797714,0.244035300099407,-0.515307426508505,0.425307997853478,0.089999428485898
1.435,-0.96559706198919,0.577408408919857,0.388188653001776,-0.539358296271592,0.36548837678589,0.173869919300642
1.4355,-0.970800990921361,0.448017449666245,0.522783541195462,-0.550128384859439,0.296669226352736,0.25345915831027
1.436,-0.952100548964603,0.307594812146601,0.644505736767721,-0.547352481735385,0.220545086064277,0.32680739546814
1.4365,-0.909956262960822,0.15959818623647,0.750358076684681,-0.531098942038562,0.138990400571444,0.392108541262612
1.437,-0.845405812416582,0.00767169848642146,0.837734113902075,-0.501767991873869,0.0540133082341644,0.447754683438695
1.4375,-0.760038667929787,-0.144443669118323,0.904482337032302,-0.460081837508226,-0.0322937746995793,0.492375612015242
1.438,-0.655956865603727,-0.293002365844183,0.948959231444771,-0.407066950765189,-0.117805669982873,0.524872620568688
1.4385,-0.535723199029494,-0.43434637605547,0.970069575094569,-0.34402872068639,-0.20041680733259,0.544445527857211
1.439,-0.40229827928913,-0.564995318844109,0.967293598155353,-0.272519358831721,-0.278093011700766,0.550612370392306
1.4395,-0.258967422160222,-0.681732226448772,0.940699648643072,-0.194299674535171,-0.348921644211673,0.543221318631704
1.44,-0.109259927469704,-0.781682602885648,0.890942530400555,-0.111295676612501,-0.411158672192922,0.522454348718158
1.4405,0.0431378905424852,-0.862385368602494,0.819247478115222,-0.0255512183669737,-0.46327160117056,0.488822819480292
1.441,0.194473540066763,-0.921853350845226,0.727379810842329,0.0608223986348925,-0.503977254103035,0.443154855442334
1.4415,0.341020577242915,-0.958622224838857,0.617601647666888,0.145698370154817,-0.532273309145762,0.386574938997205
1.442,0.479170571786656,-0.971786662475738,0.492616090765361,0.226986755237592,-0.54746302898707,0.320476273787654
1.4425,0.605521799677648,-0.961022467843367,0.355500668245452,0.302685983605329,-0.54917239708213,0.246486413545952
1.443,0.716963050695782,-0.926594717414414,0.209631666799855,0.370932070727727,-0.537359310114255,0.166427239484951
1.4435,0.81075032150833,-0.86935113833238,0.0586008169047646,0.430044581122257,-0.51231466140808,0.082270080411094
1.444,0.884574202104149,-0.79070122878927,-0.0938729732366609,0.478567971372162,-0.474655120944917,-0.00391285027820964
1.4445,0.93661694299776,-0.692581654515366,-0.244035288408599,0.515307420570056,-0.425307995485826,-0.0899994249151011
1.445,0.965597072186506,-0.577408403761893,-0.388188668357057,0.539358301029463,-0.365488381139479,-0.173869919704924
1.4455,0.970800974700131,-0.44801744623873,-0.522783528401748,0.550128383191802,-0.296669221786414,-0.253459161208957
1.446,0.952100564614471,-0.307594822704465,-0.644505741859724,0.547352479665984,-0.220545088999229,-0.326807390463786
1.4465,0.90995625419155,-0.159598172867924,-0.750358081283956,0.531098946978628,-0.138990400438254,-0.392108546335867
1.447,0.84540581082516,-0.00767170924835885,-0.837734101548716,0.501767986080408,-0.054013305535441,-0.447754680343957
1.4475,0.760038679152611,0.14444367295362,-0.904482352090423,0.460081841810487,0.0322937702816014,-0.492375611899526
1.448,0.655956849358505,0.293002370424592,-0.948959219779958,0.40706694967735,0.117805674323169,-0.524872623821145
1.4485,0.535723213700589,0.434346364978199,-0.970069578688394,0.344028718147972,0.200416804820443,-0.544445522806646
1.449,0.402298272098062,0.564995331894348,-0.967293604014524,0.272519363941728,0.278093011386611,-0.550612375188158
1.4495,0.25896741903295,0.681732216707379,-0.940699635774407,0.194299668936892,0.348921647201588,-0.543221316023339
1.45,0.109259939566734,0.781682605415819,-0.890942545027756,0.11129568043628,0.411158667756074,-0.522454348105088
1.4505,-0.0431379066531328,0.862385374243651,-0.819247467645732,0.0255512178454863,0.463271605252085,-0.488822823040329
1.451,-0.194473526476234,0.921853339377493,-0.727379812965125,-0.060822401598294,0.503977252020561,-0.443154850396458
1.4515,-0.341020582851351,0.958622237457382,-0.617601654676977,-0.145698364931468,0.532273308405825,-0.386574943480618
1.452,-0.479170576355877,0.971786653807138,-0.49261607752754,-0.226986760594468,0.547463032227124,-0.320476271670831
1.4525,-0.605521786859933,0.961022469097891,-0.355500682317691,-0.302685980277317,0.549172392670227,-0.24648641246206
1.453,-0.716963066521159,0.926594724017698,-0.209631657577762,-0.370932070701245,0.53735931390813,-0.166427243305308
1.4535,-0.810750309085465,0.869351126601578,-0.0586008175968271,-0.430044584464308,0.512314659757694,-0.0822700754186573
1.454,-0.884574206141058,0.790701240871554,0.0938729651912849,-0.478567966090827,0.474655119803999,0.00391284613779213
1.4545,-0.936616948904929,0.692581646959237,0.244035301871896,-0.51530742564356,0.425307998934238,0.0899994265401933
1.455,-0.965597058802261,0.577408403781398,0.388188654953307,-0.539358298208979,0.365488376794283,0.173869921229637
1.4555,-0.970800990098544,0.448017453700271,0.522783536338621,-0.550128382640289,0.296669225267745,0.253459157176112
1.456,-0.952100553431439,0.307594810835266,0.644505742545892,-0.547352483338595,0.220545087779056,0.326807395356571
1.4565,-0.909956256682819,0.159598184318968,0.75035807232418,-0.531098941692933,0.138990398924018,0.392108542564409
1.457,-0.845405817957602,0.00767170283195003,0.837734115097567,-0.501767990833057,0.0540133091501389,0.447754681481909
1.4575,-0.760038665355106,-0.144443674118204,0.904482339457504,-0.460081839503883,-0.0322937745207045,0.492375613832025
1.458,-0.655956864198267,-0.293002362212693,0.948959226407821,-0.407066948627885,-0.117805671175213,0.524872619623723
1.4585,-0.535723203814545,-0.434346376864939,0.97006958068909,-0.344028722101839,-0.200416805616376,0.544445527556445
1.459,-0.4022982730835,-0.564995321159488,0.967293594265103,-0.272519358703123,-0.278093013244027,0.550612371806969
1.4595,-0.25896742727077,-0.681732221969005,0.940699649273853,-0.194299673335868,-0.348921643462548,0.543221316683275
1.46,-0.109259925506904,-0.78168260770419,0.890942533256297,-0.11129567864466,-0.411158671852357,0.522454350409751
1.4605,0.0431378924928383,-0.862385365392102,0.819247472954478,-0.025551216328859,-0.463271602454239,0.488822818725856
1.461,0.194473535023082,-0.921853351165753,0.727379816206537,0.0608223974131632,-0.503977252402091,0.443154854963119
1.4615,0.341020583318976,-0.958622227513187,0.617601644265157,0.145698370074119,-0.532273310574201,0.386574940506343
1.462,0.479170567138333,-0.97178665791074,0.492616090848686,0.226986756577195,-0.547463028405155,0.320476271866136
1.4625,0.605521801034854,-0.961022472441337,0.355500671486216,0.302685981557891,-0.54917239658987,0.246486415101129
1.463,0.716963053149561,-0.926594714638831,0.209631661570494,0.370932072650988,-0.537359311473042,0.166427238920476
1.4635,0.810750316265644,-0.86935113818109,0.0586008219961611,0.43004458009808,-0.512314659738273,0.082270079765465
1.464,0.884574207997068,-0.790701231781754,-0.0938729761370957,0.478567971091614,-0.474655122249431,-0.00391284869314725
1.4645,0.93661693883762,-0.692581649912944,-0.244035288850881,0.515307422031158,-0.425307995069845,-0.0899994267921844
1.465,0.965597072950019,-0.577408408103822,-0.388188664778641,0.539358298987237,-0.365488380506578,-0.1738699182956
1.4655,0.970800977612696,-0.448017443906882,-0.522783533646161,0.55012838498631,-0.29666922320402,-0.253459161585858
1.466,0.952100559231869,-0.307594822102355,-0.644505737079233,0.547352478841115,-0.220545087375467,-0.326807391262679
1.4665,0.909956259851749,-0.159598176136368,-0.75035808367571,0.531098946509222,-0.138990401611319,-0.392108544693397
1.467,0.845405807173346,-0.00767170465470293,-0.837734102490559,0.501767987643808,-0.0540133052825602,-0.447754682160238
1.4675,0.760038679339598,0.144443668899249,-0.90448234822304,0.460081839793068,0.0322937710431842,-0.492375610643689
1.468,0.655956852682617,0.293002372308453,-0.948959224987932,0.407066951331026,0.117805672862928,-0.52487262401458
1.4685,0.535723208236071,0.43434636600663,-0.970069574252307,0.344028717522164,0.200416806384316,-0.544445523744711
1.469,0.40229827748027,0.564995328393069,-0.967293605895453,0.272519363295834,0.278093010350933,-0.550612373506586
1.4695,0.258967415903846,0.681732221248075,-0.940699637185999,0.194299670583191,0.348921647295667,-0.543221317763717
1.47,0.109259939199242,0.781682601676432,-0.890942540920877,0.111295678462207,0.411158668633625,-0.522454347008567
1.4705,-0.0431379029667493,0.862385375679795,-0.81924747276826,0.0255512193481203,0.463271603765137,-0.488822823056016
1.471,-0.194473531966273,0.921853340804624,-0.727379808902218,-0.0608224020272104,0.503977253511855,-0.443154851458836
1.4715,-0.341020577787833,0.958622233766865,-0.617601656049979,-0.14569836574028,0.532273307511893,-0.386574941777875
1.472,-0.479170578953554,0.971786658253022,-0.492616079375746,-0.226986758884669,0.54746303216806,-0.320476273321567
1.4725,-0.605521787755387,0.961022465696719,-0.355500678021065,-0.302685982190689,0.549172393650435,-0.246486411528896
1.473,-0.716963062523257,0.926594725010726,-0.209631662568693,-0.370932069357977,0.537359312410005,-0.16642724315045
1.4735,-0.810750314546718,0.869351128397065,-0.0586008139310604,-0.430044584700322,0.512314661164949,-0.0822700765898983
1.474,-0.884574201432152,0.790701237035429,0.0938729643185052,-0.478567967047968,0.474655119054618,0.00391284784431505
1.4745,-0.93661695096798,0.692581651271112,0.244035299623073,-0.515307423889474,0.425307998728943,0.0899994249914022
1.475,-0.965597060195141,0.577408400737434,0.388188659390151,-0.539358300045604,0.365488377863391,0.173869921997153
1.4755,-0.970800985840793,0.44801745425889,0.522783531522249,-0.550128381462819,0.296669223773436,0.253459157492952
1.476,-0.952100558812125,0.307594812966447,0.644505745795397,-0.547352483387401,0.220545089092099,0.326807394092334
1.4765,-0.909956252359526,0.15959818038047,0.750358071939384,-0.531098942782981,0.138990398320472,0.392108544258002
1.477,-0.845405819488143,0.0076717069735366,0.837734112486522,-0.501767989053531,0.0540133088066564,0.447754680045865
1.4775,-0.760038667211314,-0.144443676790219,0.904482343985726,-0.460081841249123,-0.0322937733767458,0.492375614433306
1.478,-0.655956859732722,-0.29300236207592,0.948959221805502,-0.407066947620773,-0.11780567265137,0.524872620092768
1.4785,-0.535723209065808,-0.434346374432631,0.970069583508044,-0.344028721970712,-0.200416804406381,0.544445526215323
1.479,-0.402298269171791,-0.564995325157919,0.967293594351824,-0.272519359910004,-0.278093013701919,0.550612373471742
1.4795,-0.258967428275996,-0.68173221803083,0.940699646340904,-0.194299671549215,-0.348921643935167,0.543221315369241
1.48,-0.109259927789258,-0.781682609993734,0.890942537828195,-0.111295680285368,-0.411158670647742,0.522454350845844
1.4805,0.0431378971142649,-0.862385365661042,0.819247468601991,-0.0255512154948223,-0.463271603898677,0.488822819336257
1.481,0.194473529946819,-0.921853348468372,0.727379818585419,0.060822397715504,-0.503977251302616,0.443154853561303
1.4815,0.341020586798193,-0.958622231530289,0.617601644803041,0.145698368766948,-0.532273310888026,0.386574942127338
1.482,0.47917056664643,-0.971786654205755,0.492616087635604,0.226986758353349,-0.547463028996981,0.320476270681807
1.4825,0.60552179836613,-0.961022474342033,0.355500676055636,0.302685980033302,-0.549172395338793,0.246486415374642
1.483,0.716963057875589,-0.926594715294084,0.209631657499718,0.370932073311024,-0.537359312873064,0.166427239660463
1.4835,0.810750311406377,-0.869351135255772,0.058600823930109,0.430044580561615,-0.512314658755408,0.0822700783190637
1.484,0.884574211027947,-0.790701235777788,-0.093872975171941,0.478567969700982,-0.474655122422108,-0.00391284712983906
1.4845,0.936616938842564,-0.692581646467435,-0.244035292301334,0.515307423780021,-0.425307995770203,-0.089999427840689
1.485,0.965597069936803,-0.577408409613326,-0.38818866025592,0.539358297588749,-0.365488379223097,-0.173869918180593
1.4855,0.970800982393157,-0.448017444926102,-0.522783537407401,0.550128385473143,-0.296669224547884,-0.253459160728828
1.486,0.95210055462775,-0.307594818986908,-0.64450573559056,0.547352479454677,-0.220545086513918,-0.326807392737791
1.4865,0.909956262423448,-0.159598180073446,-0.750358082310331,0.531098945052073,-0.138990401647015,-0.392108543200552
1.487,0.845405807654526,-0.00767170149135076,-0.837734106135091,0.501767989349545,-0.054013306080166,-0.44775468306837
1.4875,0.760038676025374,0.144443667779385,-0.904482343788952,0.460081838529025,0.0322937723452779,-0.492375610681741
1.488,0.655956857468889,0.293002370950216,-0.948959228415966,0.407066951647105,0.117805671585933,-0.524872623053663
1.4885,0.535723203921197,0.434346369274117,-0.97006957320492,0.344028718273592,0.200416807121213,-0.544445525233036
1.489,0.40229827958685,0.564995324550695,-0.967293604159658,0.272519361789055,0.278093010446894,-0.550612372095768
1.4895,0.258967416836884,0.681732224110265,-0.940699640981227,0.194299672231043,0.348921646412575,-0.543221318528477
1.49,0.109259935628617,0.781682600940943,-0.890942536614763,0.111295677339308,0.411158669940932,-0.522454347192974
1.4905,-0.0431378982213331,0.862385374009747,-0.819247475843628,0.0255512194974455,0.463271602564629,-0.488822822004833
1.491,-0.194473535962021,0.921853344186166,-0.727379808288012,-0.0608224011509112,0.503977254122111,-0.443154852945392
1.4915,-0.341020576147554,0.958622230052544,-0.617601653975935,-0.145698367280021,0.532273307733132,-0.386574940459372
1.492,-0.479170577596412,0.971786660798754,-0.492616083278621,-0.22698675730829,0.547463031211586,-0.320476273941471
1.4925,-0.605521791537168,0.961022465336831,-0.355500673879396,-0.302685983167397,0.549172394950058,-0.246486411851812
1.493,-0.716963057863033,0.926594723057972,-0.209631665276162,-0.370932069369951,0.537359311294462,-0.166427242022933
1.4935,-0.810750318197791,0.86935113185514,-0.0586008137380636,-0.430044583712819,0.512314661647887,-0.0822700780603388
1.494,-0.884574200254785,0.790701233479888,0.0938729666966789,-0.478567968604371,0.474655119393803,0.0039128490615331
1.4945,-0.93661694921745,0.69258165348879,0.244035295654864,-0.515307422396901,0.425307997711401,0.0899994245163702
1.495,-0.965597064142657,0.577408400741092,0.388188663334009,-0.539358300872696,0.365488379143044,0.173869921544593
1.4955,-0.970800981307438,0.448017452054071,0.522783529193713,-0.550128381629302,0.296669222750162,0.253459158682707
1.496,-0.952100562097374,0.307594816464347,0.644505745582747,-0.547352482302876,0.220545089448304,0.326807392651604
1.4965,-0.90995625163733,0.159598177011626,0.750358074586033,-0.53109894434026,0.138990398769432,0.392108545366322
1.497,-0.845405817377487,0.0076717088552288,0.837734108494173,-0.501767987655772,0.0540133077404451,0.447754679714317
1.4975,-0.760038671279415,-0.144443676438099,0.904482347701706,-0.46008184192477,-0.0322937721286498,0.492375613860857
1.498,-0.655956855364957,-0.293002364500984,0.948959219862801,-0.407066947933753,-0.117805673576267,0.524872621330646
1.4985,-0.535723211968509,-0.434346370930483,0.970069582908599,-0.344028720803701,-0.200416804175118,0.544445524817049
1.499,-0.402298268892933,-0.564995328315118,0.967293597230166,-0.272519361453017,-0.278093013152083,0.550612374464919
1.4995,-0.258967425840592,-0.681732216489468,0.940699642364138,-0.194299670255903,-0.348921645037692,0.543221315178454
1.5,-0.109259931933494,-0.781682609310988,0.890942541289685,-0.111295680809284,-0.411158669442003,0.522454350164021
1.5005,0.043137901280928,-0.862385368273714,0.819247467048,-0.025551215945201,-0.463271604720299,0.488822820608259
1.501,0.194473527438986,-0.921853344996122,0.727379817621001,0.0608223989502683,-0.503977251193367,0.44315485221729
1.5015,0.341020586649359,-0.958622234453978,0.617601647875565,0.145698367252576,-0.532273310246822,0.386574943000506
1.502,0.479170569369519,-0.97178665300559,0.49261608371235,0.226986759533992,-0.547463030123622,0.320476270627806
1.5025,0.605521794189106,-0.961022473348968,0.355500679239594,0.302685979659917,-0.549172394185352,0.246486414594585
1.503,0.716963061809059,-0.926594718061256,0.20963165633342,0.370932072733302,-0.537359313587715,0.166427240952836
1.5035,0.810750309301396,-0.869351131845862,0.0586008226251813,0.430044581849351,-0.512314658764183,0.0822700770401025
1.504,0.884574210470565,-0.790701238449274,-0.0938729719430728,0.478567968228755,-0.474655121699537,-0.00391284638018264
1.5045,0.936616941815017,-0.692581645605985,-0.244035296135237,0.515307424841206,-0.425307996909035,-0.0899994277630422
1.505,0.965597065768866,-0.57740840833242,-0.388188657368889,0.539358297363288,-0.365488378130978,-0.17386991904725
1.5055,0.970800986064932,-0.448017447814539,-0.522783538190739,0.550128384778952,-0.296669225153061,-0.25345915942946
1.506,0.952100552929363,-0.307594815669832,-0.644505737209249,0.547352480780703,-0.220545086635747,-0.326807393941987
1.5065,0.909956261479835,-0.159598182477256,-0.750358078962909,0.531098943634526,-0.138990400853454,-0.392108542576566
1.507,0.845405810837191,-0.00767170096295264,-0.837734109846155,0.501767990285924,-0.0540133072196378,-0.447754682865277
1.5075,0.760038671906574,0.144443669323795,-0.904482341214563,0.460081838447552,0.0322937733680202,-0.49237561162301
1.508,0.655956860854186,0.29300236797355,-0.948959228824596,0.407066950847999,0.117805671091569,-0.524872621760194
1.5085,0.535723202629049,0.434346372470027,-0.970069575108682,0.34402871962346,0.200416806892192,-0.544445526353882
1.509,0.402298278282145,0.564995322426798,-0.967293600731058,0.272519360437675,0.278093011300811,-0.550612371598305
1.5095,0.258967420190189,0.681732224314272,-0.940699644538538,0.194299673038699,0.348921645283543,-0.5432213182071
1.51,0.109259931596871,0.781682602722972,-0.890942534365046,0.111295677396652,0.411158670887248,-0.522454348196635
1.5105,-0.0431378951434929,0.862385370977375,-0.819247475889096,0.0255512186055182,0.463271602181288,-0.488822820729564
1.511,-0.19447353685221,0.921853347234925,-0.727379810446581,-0.060822399791281,0.503977253792555,-0.443154853975466
1.5115,-0.341020577785752,0.958622228217578,-0.617601650502772,-0.145698368554864,0.532273308636623,-0.38657494008802
1.512,-0.479170574112055,0.971786660689816,-0.49261608665404,-0.226986756631864,0.547463030103512,-0.320476273509824
1.5125,-0.605521795446356,0.961022467329357,-0.355500671962734,-0.302685982977535,0.549172395813934,-0.246486412905549
1.513,-0.716963055109779,0.926594720001612,-0.209631664973058,-0.370932070342207,0.537359311021266,-0.166427240777482
1.5135,-0.810750318694024,0.869351134733267,-0.0586008161199585,-0.430044582357019,0.512314661225153,-0.082270078993406
1.514,-0.884574202196781,0.790701231939691,0.0938729701788716,-0.47856796979348,0.474655120336052,0.00391284930839283
1.5145,-0.936616945641262,0.692581653080917,0.24403529248655,-0.515307421852833,0.425307996634166,0.0899994250495376
1.515,-0.965597067896443,0.577408402916077,0.38818866491281,-0.539358300557644,0.365488379919511,0.173869920453075
1.5155,-0.97080097889204,0.448017449004364,0.522783529828022,-0.550128382669131,0.296669222585203,0.253459159887496
1.516,-0.952100562211144,0.307594819150988,0.644505743009875,-0.547352480963897,0.22054508894035,0.326807391820579
1.5165,-0.909956253851715,0.159598175768937,0.750358078043106,-0.53109894543565,0.138990399739696,0.392108545491447
1.517,-0.845405813747956,0.00767170816474986,0.837734105555122,-0.501767987243862,0.0540133067032209,0.447754680339631
1.5175,-0.76003867484782,-0.144443674109304,0.904482348941317,-0.460081841492765,-0.0322937714435051,0.492375612743708
1.518,-0.65595685329686,-0.293002367514733,0.948959220808454,-0.407066949028272,-0.117805673635871,0.524872622484768
1.5185,-0.535723211714541,-0.434346368453462,0.970069580177609,-0.344028719493835,-0.200416804759837,0.544445524091903
1.519,-0.402298271346953,-0.564995329260559,0.967293600629626,-0.272519362447942,-0.278093012164374,0.550612374472135
1.5195,-0.258967422195132,-0.681732217444159,0.94069963967337,-0.194299669974677,-0.3489216460265,0.543221315886036
1.52,-0.109259935289579,-0.781682606857338,0.89094254219212,-0.111295680269358,-0.411158668851046,0.522454349033138
1.5205,0.0431379029960392,-0.862385371223762,0.819247468282938,-0.0255512170815303,-0.463271604678328,0.488822821702617
1.521,0.194473528043008,-0.92185334274407,0.727379814764928,0.0608224002195203,-0.503977251846003,0.443154851600675
1.5215,0.341020583989425,-0.958622235105303,0.617601651186824,0.145698366363609,-0.53227330925197,0.386574942894622
1.522,0.479170572994889,-0.971786654204297,0.492616081285686,0.226986759687217,-0.547463031056428,0.320476271407387
1.5225,0.605521791069107,-0.96102247079943,0.355500679810056,0.302685980298061,-0.549172393690417,0.246486413461506
1.523,0.716963063169158,-0.926594720921625,0.209631657833691,0.370932071567915,-0.537359313448782,0.16642724197929
1.5235,0.810750310235123,-0.869351129831313,0.0586008196769043,0.43004458306736,-0.512314659475596,0.0822700765335067
1.524,0.88457420763904,-0.790701238812339,-0.0938729687484823,0.478567967449982,-0.47465512070749,-0.00391284659345783
1.5245,0.936616945385965,-0.692581647026981,-0.244035298285188,0.51530742487024,-0.425307997779108,-0.0899994269220037
1.525,0.965597062905443,-0.577408405715692,-0.388188657122195,0.539358298089395,-0.365488377732891,-0.173869920171445
1.5255,0.970800987071519,-0.448017450561197,-0.522783536450669,0.550128383597014,-0.296669224922526,-0.253459158478057
1.526,0.952100554170093,-0.307594813902496,-0.644505740217315,0.547352481937774,-0.220545087396603,-0.326807394338203
1.5265,0.909956258511287,-0.159598182560471,-0.750358075911144,0.531098942968941,-0.138990399873716,-0.392108542890719
1.527,0.845405814321332,-0.0076717025832539,-0.837734111709993,0.501767990195626,-0.0540133080211346,-0.447754681973482
1.5275,0.760038669316882,0.144443671979552,-0.904482341280627,0.460081839250938,0.0322937736694066,-0.492375612727783
1.528,0.655956861512131,0.293002365362538,-0.94895922687153,0.407066949661659,0.117805671407679,-0.524872620889964
1.5285,0.535723204152041,0.43434637398324,-0.970069578144887,0.344028720710893,0.20041680609132,-0.544445526640444
1.529,0.402298275211036,0.564995322612659,-0.967293597845809,0.272519359887048,0.278093012259246,-0.550612372006113
1.5295,0.258967423557321,0.68173222251863,-0.940699646110028,0.194299672834884,0.348921644555557,-0.5432213172753
1.53,0.1092599292947,0.78168260539038,-0.890942534730283,0.111295678266327,0.411158671093013,-0.522454349272075
1.5305,-0.0431378948261431,0.862385368521722,-0.819247473750794,0.0255512174264651,0.463271602576364,-0.488822819945588
1.531,-0.194473535073411,0.921853348489855,-0.72737981348031,-0.060822398781151,0.503977252961092,-0.443154854154133
1.5315,-0.341020580925385,0.958622228659572,-0.617601647805133,-0.14569836898995,0.53227330956534,-0.386574940581651
1.532,-0.479170570889749,0.971786658743508,-0.492616087930037,-0.22698675694252,0.547463029453057,-0.320476272548713
1.5325,-0.605521797450578,0.961022469982064,-0.355500672611219,-0.302685982052752,0.549172395926039,-0.246486413942438
1.533,-0.716963055122004,0.926594717718707,-0.209631662677927,-0.370932071502838,0.537359311488208,-0.166427240083793
1.5335,-0.81075031668726,0.869351135728432,-0.0586008191218866,-0.430044581430791,0.512314660372429,-0.0822700790669101
1.534,-0.884574205371651,0.790701232622933,0.0938729726705002,-0.478567970113586,0.474655121227273,0.00391284873727806
1.5345,-0.936616942589043,0.692581651009057,0.24403529150619,-0.515307422262896,0.425307996064342,0.0899994260294247
1.535,-0.965597069595606,0.577408405528959,0.388188663999091,-0.539358299589003,0.365488379940745,0.173869919463199
1.5355,-0.970800979220081,0.448017446909199,0.522783532251229,-0.550128383800844,0.296669223116507,0.253459160487905
1.536,-0.952100560005315,0.307594819887486,0.644505740067547,-0.547352480127082,0.220545088075517,0.326807391848597
1.5365,-0.909956257029567,0.159598176676813,0.750358080313083,-0.531098945642431,0.138990400586328,0.392108544851596
1.537,-0.845405810888389,0.00767170599263145,0.837734104867673,-0.501767987745239,0.0540133062162166,0.447754681328013
1.5375,-0.760038676238069,-0.144443671559942,0.904482347782204,-0.460081840491476,-0.0322937715095863,0.4923756118085
1.538,-0.655956853924464,-0.293002369409607,0.948959223330931,-0.407066950121288,-0.117805673048021,0.524872622989935
1.5385,-0.535723209339282,-0.434346367972067,0.970069577320955,-0.344028718750849,-0.200416805627891,0.544445524216971
1.539,-0.40229827449684,-0.564995328146152,0.967293602665107,-0.272519362544082,-0.278093011368697,0.550612373772598
1.5395,-0.25896741954798,-0.681732219691318,0.940699639273377,-0.194299670558725,-0.348921646429388,0.543221316872973
1.54,-0.109259936370216,-0.781682604393594,0.890942540809012,-0.111295679246485,-0.411158669000187,0.522454348159407
1.5405,0.0431379020873582,-0.862385372908254,0.819247470876109,-0.0255512181268485,-0.463271604041976,0.488822822111583
1.541,0.194473530557646,-0.92185334251189,0.727379812018111,0.0608224008653543,-0.503977252708724,0.443154851817562
1.5415,0.341020580896898,-0.958622233803723,0.617601652977772,0.145698366374462,-0.532273308512857,0.386574942144656
1.542,0.479170575412741,-0.971786656501594,0.492616081165132,0.226986759029583,-0.547463031374774,0.320476272383366
1.5425,0.60552179029575,-0.961022468441658,0.355500678225642,0.302685981331704,-0.549172393917735,0.246486412655182
1.543,0.716963061999848,-0.926594722388104,0.209631660469479,0.370932070578459,-0.537359312772107,0.166427242292071
1.5435,0.810750312858979,-0.869351129840285,0.0586008170620201,0.430044583613798,-0.512314660324835,0.0822700768363086
1.544,0.884574204631495,-0.790701237343958,-0.0938729672093183,0.478567967563295,-0.474655120029768,-0.00391284738449194
1.5445,0.936616947560556,-0.692581649350057,-0.244035298136702,0.515307424148446,-0.425307998013322,-0.0899994259659948
1.545,0.965597062434148,-0.577408403482376,-0.388188658884216,0.539358299123334,-0.365488378032945,-0.173869920905331
1.5455,0.97080098566371,-0.448017451804462,-0.522783533799595,0.550128382670706,-0.29666922421376,-0.253459158260514
1.546,0.952100556873197,-0.307594814142552,-0.644505742680364,0.54735248238363,-0.220545088224683,-0.32680739395598
1.5465,0.909956255614378,-0.159598180946434,-0.750358074628272,0.531098943179374,-0.138990399261419,-0.392108543713449
1.547,0.845405816241637,-0.00767170490851049,-0.837734111305042,0.501767989419328,-0.0540133081724283,-0.447754681045891
1.5475,0.76003866913972,0.1444436740719,-0.904482343195813,0.460081840275134,0.0322937733025384,-0.49237561338511
1.548,0.655956859889348,0.293002364345308,-0.948959224231518,0.40706694880487,0.117805672140332,-0.524872620765828
1.5485,0.535723206904893,0.434346373523994,-0.970069580438493,0.344028721056006,0.200416805291556,-0.544445526185793
1.549,0.402298272448284,0.564995324350665,-0.967293596821064,0.272519360188541,0.278093012802886,-0.550612372851247
1.5495,0.258967425215239,0.681732220213838,-0.940699645463155,0.194299672013868,0.34892164448522,-0.543221316383947
1.55,0.109259929401212,0.781682607327303,-0.890942536773718,0.111295679271248,0.411158670665654,-0.522454349849637
1.5505,-0.0431378966392603,0.862385367731038,-0.819247471146992,0.0255512166446292,0.463271603324809,-0.488822819912196
1.551,-0.194473532299571,0.921853347824944,-0.72737981558924,-0.060822398535959,0.503977252196229,-0.443154853634462
1.5515,-0.341020583532736,0.958622230499562,-0.617601647037771,-0.145698368604091,0.532273310037893,-0.386574941440063
1.552,-0.479170569499439,0.971786656480689,-0.492616087057528,-0.22698675779844,0.547463029461007,-0.320476271700743
1.5525,-0.605521797073162,0.961022471751204,-0.355500674757775,-0.302685981076054,0.549172395444838,-0.246486414437934
1.553,-0.716963057099992,0.926594717152861,-0.209631660134093,-0.370932072205241,0.537359312244532,-0.166427240137714
1.5535,-0.810750313920206,0.869351134872819,-0.0586008210333285,-0.430044581283762,0.512314659648442,-0.0822700784899514
1.554,-0.884574207804741,0.790701234542835,0.0938729731836884,-0.478567969650596,0.474655121627098,0.00391284787446331
1.5545,-0.936616941468751,0.692581648808423,0.244035292586533,-0.515307423143973,0.425307996147262,0.0899994268275811
1.555,-0.965597068962162,0.577408407120102,0.388188661774504,-0.539358298648835,0.365488379412598,0.173869919051178
1.5555,-0.97080098133693,0.448017446564374,0.522783534712903,-0.550128384420288,0.296669223873048,0.253459160350808
1.556,-0.952100557271606,0.307594818857364,0.64450573836396,-0.547352480075581,0.220545087397736,0.326807392474877
1.5565,-0.909956259272011,0.159598178654698,0.75035808057764,-0.531098945109992,0.138990400912556,0.392108543992929
1.557,-0.845405810037805,0.00767170387295245,0.837734106136768,-0.501767988641885,0.0540133063702002,0.447754682070675
1.5575,-0.760038675365338,-0.144443670154862,0.904482345504393,-0.460081839595446,-0.0322937720776133,0.492375611480496
1.558,-0.655956856153894,-0.293002369539215,0.94895922568997,-0.407066950655198,-0.117805672298611,0.524872622774434
1.5585,-0.535723206664053,-0.434346369159485,0.970069575833144,-0.344028718791421,-0.200416806254803,0.544445524884455
1.559,-0.402298276534777,-0.564995326131867,0.967293602688759,-0.272519361950234,-0.278093011116184,0.550612372926237
1.5595,-0.258967418964191,-0.681732221712832,0.940699640711101,-0.1942996714616,-0.348921646208777,0.543221317555236
1.56,-0.109259935276566,-0.781682603180506,0.890942538502274,-0.111295678401456,-0.411158669600934,0.522454347915124
1.5605,0.0431378997716306,-0.862385372830294,0.819247473113877,-0.0255512185735865,-0.46327160330667,0.488822821823015
1.561,0.194473533150867,-0.921853343838576,0.727379810751576,0.0608224007369143,-0.503977253280793,0.44315485251807
1.5615,0.341020579074772,-0.958622231774084,0.617601652770259,0.145698367021418,-0.532273308333457,0.3865749413183
1.562,0.479170575735114,-0.971786658409397,0.492616082750562,0.226986758129496,-0.547463031092431,0.320476273001111
1.5625,0.605521791590567,-0.961022467424381,0.355500675913547,0.302685982119646,-0.54917239454402,0.246486412493525
1.563,0.716963059623858,-0.926594722111925,0.20963166256929,0.370932070219618,-0.537359312057454,0.166427241936257
1.5635,0.810750315348432,-0.869351131287606,0.058600816019888,0.430044583402372,-0.512314660838782,0.08227007756168
1.564,0.884574203033921,-0.790701235319287,-0.0938729676364163,0.478567968254885,-0.474655119922195,-0.00391284818365524
1.5645,0.936616947629207,-0.692581651130353,-0.244035296425059,0.515307423259761,-0.425307997674543,-0.0899994254160895
1.565,0.965597063909246,-0.577408402662672,-0.388188661179017,0.539358299848909,-0.365488378677636,-0.173869920986214
1.5655,0.970800983252997,-0.448017451340946,-0.522783531852398,0.550128382399606,-0.296669223525836,-0.253459158677338
1.566,0.952100559239031,-0.307594815691476,-0.644505743497273,0.547352482094705,-0.220545088677927,-0.32680739321381
1.5665,0.909956254247557,-0.159598178946163,-0.750358075261723,0.531098943907043,-0.138990399223743,-0.392108544478793
1.567,0.845405816066401,-0.00767170654930649,-0.837734109489011,0.501767988550194,-0.0540133077828339,-0.447754680566351
1.5675,0.760038670773329,0.144443674694256,-0.904482345451779,0.460081840933887,0.0322937726464549,-0.492375613387779
1.568,0.655956857468732,0.293002364983912,-0.948959222449504,0.407066948620508,0.11780567279596,-0.524872621237093
1.5685,0.535723209129277,0.434346371892695,-0.970069581031578,0.344028720695591,0.200416804900897,-0.544445525434719
1.569,0.402298271315925,0.564995326308144,-0.967293597646183,0.272519360943736,0.278093012773192,-0.550612373576748
1.5695,0.25896742480791,0.681732218722683,-0.940699643564671,0.194299671171905,0.348921644919747,-0.543221315976511
1.57,0.109259931170928,0.781682607754443,-0.890942538970574,0.111295679859553,0.411158670005014,-0.522454349777302
1.5705,-0.0431378990458896,0.862385368531287,-0.819247469540611,0.0255512165452027,0.463271603943118,-0.488822820431079
1.571,-0.19447353023236,0.921853346130505,-0.727379815962011,-0.0608223989614098,0.503977251869355,-0.443154852882137
1.5715,-0.341020584429356,0.958622232397032,-0.617601648038622,-0.145698367829832,0.532273309943906,-0.386574942120334
1.572,-0.479170570125303,0.971786655147444,-0.49261608509842,-0.226986758606189,0.547463029934393,-0.320476271366379
1.5725,-0.605521795190141,0.961022471987066,-0.355500676876658,-0.302685980560987,0.549172394786238,-0.246486414294401
1.573,-0.716963059469871,0.926594718100304,-0.209631658711657,-0.370932072222282,0.53735931282107,-0.166427240697211
1.5735,-0.810750312023712,0.869351133134286,-0.0586008211912889,-0.43004458176743,0.512314659385884,-0.0822700777437252
1.574,-0.884574208466683,0.790701236364376,0.0938729720240881,-0.478567968865574,0.47465512147239,0.00391284724414928
1.5745,-0.936616942298034,0.692581647639485,0.244035294584754,-0.51530742391109,0.425307996653307,0.0899994270886541
1.575,-0.965597066988787,0.577408407170314,0.388188659750917,-0.53935829820897,0.365488378762342,0.173869919261569
1.5755,-0.970800983648593,0.448017447643728,0.522783535945212,-0.550128384358188,0.296669224403951,0.253459159757805
1.576,-0.952100555557158,0.307594817093426,0.644505738413451,-0.547352480610364,0.220545087199377,0.326807393208019
1.5765,-0.909956259702565,0.159598180385785,0.750358079277108,-0.531098944322266,0.138990400701142,0.392108543416618
1.577,-0.845405811054045,0.0076717028728593,0.837734108153101,-0.501767989362611,0.0540133069026431,0.447754682258959
1.5775,-0.760038673324492,-0.144443670283103,0.904482343591788,-0.460081839231938,-0.0322937727135631,0.492375611752938
1.578,-0.655956858387327,-0.293002368343878,0.948959226728067,-0.407066950517836,-0.117805671816602,0.524872622155064
1.5785,-0.535723205140747,-0.434346370930667,0.970069576081021,-0.344028719370017,-0.200416806389695,0.544445525597943
1.579,-0.402298276739345,-0.564995324504283,0.967293601265742,-0.272519361167557,-0.278093011379908,0.550612372407284
1.5795,-0.258967420149793,-0.681732222541368,0.94069964272524,-0.194299672130864,-0.348921645656193,0.543221317671916
1.58,-0.109259933190836,-0.781682603478569,0.890942536714608,-0.11129567811467,-0.411158670217002,0.522454348244406
1.5805,0.0431378976348529,-0.86238537153537,0.819247473955732,-0.0255512183654096,-0.463271602876209,0.488822821184377
1.581,0.194473534476166,-0.921853345599523,0.727379811187223,0.0608224001219309,-0.503977253353537,0.443154853205797
1.5815,0.34102057908882,-0.958622230261504,0.61760165124363,0.145698367791663,-0.532273308644767,0.386574940859365
1.582,0.479170574398661,-0.971786659065441,0.492616084743059,0.226986757516055,-0.5474630305259,0.32047627304802
1.5825,0.605521793699092,-0.961022467882347,0.355500674262989,0.302685982330104,-0.549172395135053,0.246486412874099
1.583,0.71696305760046,-0.926594720734095,0.209631663214859,0.37093207049366,-0.537359311680581,0.166427241285343
1.5835,0.810750316471066,-0.869351133021659,0.0586008166313073,0.430044582758473,-0.512314660851244,0.0822700782180421
1.584,0.884574203257401,-0.790701233931623,-0.0938729692475604,0.478567969005743,-0.474655120276102,-0.00391284858060576
1.5845,0.936616946161108,-0.69258165161468,-0.244035294472633,0.515307422705784,-0.425307997100136,-0.089999425436519
1.585,0.96559706601917,-0.577408403269482,-0.388188662682133,0.539358299984158,-0.365488379238938,-0.173869920560161
1.5855,0.970800981357912,-0.448017449897007,-0.522783531401252,0.550128382734128,-0.29666922320399,-0.253459159333706
1.586,0.952100560156499,-0.30759481738293,-0.644505742723287,0.547352481429332,-0.220545088632482,-0.326807392593881
1.5865,0.909956254669634,-0.159598177691706,-0.750358076938257,0.531098944632032,-0.138990399615052,-0.392108544812474
1.587,0.845405814486346,-0.00767170686432677,-0.837734107593935,0.501767988058592,-0.0540133072064489,-0.447754680651133
1.5875,0.76003867286413,0.144443673950652,-0.904482346798975,0.460081840995726,0.0322937721190987,-0.492375612922261
1.588,0.655956855715033,0.293002366477217,-0.948959222189112,0.407066949009763,0.117805673061935,-0.524872621892324
1.5885,0.535723209841171,0.434346370258483,-0.97006958010926,0.344028720016086,0.200416805001412,-0.544445524855729
1.589,0.402298271924283,0.564995327422742,-0.967293599369139,0.272519361636896,0.278093012349827,-0.550612373846541
1.5895,0.258967423135859,0.681732218573017,-0.940699641742954,0.194299670744865,0.348921645492437,-0.543221316122161
1.59,0.109259933223117,0.781682606886916,-0.890942540155236,0.111295679850422,0.411158669515313,-0.522454349278469
1.5905,-0.0431379006470471,0.862385370057433,-0.8192474694656,0.0255512169831498,0.463271604152956,-0.488822821078864
1.591,-0.194473529724435,0.921853344567017,-0.727379814906449,-0.0608223996478693,0.503977252021686,-0.443154852348007
1.5915,-0.341020583648326,0.958622233366746,-0.617601649789367,-0.145698367173909,0.532273309493915,-0.386574942326267
1.592,-0.479170571869325,0.971786655157742,-0.492616083364695,-0.226986758967197,0.547463030497987,-0.320476271568964
1.5925,-0.60552179319487,0.961022471009162,-0.355500677894024,-0.302685980638063,0.549172394337384,-0.246486413768471
1.593,-0.716963060909268,0.926594719643127,-0.209631658815083,-0.370932071741907,0.537359312975058,-0.166427241331574
1.5935,-0.810750311716242,0.869351131653761,-0.0586008200182339,-0.430044582453898,0.512314659586408,-0.0822700772577802
1.594,-0.884574207527703,0.790701237185799,0.0938729702636859,-0.478567968251707,0.474655121001242,0.00391284710143067
1.5945,-0.936616944094132,0.692581647803025,0.244035296217312,-0.515307424205297,0.425307997202713,0.089999426833455
1.595,-0.965597065067435,0.577408406096086,0.388188658903794,-0.539358298350432,0.365488378356998,0.173869919808374
1.5955,-0.970800984918963,0.448017449187574,0.522783535671736,-0.5501283838418,0.296669224502908,0.253459159142461
1.596,-0.952100555444829,0.30759481570679,0.644505739687757,-0.547352481290183,0.220545087444155,0.32680739364306
1.5965,-0.909956258621282,0.159598181057086,0.750358077524525,-0.53109894375467,0.138990400214282,0.392108543335882
1.597,-0.845405812882642,0.00767170318171161,0.837734109672845,-0.501767989589929,0.0540133074331209,0.447754681955799
1.5975,-0.760038671492633,-0.144443671439248,0.904482342916074,-0.460081839433747,-0.0322937730732663,0.492375612314451
1.598,-0.655956859483346,-0.293002366814026,0.948959226294233,-0.407066949971934,-0.11780567177136,0.524872621563921
1.5985,-0.535723205216571,-0.43434637221385,0.970069577440027,-0.344028720036867,-0.20041680610487,0.544445525979968
1.599,-0.402298275532136,-0.564995323983401,0.967293599537652,-0.272519360649822,-0.278093011877106,0.550612372386748
1.5995,-0.258967421991806,-0.681732222096213,0.940699644122097,-0.194299672291856,-0.348921645149006,0.543221317325721
1.6,-0.109259931462535,-0.781682604702028,0.890942536209767,-0.111295678372371,-0.411158670529465,0.522454348814571
1.6005,0.0431378967166015,-0.862385370033772,0.819247473372386,-0.0255512177965106,-0.463271602882896,0.488822820622165
1.601,0.194473534220713,-0.921853346771087,0.72737981261424,0.0608223994739808,-0.503977253033084,0.443154853533295
1.6015,0.341020580405033,-0.958622229889869,0.617601649555782,0.14569836825658,-0.532273309147055,0.386574940896736
1.602,0.479170572561653,-0.971786658493942,0.492616086008567,0.226986757420206,-0.547463030045959,0.320476272663929
1.6025,0.605521795311356,-0.961022469158466,0.355500673926843,0.302685982021323,-0.549172395399199,0.246486413447027
1.603,0.716963056861525,-0.926594719274148,0.209631662493847,0.370932071079086,-0.537359311736984,0.16642724075632
1.6035,0.810750316045896,-0.869351134074862,0.0586008181096814,0.430044582134925,-0.512314660499747,0.0822700784900924
1.604,0.884574204665339,-0.790701233706662,-0.0938729708804605,0.478567969415517,-0.474655120778396,-0.00391284848808571
1.6045,0.936616944346717,-0.69258165092761,-0.244035293345312,0.51530742267331,-0.425307996650969,-0.089999425853212
1.605,0.965597067504564,-0.577408404583702,-0.388188662853306,0.539358299629406,-0.365488379454206,-0.173869919990141
1.6055,0.970800980798039,-0.448017448491146,-0.522783532247239,0.550128383329719,-0.296669223307504,-0.253459159825783
1.606,0.952100559572759,-0.307594818312456,-0.644505741210022,0.547352480835225,-0.220545088254634,-0.326807392377622
1.6065,0.909956256151846,-0.159598177609529,-0.750358078502646,0.531098944984971,-0.138990400112479,-0.392108544667986
1.607,0.845405812711234,-0.0076717060731337,-0.837734106610017,0.501767988087185,-0.054013306791139,-0.447754681095037
1.6075,0.760038674213496,0.144443672612653,-0.904482346810342,0.460081840600347,0.0322937719527741,-0.492375612360558
1.608,0.65595685533224,0.293002367817594,-0.948959223146695,0.40706694960932,0.117805672914265,-0.524872622344211
1.6085,0.535723209111088,0.434346369456533,-0.970069578577227,0.344028719455964,0.200416805400855,-0.54444552469505
1.609,0.402298273463316,0.564995327367246,-0.967293600852677,0.272519361931929,0.278093011861888,-0.550612373653637
1.6095,0.258967421415618,0.68173221945635,-0.940699640906047,0.194299670831721,0.348921645871263,-0.543221316587844
1.61,0.109259934428997,0.781682605539102,-0.890942540013301,0.111295679419933,0.41115866939752,-0.522454348730187
1.6105,-0.0431379008563752,0.862385371322034,-0.819247470520873,0.025551217580694,0.463271603964389,-0.488822821487842
1.611,-0.194473530587723,0.921853343895141,-0.727379813371283,-0.0608224001699804,0.503977252437954,-0.443154852242166
1.6115,-0.34102058206975,0.958622233179815,-0.617601651181011,-0.145698366937246,0.532273309019807,-0.386574942088822
1.612,-0.479170573520279,0.971786656120832,-0.492616082676832,-0.226986758825332,0.547463030838164,-0.320476272051008
1.6125,-0.605521792138236,0.961022469665011,-0.355500677606509,-0.302685981098034,0.549172394267256,-0.246486413238372
1.613,-0.716963060950281,0.926594720822823,-0.209631659953766,-0.370932071152087,0.537359312749116,-0.166427241695452
1.6135,-0.810750312698849,0.869351131113092,-0.058600818494958,-0.430044582934507,0.512314660014769,-0.0822700772055331
1.614,-0.884574205926534,0.790701236874685,0.0938729689736304,-0.478567968073295,0.474655120544989,0.00391284737927015
1.6145,-0.936616945662654,0.69258164883323,0.244035296755629,-0.515307424012076,0.425307997502543,0.089999426340404
1.615,-0.965597064164115,0.577408404768485,0.388188659328074,-0.539358298834202,0.365488378333242,0.173869920315901
1.6155,-0.97080098479823,0.448017450274437,0.52278353446414,-0.550128383265108,0.296669224243329,0.253459158825346
1.616,-0.952100556532284,0.307594815297141,0.644505741184861,-0.547352481726345,0.220545087879953,0.326807393643424
1.6165,-0.909956257013985,0.159598180629947,0.750358076344366,-0.531098943633828,0.138990399779572,0.392108543649749
1.617,-0.84540581435693,0.0076717042662622,0.837734110062583,-0.501767989349352,0.054013307691364,0.447754681456978
1.6175,-0.760038670745045,-0.144443672738107,0.904482343467345,-0.460081839935639,-0.0322937730523394,0.492375612795416
1.618,-0.655956859208731,-0.293002365826698,0.94895922503229,-0.407066949413419,-0.117805672060665,0.52487262129471
1.6185,-0.535723206393987,-0.434346372493928,0.970069578897521,-0.344028720426192,-0.20041680566617,0.544445525930593
1.619,-0.402298273934555,-0.564995324517619,0.967293598474289,-0.272519360585338,-0.278093012286949,0.550612372732107
1.6195,-0.25896742336146,-0.681732220970087,0.940699644365626,-0.194299672008216,-0.348921644933133,0.543221316826208
1.62,-0.109259930871485,-0.781682605960735,0.890942536877423,-0.111295678886767,-0.411158670465907,0.522454349265408
1.6205,0.0431378971360641,-0.862385369151434,0.819247472070584,-0.0255512172608374,-0.463271603197891,0.488822820401486
1.621,0.194473532968479,-0.921853346924241,0.727379814019627,0.0608223991333305,-0.503977252595857,0.443154853436718
1.6215,0.341020581977805,-0.958622230521553,0.617601648614695,0.145698368266411,-0.532273309529084,0.386574941268934
1.622,0.479170571305588,-0.971786657338884,0.492616086109576,0.226986757742375,-0.547463029872796,0.320476272168597
1.6225,0.605521795746615,-0.961022470366475,0.355500674699593,0.30268598149993,-0.549172395295392,0.246486413864612
1.623,0.716963057415772,-0.926594718501013,0.209631661166464,0.370932071587667,-0.53735931207355,0.166427240584305
1.6235,0.810750314734088,-0.869351134104858,0.0586008194514846,0.43004458184424,-0.512314660068173,0.0822700783492042
1.624,0.884574206199073,-0.790701234425651,-0.0938729716952045,0.478567969372863,-0.474655121130057,-0.00391284809377062
1.6245,0.936616943211721,-0.692581649756022,-0.244035293381904,0.515307423029289,-0.425307996520428,-0.0899994263397315
1.625,0.965597067786258,-0.577408405731394,-0.388188661987308,0.539358299106363,-0.365488379312821,-0.173869919608483
1.6255,0.970800981476116,-0.448017447830194,-0.522783533586269,0.550128383807395,-0.296669223661484,-0.25345915994948
1.626,0.952100558216566,-0.307594818224101,-0.644505739942184,0.547352480595255,-0.220545087832666,-0.326807392559621
1.6265,0.90995625763328,-0.159598178405235,-0.750358079188374,0.531098944892418,-0.138990400431619,-0.392108544256293
1.627,0.845405811703307,-0.00767170489706296,-0.83773410677816,0.501767988472121,-0.0540133067027227,-0.44775468156839
1.6275,0.760038674345247,0.144443671533913,-0.904482345863354,0.460081840080795,0.0322937721288097,-0.492375612017043
1.628,0.655956856122444,0.293002368364597,-0.948959224483902,0.407066950052738,0.117805672547026,-0.52487262242039
1.6285,0.535723207725502,0.434346369657483,-0.970069577392591,0.344028719266939,0.200416805809522,-0.544445524914693
1.629,0.402298274880248,0.564995326505714,-0.967293601408077,0.27251936179244,0.27809301157702,-0.55061237322928
1.6295,0.258967420539276,0.68173222062531,-0.940699641198665,0.194299671240682,0.348921645918442,-0.543221317043983
1.63,0.109259934415735,0.781682604536925,-0.890942538997863,0.111295678908767,0.411158669605064,-0.522454348426566
1.6305,-0.0431378999663485,0.862385371754497,-0.819247471843361,0.0255512179869706,0.463271603588001,-0.48882282151773
1.631,-0.194473531988046,0.921853344202077,-0.727379812277896,-0.0608224003083363,0.503977252829908,-0.443154852495764
1.6315,-0.341020580728397,0.958622232263541,-0.61760165160609,-0.145698367120376,0.532273308770555,-0.38657494165644
1.632,-0.479170574261982,0.971786657271637,-0.492616083085935,-0.226986758397308,0.547463030845353,-0.320476272486222
1.6325,-0.605521792290381,0.961022468745948,-0.355500676535301,-0.302685981596202,0.549172394502992,-0.246486412975941
1.633,-0.716963059973197,0.926594721141292,-0.209631661249319,-0.370932070785356,0.537359312367609,-0.166427241680676
1.6335,-0.810750314099715,0.869351131518649,-0.0586008174996482,-0.430044583022949,0.512314660386899,-0.0822700774892212
1.634,-0.884574204670641,0.790701235914822,0.0938729686776011,-0.478567968296483,0.474655120332297,0.00391284781515089
1.6345,-0.936616946268096,0.69258164995547,0.24403529623883,-0.515307423569928,0.425307997471328,0.0899994259294707
1.635,-0.965597064447919,0.57740840393801,0.388188660442352,-0.539358299315078,0.365488378593716,0.173869920536302
1.6355,-0.97080098374717,0.448017450480541,0.522783533206976,-0.550128382939841,0.296669223860615,0.253459158882794
1.636,-0.952100557920085,0.307594815793305,0.644505742076498,-0.547352481766081,0.22054508822947,0.326807393333643
1.6365,-0.909956255852195,0.159598179637608,0.750358076174917,-0.531098943893251,0.138990399603989,0.392108544084756
1.637,-0.845405814825878,0.00767170535023388,0.83773410944756,-0.501767988897954,0.0540133076236382,0.447754681073306
1.6375,-0.760038671152306,-0.144443673475603,0.904482344612103,-0.460081840395275,-0.0322937727706771,0.492375612973389
1.638,-0.65595685809695,-0.293002365730306,0.948959223824118,-0.407066949131057,-0.117805672440824,0.524872621392507
1.6385,-0.535723207755802,-0.434346371915721,0.970069579681128,-0.344028720418852,-0.200416805341721,0.544445525598803
1.639,-0.402298272874245,-0.564995325531465,0.967293598427824,-0.272519360876981,-0.278093012425256,0.550612373162056
1.6395,-0.258967423695015,-0.681732219933315,0.940699643662407,-0.19429967155233,-0.348921645035202,0.54322131647239
1.64,-0.109259931393143,-0.78168260660195,0.890942538040295,-0.111295679321585,-0.411158670166665,0.522454349400984
1.6405,0.0431378982952676,-0.86238536916115,0.819247470921096,-0.0255512170223422,-0.463271603571914,0.488822820537014
1.641,0.194473531644785,-0.921853346272994,0.727379814692075,0.0608223991857265,-0.503977252298584,0.443154853087049
1.6415,0.341020582930552,-0.95862223154618,0.617601648686574,0.145698367946712,-0.532273309630316,0.386574941689865
1.642,0.479170571105057,-0.971786656357413,0.492616085328635,0.226986758198142,-0.547463030006797,0.32047627184683
1.6425,0.605521795120356,-0.961022470909173,0.35550067586855,0.302685981093122,-0.549172394982202,0.24648641395823
1.643,0.716963058609192,-0.926594718612349,0.209631660084381,0.370932071781797,-0.537359312438062,0.166427240754686
1.6435,0.810750313459775,-0.869351133389912,0.0586008200108527,0.430044581939319,-0.512314659799836,0.0822700779857882
1.644,0.884574207039469,-0.790701235450675,-0.0938729715105756,0.478567969029369,-0.474655121194767,-0.00391284768556769
1.6445,0.936616943140654,-0.692581648837083,-0.244035294229776,0.51530742348052,-0.42530799668374,-0.0899994266276524
1.645,0.9655970670658,-0.577408406174389,-0.388188660823855,0.539358298730351,-0.365488378989297,-0.173869919555996
1.6455,0.97080098269076,-0.448017448037866,-0.522783534593241,0.550128383957114,-0.296669224013343,-0.25345915974734
1.646,0.952100557001952,-0.307594817455026,-0.644505739496643,0.547352480730328,-0.220545087594669,-0.326807392932691
1.6465,0.909956258357822,-0.159598179420698,-0.750358078897452,0.531098944529446,-0.13899040046069,-0.392108543864251
1.647,0.845405811757035,-0.00767170404698192,-0.837734107681969,0.501767988914629,-0.054013306892547,-0.447754681821073
1.6475,0.760038673541479,0.144443671190793,-0.904482344716465,0.460081839737952,0.0322937724591014,-0.492375612004491
1.648,0.655956857345653,0.293002368066591,-0.948959225409105,0.407066950158431,0.117805672210708,-0.524872622189766
1.6485,0.535723206579896,0.434346370470985,-0.970069577060487,0.34402871943904,0.200416806016126,-0.544445525293397
1.649,0.402298275486703,0.564995325509268,-0.967293601018086,0.272519361414317,0.278093011582395,-0.550612372856531
1.6495,0.258967420712112,0.681732221401138,-0.940699642147329,0.194299671670535,0.348921645705043,-0.543221317260437
1.65,0.1092599335399,0.781682604292871,-0.890942537877974,0.111295678601046,0.41115866993864,-0.522454348452421
1.6505,-0.043137898746795,0.862385371372787,-0.819247472681207,0.0255512180494356,0.463271603269845,-0.488822821262038
1.651,-0.194473533056388,0.921853345050277,-0.727379812057755,-0.0608224001024078,0.503977253004413,-0.443154852876197
1.6515,-0.341020580241023,0.958622231294988,-0.617601651124911,-0.145698367509355,0.532273308808897,-0.386574941305803
1.652,-0.479170573976644,0.971786657968761,-0.492616084068395,-0.226986757983755,0.547463030611425,-0.320476272665846
1.6525,-0.605521793226804,0.961022468599229,-0.355500675452158,-0.302685981867271,0.54917239483648,-0.24648641303836
1.653,-0.716963058768976,0.926594720683046,-0.209631661995293,-0.370932070764936,0.537359312069947,-0.166427241403434
1.6535,-0.810750315083629,0.869351132391886,-0.0586008173889714,-0.430044582786591,0.512314660528942,-0.0822700778676216
1.654,-0.884574204302147,0.790701234982402,0.0938729692415266,-0.478567968692096,0.47465512040187,0.00391284814119086
1.6545,-0.93661694587768,0.692581650570383,0.244035295233501,-0.515307423176013,0.42530799721999,0.0899994257868941
1.655,-0.96559706543334,0.577408403886022,0.388188661479763,-0.539358299548382,0.365488378923886,0.173869920439437
1.6555,-0.970800982569327,0.44801744995337,0.522783532556304,-0.550128382959925,0.296669223585488,0.253459159178005
1.656,-0.95210055881352,0.30759481668207,0.644505742081169,-0.547352481502846,0.220545088339017,0.326807392960861
1.6565,-0.909956255601235,0.159598178748871,0.750358076812693,-0.531098944291387,0.138990399702826,0.392108544384054
1.657,-0.84540581433852,0.0076717058803761,0.837734108430059,-0.501767988526684,0.0540133073580479,0.447754680967627
1.6575,-0.760038672175138,-0.144443673436281,0.904482345595613,-0.460081840590114,-0.0322937724468912,0.492375612844443
1.658,-0.655956856955819,-0.293002366318435,0.948959223271116,-0.407066949189772,-0.117805672691682,0.524872621702079
1.6585,-0.535723208553838,-0.43434637102069,0.970069579584134,-0.344028720132406,-0.200416805264387,0.544445525235024
1.659,-0.402298272738388,-0.564995326369708,0.967293599130209,-0.272519361273672,-0.278093012299325,0.550612373432816
1.6595,-0.258967423119455,-0.681732219489576,0.94069964264311,-0.194299671206369,-0.348921645311878,0.543221316403106
1.66,-0.109259932441917,-0.781682606475475,0.890942538962595,-0.111295679477661,-0.41115866985214,0.522454349242536
1.6605,0.0431378993901387,-0.86238536980201,0.819247470467086,-0.0255512171175208,-0.463271603797072,0.488822820857351
1.661,0.194473530945939,-0.921853345380638,0.727379814498565,0.0608223994916451,-0.503977252252881,0.443154852735428
1.6615,0.341020582954752,-0.958622232327887,0.617601649444081,0.145698367555252,-0.532273309479634,0.386574941930643
1.662,0.479170571759586,-0.971786656000809,0.492616084317501,0.226986758516485,-0.547463030291416,0.320476271813107
1.6625,0.605521794056885,-0.96102247070038,0.355500676723228,0.302685980975717,-0.549172394679603,0.246486413773037
1.663,0.716963059649097,-0.926594719297541,0.209631659729668,0.370932071652588,-0.537359312636401,0.166427241082236
1.6635,0.810750312862794,-0.869351132508777,0.0586008197266983,0.430044582260936,-0.512314659784898,0.0822700776492329
1.664,0.884574206956399,-0.790701236170604,-0.0938729707075764,0.478567968646722,-0.47465512102182,-0.00391284747586732
1.6645,0.936616943864535,-0.692581648567463,-0.244035295223277,0.515307423769302,-0.425307996973213,-0.08999942662696
1.665,0.965597065998557,-0.577408405888711,-0.388188660042291,0.539358298651157,-0.365488378701068,-0.17386991976503
1.6655,0.970800983667888,-0.448017448758908,-0.522783534849326,0.550128383796536,-0.296669224184049,-0.253459159416054
1.666,0.952100556508409,-0.307594816593193,-0.644505739864934,0.547352481063875,-0.220545087609368,-0.326807393251539
1.6665,0.909956258172727,-0.159598180074423,-0.750358078058632,0.531098944158958,-0.138990400268077,-0.392108543686375
1.667,0.845405812540376,-0.00767170386336148,-0.83773410864893,0.501767989172271,-0.0540133071838654,-0.447754681787396
1.6675,0.760038672480972,0.144443671547403,-0.904482344012569,0.460081839696154,0.0322937727307602,-0.492375612234352
1.668,0.655956858253124,0.293002367318174,-0.948959225568159,0.407066949969339,0.117805672068146,-0.524872621858112
1.6685,0.535723206190298,0.434346371305955,-0.970069577505859,0.344028719780788,0.20041680597316,-0.54444552559218
1.669,0.402298275205601,0.564995324925347,-0.967293600153063,0.272519361059079,0.278093011791992,-0.550612372710889
1.6695,0.258967421544854,0.681732221500537,-0.940699643079469,0.194299671895827,0.348921645414781,-0.543221317195467
1.67,0.109259932496137,0.78168260471402,-0.890942537255359,0.111295678595503,0.41115867019178,-0.522454348700017
1.6705,-0.0431378979148997,0.86238537060539,-0.819247472745704,0.0255512178348445,0.463271603155645,-0.488822820933248
1.671,-0.194473533342565,0.921853345851398,-0.727379812572699,-0.0608223997561134,0.503977252934767,-0.443154853152846
1.6715,-0.341020580611431,0.958622230783646,-0.617601650243162,-0.14569836784653,0.532273309032742,-0.386574941192473
1.672,-0.479170573104624,0.971786657986459,-0.492616084958115,-0.226986757791659,0.547463030324992,-0.320476272571509
1.6725,-0.605521794244392,0.961022469078159,-0.355500674913499,-0.302685981838007,0.549172395069412,-0.246486413300556
1.673,-0.716963058017598,0.926594719904896,-0.209631661968522,-0.370932071001889,0.537359311984045,-0.166427241080578
1.6735,-0.810750315267889,0.869351133152787,-0.0586008179656119,-0.430044582439297,0.512314660434396,-0.0822700781203693
1.674,-0.884574204754571,0.790701234545595,0.0938729701307578,-0.478567969008683,0.474655120637202,0.00391284822244705
1.6745,-0.936616944976464,0.692581650509592,0.244035294393077,-0.515307423017603,0.425307996940005,0.0899994259084684
1.675,-0.965597066415968,0.577408404415696,0.388188661932716,-0.539358299486035,0.365488379135187,0.173869920165789
1.6755,-0.970800981902421,0.448017449172461,0.522783532670307,-0.550128383216016,0.296669223527543,0.253459159492041
1.676,-0.952100558898295,0.307594817397035,0.644505741450978,-0.547352481157963,0.220545088221518,0.326807392733477
1.6765,-0.909956256127894,0.159598178387751,0.750358077700472,-0.531098944585168,0.138990399946886,0.392108544433776
1.677,-0.845405813418059,0.00767170574493303,0.837734107645042,-0.501767988402101,0.0540133070869605,0.447754681114132
1.6775,-0.76003867311472,-0.1444436728631,0.904482345962013,-0.460081840496659,-0.0322937722583756,0.492375612562471
1.678,-0.655956856376358,-0.293002367094415,0.948959223467634,-0.407066949461726,-0.117805672722262,0.524872622004614
1.6785,-0.535723208542423,-0.434346370356693,0.970069578908721,-0.344028719793179,-0.20041680540275,0.544445525034159
1.679,-0.402298273331099,-0.564995326654771,0.967293600007984,-0.272519361542743,-0.278093012049265,0.550612373451827
1.6795,-0.258967422189474,-0.681732219695268,0.94069964191882,-0.194299671115422,-0.348921645571807,0.543221316572088
1.68,-0.109259933331122,-0.781682605866148,0.890942539242473,-0.11129567935529,-0.411158669687295,0.52245434895532
1.6805,0.0431378998801538,-0.862385370565737,0.819247470740798,-0.025551217402042,-0.463271603801125,0.488822821145926
1.681,0.194473531049452,-0.921853344771941,0.727379813786355,0.0608223998221598,-0.503977252409901,0.443154852561933
1.6815,0.34102058230447,-0.958622232537276,0.617601650303752,0.14569836731248,-0.532273309226247,0.386574941920028
1.682,0.479170572689673,-0.971786656271845,0.492616083658451,0.226986758574306,-0.547463030538128,0.320476272001997
1.6825,0.605521793224598,-0.961022470062314,0.355500676917448,0.30268598112462,-0.549172394539048,0.246486413483579
1.683,0.716963060048615,-0.926594720042116,0.209631660074724,0.370932071358779,-0.537359312614986,0.16642724135463
1.6835,0.810750313053589,-0.869351131958995,0.0586008189861202,0.430044582579893,-0.51231465995828,0.0822700775036578
1.684,0.884574206257237,-0.79070123630542,-0.0938729698735979,0.478567968431514,-0.474655120767702,-0.00391284751477694
1.6845,0.936616944785703,-0.692581648898511,-0.244035295813395,0.515307423794807,-0.42530799720486,-0.0899994264208176
1.685,0.965597065228905,-0.577408405229282,-0.388188659932067,0.539358298824048,-0.365488378585161,-0.173869920053828
1.6855,0.97080098397678,-0.448017449477901,-0.522783534439226,0.550128383496673,-0.296669224138427,-0.253459159161814
1.686,0.952100556781023,-0.307594816105221,-0.644505740625521,0.547352481368659,-0.220545087796753,-0.326807393368938
1.6865,0.90995625743349,-0.159598180136446,-0.750358077257373,0.531098943972262,-0.138990400015724,-0.392108543752032
1.687,0.845405813444057,-0.00767170424872721,-0.837734109167245,0.501767989166551,-0.0540133073988259,-0.447754681566715
1.6875,0.760038671778827,0.144443672220912,-0.904482343983932,0.460081839890364,0.0322937728219155,-0.492375612519718
1.688,0.655956858472144,0.29300236663068,-0.948959225099685,0.407066949666582,0.117805672136531,-0.52487262162374
1.6885,0.5357232065387,0.434346371729944,-0.970069578278251,0.34402872006903,0.200416805774169,-0.544445525681429
1.689,0.402298274435118,0.564995324933707,-0.967293599390941,0.272519360901524,0.278093012040206,-0.550612372801549
1.6895,0.258967422423008,0.681732221066841,-0.940699643523926,0.194299671860229,0.348921645217902,-0.54322131696299
1.69,0.109259931865516,0.781682605394495,-0.890942537305212,0.111295678808265,0.411158670258323,-0.522454348979323
1.6905,-0.0431378977841555,0.862385369954757,-0.819247472225815,0.0255512175322494,0.463271603245187,-0.488822820720195
1.691,-0.194473532924891,0.921853346209938,-0.727379813348914,-0.0608223994865259,0.50397725272658,-0.443154853214247
1.6915,-0.341020581404394,0.958622230859395,-0.617601649525948,-0.14569836797462,0.53227330927458,-0.386574941306222
1.692,-0.479170572259458,0.971786657510639,-0.49261608532746,-0.226986757855553,0.547463030147356,-0.320476272329979
1.6925,-0.605521794800333,0.96102246975871,-0.355500675038109,-0.302685981609523,0.549172395111717,-0.246486413571345
1.693,-0.716963057972744,0.926594719295911,-0.20963166140439,-0.370932071301394,0.537359312092999,-0.166427240890028
1.6935,-0.810750314787861,0.86935113344511,-0.0586008187379633,-0.430044582190207,0.512314660219412,-0.0822700781544774
1.694,-0.884574205561392,0.790701234685208,0.093872970797965,-0.478567969107287,0.474655120870583,0.00391284808766835
1.6945,-0.93661694417112,0.692581649998006,0.244035294099317,-0.515307423108001,0.425307996782538,0.0899994261563338
1.695,-0.965597066894927,0.577408405089719,0.388188661737651,-0.539358299244697,0.365488379153846,0.173869919905791
1.6955,-0.970800981940339,0.448017448609306,0.52278353327138,-0.550128383509654,0.29666922365405,0.253459159659171
1.696,-0.95210055836315,0.307594817623047,0.644505740689822,-0.547352480930937,0.220545088002105,0.326807392725863
1.6965,-0.909956256940173,0.159598178587231,0.75035807831327,-0.531098944654549,0.138990400169897,0.392108544280145
1.697,-0.8454058126587,0.00767170520402474,0.83773410742659,-0.501767988517032,0.0540133069503552,0.447754681365666
1.6975,-0.760038673515238,-0.144443672201872,0.904482345701303,-0.460081840245339,-0.0322937722625643,0.49237561231534
1.698,-0.655956856493253,-0.293002367608174,0.948959224098287,-0.40706694974689,-0.117805672580156,0.524872622147672
1.6985,-0.535723207959634,-0.434346370196441,0.970069578165681,-0.344028719589506,-0.200416805624279,0.544445525052016
1.699,-0.402298274140731,-0.564995326399836,0.967293600562682,-0.272519361583437,-0.278093011838358,0.550612373281614
1.6995,-0.25896742148156,-0.681732220259038,0.940699641774676,-0.194299671252753,-0.348921645687088,0.5432213168247
1.7,-0.109259933652561,-0.781682605223599,0.890942538921362,-0.11129567909684,-0.411158669713345,0.522454348722919
1.7005,0.0431378996886843,-0.862385371027162,0.819247471393691,-0.0255512176763188,-0.463271603645444,0.488822821264521
1.701,0.194473531672262,-0.921853344676282,0.727379813067886,0.0608224000014704,-0.503977252631313,0.443154852604033
1.7015,0.341020581505228,-0.958622232231655,0.617601650797373,0.145698367299679,-0.53227330902899,0.386574941735571
1.702,0.479170573341403,-0.971786656852063,0.492616083586939,0.226986758416833,-0.54746303063185,0.320476272253192
1.7025,0.605521792982083,-0.961022469443903,0.355500676541552,0.302685981387398,-0.549172394585803,0.246486413267554
1.703,0.716963059787515,-0.926594720448896,0.209631660742604,0.3709320710976,-0.537359312447801,0.166427241448624
1.7035,0.810750313708722,-0.869351131926182,0.0586008182981757,0.430044582734111,-0.51231466017743,0.0822700775685894
1.704,0.884574205475707,-0.790701235954175,-0.0938729694433131,0.478567968445577,-0.474655120585443,-0.00391284771109974
1.7045,0.936616945377253,-0.692581649488868,-0.244035295814588,0.515307423619554,-0.425307997277007,-0.089999426173418
1.705,0.9655970650644,-0.57740840464001,-0.388188660356835,0.539358299088427,-0.365488378651309,-0.17386992025206
1.7055,0.970800983651464,-0.448017449828353,-0.522783533763458,0.550128383250583,-0.296669223961837,-0.253459159092314
1.706,0.952100557460786,-0.307594816132972,-0.644505741277532,0.547352481497326,-0.220545088011609,-0.32680739328275
1.7065,0.90995625667652,-0.159598179744872,-0.750358076891976,0.53109894401194,-0.138990399849609,-0.392108543957825
1.707,0.845405813972181,-0.00767170484307748,-0.837734109101018,0.501767988975952,-0.0540133074495899,-0.447754681325354
1.7075,0.760038671690698,0.144443672776537,-0.90448234445143,0.460081840153713,0.0322937727378183,-0.49237561269897
1.708,0.655956858088425,0.293002366337624,-0.94895922442291,0.407066949437344,0.117805672320424,-0.524872621578395
1.7085,0.53572320723548,0.434346371644405,-0.970069578889492,0.344028720171956,0.200416805565512,-0.5444455255757
1.709,0.402298273709034,0.564995325360143,-0.967293599091291,0.272519360965372,0.278093012189233,-0.550612373014424
1.7095,0.258967422885207,0.681732220474427,-0.940699643393712,0.19429967165677,0.348921645188128,-0.543221316729757
1.71,0.109259931851458,0.781682605912476,-0.890942537809135,0.111295679068073,0.411158670157835,-0.522454349138643
1.7105,-0.0431378982201386,0.862385369719565,-0.81924747155464,0.0255512173213887,0.463271603434297,-0.488822820698445
1.711,-0.194473532218557,0.921853346069832,-0.727379813915142,-0.0608223994092734,0.503977252525891,-0.44315485309081
1.7115,-0.341020582093828,0.958622231315112,-0.617601649292231,-0.145698367888222,0.532273309405781,-0.386574941523821
1.712,-0.479170571864938,0.971786656925829,-0.49261608513717,-0.226986758069368,0.547463030137992,-0.3204762721068
1.7125,-0.60552179474325,0.961022470235581,-0.355500675572063,-0.302685981355631,0.549172394996491,-0.246486413710011
1.713,-0.716963058454598,0.926594719118468,-0.209631660745093,-0.370932071492592,0.537359312285277,-0.166427240891107
1.7135,-0.810750314079219,0.869351133254055,-0.0586008192555511,-0.430044582138315,0.512314660028308,-0.082270078015264
1.714,-0.884574206209006,0.790701235164575,0.0938729709662122,-0.47856796900011,0.474655120983424,0.0039128478676509
1.7145,-0.936616943845304,0.692581649426157,0.24403529434535,-0.515307423329668,0.42530799679283,0.0899994263677087
1.715,-0.9655970667702,0.577408405522556,0.388188661180089,-0.539358298998938,0.365488379025611,0.173869919788268
1.7155,-0.970800982461492,0.448017448488943,0.522783533912896,-0.550128383680149,0.296669223847499,0.253459159636218
1.716,-0.952100557659169,0.307594817385006,0.644505740223883,-0.547352480903859,0.220545087822041,0.326807392878849
1.7165,-0.909956257541416,0.15959817908462,0.750358078417124,-0.531098944528492,0.138990400264042,0.392108544059943
1.717,-0.845405812401904,0.007671704650146,0.837734107723672,-0.501767988744076,0.0540133069793901,0.447754681563676
1.7175,-0.760038673326879,-0.144443671815446,0.904482345126518,-0.46008184000976,-0.0322937724020272,0.492375612219224
1.718,-0.655956857047024,-0.293002367672651,0.948959224716537,-0.407066949895886,-0.117805672387462,0.524872622103973
1.7185,-0.535723207266949,-0.434346370477216,0.970069577753772,-0.344028719586477,-0.200416805792013,0.544445525216722
1.719,-0.402298274691691,-0.564995325889996,0.967293600603802,-0.272519361440505,-0.278093011763048,0.550612373063372
1.7195,-0.258967421293421,-0.681732220790317,0.940699642117815,-0.19429967148275,-0.348921645640368,0.543221317007977
1.72,-0.109259933405029,-0.78168260488541,0.890942538335642,-0.111295678873305,-0.411158669862218,0.522454348648258
1.7205,0.0431378991090172,-0.862385371037442,0.819247471983639,-0.0255512178032592,-0.463271603455342,0.488822821201359
1.721,0.194473532347399,-0.921853344995297,0.727379812711765,0.0608223999814149,-0.503977252785599,0.443154852778376
1.7215,0.341020581007814,-0.958622231714825,0.617601650777957,0.145698367457402,-0.532273308972466,0.386574941521325
1.722,0.479170573461905,-0.971786657356524,0.492616083970898,0.226986758186237,-0.54746303056863,0.320476272420569
1.7225,0.605521793283938,-0.961022469155235,0.35550067595103,0.30268598159722,-0.549172394742253,0.246486413214184
1.723,0.716963059188646,-0.926594720407122,0.2096316612997,0.370932070993033,-0.537359312262027,0.166427241367417
1.7235,0.810750314360488,-0.869351132278762,0.0586008179989893,0.430044582692122,-0.512314660317329,0.0822700777504786
1.724,0.884574205034449,-0.790701235435657,-0.0938729695205735,0.478567968615948,-0.474655120547475,-0.00391284791943851
1.7245,0.936616945431747,-0.692581649962729,-0.244035295395222,0.515307423390619,-0.425307997198583,-0.0899994260229073
1.725,0.965597065415401,-0.577408404401614,-0.388188660946231,0.539358299283067,-0.365488378813504,-0.173869920284504
1.7255,0.970800983039996,-0.448017449737084,-0.522783533243259,0.550128383168478,-0.296669223782014,-0.253459159190032
1.726,0.952100558083827,-0.307594816514307,-0.644505741519239,0.547352481434718,-0.22054508813636,-0.32680739309539
1.7265,0.909956256293372,-0.159598179229765,-0.750358077023936,0.531098944192784,-0.138990399829798,-0.39210854415848
1.727,0.84540581396287,-0.00767170528300732,-0.837734108651778,0.501767988750831,-0.0540133073573516,-0.447754681192471
1.7275,0.760038672085406,0.144443672964431,-0.904482345034031,0.460081840331913,0.032293772571688,-0.492375612711039
1.728,0.655956857470812,0.293002366475452,-0.948959223943126,0.407066949377567,0.117805672492798,-0.524872621690992
1.7285,0.535723207824943,0.434346371239205,-0.970069579073753,0.34402872009019,0.200416805456493,-0.544445525384914
1.729,0.402298273385308,0.564995325866984,-0.967293599274406,0.272519361154501,0.278093012191446,-0.550612373205766
1.7295,0.258967422814825,0.68173222007129,-0.940699642920192,0.194299671437488,0.348921645292714,-0.543221316615061
1.73,0.109259932284236,0.781682606050134,-0.890942538379571,0.111295679228783,0.411158669989545,-0.522454349131063
1.7305,-0.0431378988376533,0.86238536990069,-0.819247471118252,0.0255512172835961,0.463271603597859,-0.488822820824213
1.731,-0.194473531667001,0.921853345645683,-0.727379814042549,-0.0608223995086115,0.50397725243301,-0.44315485289859
1.7315,-0.341020582357451,0.958622231809113,-0.617601649522608,-0.145698367692986,0.532273309391105,-0.38657494170438
1.732,-0.479170571993183,0.971786656561873,-0.492616084644968,-0.226986758280924,0.5474630302534,-0.320476272010651
1.7325,-0.605521794278176,0.961022470323747,-0.355500676125304,-0.302685981213244,0.549172394827762,-0.246486413683669
1.733,-0.716963059066029,0.926594719339341,-0.209631660354536,-0.370932071508945,0.537359312438803,-0.166427241028282
1.7335,-0.810750313569352,0.869351132815857,-0.0586008193272209,-0.430044582253534,0.512314659951797,-0.0822700778235344
1.734,-0.884574206412457,0.790701235641474,0.0938729706927634,-0.478567968800913,0.474655120952698,0.00391284769917973
1.7345,-0.936616944027773,0.69258164910329,0.244035294850687,-0.515307423531769,0.425307996917493,0.0899994264451459
1.735,-0.965597066278679,0.577408405562424,0.388188660648698,-0.539358298875497,0.365488378858098,0.17386991983234
1.7355,-0.970800983061158,0.448017448745776,0.522783534255729,-0.550128383675789,0.296669223989917,0.25345915948944
1.736,-0.952100557194209,0.307594816937589,0.644505740206339,-0.547352481033184,0.220545087761966,0.32680739306825
1.7365,-0.909956257685213,0.159598179540502,0.750358078105039,-0.53109894432743,0.138990400218229,0.392108543904694
1.737,-0.845405812634583,0.00767170436979904,0.837734108236699,-0.50176798893515,0.0540133071117154,0.447754681622425
1.7375,-0.76003867281477,-0.144443671822264,0.904482344621226,-0.460081839905679,-0.0322937725667495,0.492375612279866
1.738,-0.655956857629597,-0.293002367383837,0.948959225010296,-0.407066949871713,-0.117805672257073,0.524872621949413
1.7385,-0.535723206849548,-0.434346370929128,0.970069577788283,-0.34402871972807,-0.20041680583575,0.544445525402052
1.739,-0.402298274776907,-0.564995325458685,0.967293600257707,-0.272519361239606,-0.278093011822879,0.550612372922304
1.7395,-0.258967421571974,-0.681732221027184,0.940699642633236,-0.194299671661401,-0.348921645501981,0.543221317048242
1.74,-0.109259932878153,-0.781682604936915,0.89094253786027,-0.111295678788792,-0.411158670022668,0.522454348724194
1.7405,0.0431378985484805,-0.862385370720773,0.819247472227506,-0.0255512177603286,-0.46327160333775,0.488822821040837
1.741,0.19447353271516,-0.921853345447137,0.727379812795843,0.0608223998294349,-0.503977252813251,0.443154852958008
1.7415,0.341020580979581,-0.958622231311251,0.617601650402616,0.145698367656197,-0.532273309045154,0.386574941395218
1.742,0.479170573142078,-0.971786657549415,0.492616084483616,0.226986758021227,-0.547463030425774,0.320476272442723
1.7425,0.605521793819859,-0.961022469249078,0.355500675508951,0.302685981662155,-0.549172394897049,0.246486413304046
1.743,0.71696305865467,-0.926594720066821,0.209631661493374,0.370932071053529,-0.537359312157843,0.166427241202737
1.7435,0.810750314677098,-0.86935113272615,0.0586008181297664,0.430044582531659,-0.512314660329292,0.0822700779229048
1.744,0.884574205061113,-0.790701235062586,-0.0938729699203079,0.478567968810797,-0.474655120631783,-0.00391284802997952
1.7445,0.936616945075456,-0.692581650111591,-0.244035294890069,0.515307423240287,-0.425307997052829,-0.0899994260183288
1.745,0.965597065954795,-0.577408404535132,-0.388188661352107,0.539358299328605,-0.365488378961381,-0.173869920182165
1.7455,0.970800982536662,-0.448017449377431,-0.522783533099577,0.550128383245225,-0.296669223691694,-0.253459159357099
1.746,0.952100558348331,-0.307594816953085,-0.644505741344964,0.54735248126768,-0.220545088133168,-0.326807392931544
1.7465,0.909956256372404,-0.159598178889555,-0.750358077443178,0.531098944381961,-0.138990399924427,-0.392108544253027
1.747,0.845405813575081,-0.00767170538821938,-0.837734108158777,0.501767988616027,-0.0540133072102332,-0.447754681204785
1.7475,0.760038672622898,0.144443672794174,-0.904482345401265,0.460081840358415,0.0322937724318787,-0.492375612597731
1.748,0.655956857001733,0.293002366850168,-0.948959223848762,0.407066949469149,0.117805672568953,-0.524872621858728
1.7485,0.535723208036932,0.434346370812933,-0.970069578859471,0.344028719918469,0.200416805474182,-0.544445525230882
1.749,0.402298273513772,0.564995326172395,-0.967293599708281,0.272519361336405,0.278093012087841,-0.550612373284065
1.7495,0.258967422400602,0.681732220008941,-0.940699642443622,0.194299671318877,0.348921645439713,-0.543221316643449
1.75,0.109259932814689,0.78168260584631,-0.890942538706202,0.11129567923678,0.411158669858825,-0.52245434900834
1.7505,-0.0431378992693453,0.86238537028621,-0.81924747107208,0.0255512173885096,0.463271603659695,-0.488822820990964
1.751,-0.194473531507408,0.921853345235537,-0.727379813791995,-0.0608223996831557,0.503977252464423,-0.44315485275546
1.7515,-0.341020582182846,0.958622232078202,-0.617601649966303,-0.145698367519817,0.532273309279899,-0.386574941766343
1.752,-0.479170572428727,0.971786656541219,-0.49261608418877,-0.226986758382862,0.547463030398859,-0.320476272054173
1.7525,-0.605521793759614,0.961022470089724,-0.355500676409843,-0.302685981223064,0.549172394707024,-0.246486413553111
1.753,-0.716963059457693,0.926594719731479,-0.20963166035501,-0.370932071392268,0.537359312486315,-0.16642724119247
1.7535,-0.810750313461536,0.869351132425146,-0.0586008190443247,-0.430044582429092,0.512314659996063,-0.0822700776922427
1.754,-0.884574206195314,0.790701235873137,0.0938729702439594,-0.478567968637798,0.474655120835285,0.00391284765347758
1.7545,-0.936616944479531,0.692581649122805,0.24403529528293,-0.515307423616734,0.425307997060065,0.08999942638754
1.755,-0.965597065776545,0.577408405301721,0.388188660407268,-0.539358298902302,0.3654883787481,0.173869919969143
1.7555,-0.970800983410653,0.448017449140455,0.522783534210545,-0.550128383548969,0.296669224023236,0.253459159329301
1.756,-0.952100557137072,0.307594816569298,0.644505740517493,-0.547352481208011,0.220545087818123,0.326807393186919
1.7565,-0.909956257429399,0.159598179734038,0.750358077655691,-0.531098944175535,0.138990400096006,0.392108543875023
1.757,-0.845405813097502,0.00767170442763154,0.837734108641786,-0.501767989003022,0.0540133072501368,0.447754681551876
1.7575,-0.760038672333256,-0.144443672106014,0.904482344423463,-0.460081839948505,-0.0322937726653855,0.492375612421327
1.758,-0.655956857935279,-0.293002366990551,0.948959224922691,-0.407066949736399,-0.117805672237683,0.524872621794708
1.7585,-0.535723206841548,-0.434346371272354,0.970069578123508,-0.344028719900501,-0.200416805768739,0.54444552550747
1.759,-0.402298274486504,-0.564995325303576,0.967293599812194,-0.27251936109994,-0.278093011948529,0.550612372908287
1.7595,-0.258967422041102,-0.681732220933182,0.940699643008362,-0.19429967171223,-0.348921645368881,0.54322131696597
1.76,-0.109259932421076,-0.781682605240006,0.890942537706285,-0.111295678846561,-0.411158670109455,0.52245434886875
1.7605,0.0431378982877649,-0.862385370332637,0.819247472100086,-0.0255512176181847,-0.4632716033319,0.488822820892843
1.761,0.194473532675981,-0.921853345763005,0.727379813150891,0.0608223996609747,-0.503977252736484,0.4431548530497
1.7615,0.341020581300324,-0.95862223119448,0.617601649965103,0.145698367782785,-0.53227330917287,0.386574941396345
1.762,0.479170572671548,-0.971786657421651,0.492616084826382,0.226986757987231,-0.547463030299066,0.320476272350011
1.7625,0.605521794249077,-0.96102246956777,0.355500675398425,0.302685981590622,-0.549172394971637,0.246486413450165
1.763,0.716963058439588,-0.926594719687386,0.209631661329022,0.370932071200841,-0.53735931216503,0.166427241062612
1.7635,0.810750314593071,-0.86935113301273,0.0586008185003736,0.430044582368638,-0.512314660243919,0.0822700780005514
1.764,0.88457420540783,-0.790701234983701,-0.0938729703459103,0.478567968923622,-0.47465512076024,-0.00391284801434705
1.7645,0.936616944608145,-0.692581649952702,-0.244035294581648,0.515307423222756,-0.425307996933477,-0.0899994261201491
1.765,0.965597066353144,-0.577408404865688,-0.3881886614199,0.539358299244572,-0.36548837902355,-0.173869920035963
1.7655,0.970800982367411,-0.448017449010018,-0.522783533297738,0.550128383396063,-0.296669223711308,-0.253459159488323
1.766,0.952100558222128,-0.30759481720881,-0.644505740963037,0.547352481111456,-0.220545088040372,-0.326807392868115
1.7665,0.909956256740656,-0.159598178847752,-0.750358077853233,0.531098944480496,-0.138990400052349,-0.392108544223641
1.767,0.845405813115391,-0.00767170520103628,-0.837734107886271,0.501767988614449,-0.0540133070990917,-0.447754681314349
1.7675,0.760038672987791,0.144443672455453,-0.904482345427437,0.460081840263214,0.0322937723822173,-0.492375612452869
1.768,0.655956856878057,0.293002367202493,-0.94895922407741,0.407066949621904,0.117805672537616,-0.524872621980146
1.7685,0.535723207871524,0.434346370589267,-0.970069578470397,0.344028719770274,0.200416805573193,-0.544445525181698
1.769,0.402298273899096,0.564995326178245,-0.967293600099456,0.272519361420288,0.278093011961673,-0.55061237324178
1.7695,0.258967421952674,0.681732220221433,-0.940699642208186,0.194299671332608,0.348921645541907,-0.543221316759374
1.77,0.109259933143973,0.781682605503044,-0.890942538692221,0.111295679131797,0.411158669821636,-0.522454348866167
1.7705,-0.0431378993481321,0.862385370620654,-0.819247471327737,0.0255512175416203,0.463271603617425,-0.488822821101803
1.771,-0.194473531708797,0.921853345044773,-0.727379813399842,-0.0608223998222155,0.503977252568432,-0.443154852720408
1.7715,-0.341020581784892,0.95862223204953,-0.617601650335583,-0.145698367450794,0.532273309156636,-0.386574941712102
1.772,-0.479170572861033,0.971786656775912,-0.492616083991157,-0.22698675835459,0.547463030491484,-0.32047627217507
1.7725,-0.60552179346766,0.961022469745434,-0.355500676357506,-0.302685981336406,0.54917239468215,-0.246486413414895
1.773,-0.716963059492685,0.926594720045537,-0.209631660634077,-0.370932071240302,0.537359312433973,-0.166427241292094
1.7735,-0.81075031369546,0.869351132267773,-0.0586008186530277,-0.430044582558046,0.512314660103853,-0.0822700776710786
1.774,-0.884574205789116,0.79070123581165,0.0938729698992478,-0.47856796858369,0.474655120716002,0.00391284771865258
1.7745,-0.93661694489267,0.692581649376502,0.244035295442372,-0.515307423574796,0.425307997142618,0.0899994262630483
1.775,-0.965597065523208,0.577408404959787,0.388188660495864,-0.539358299022558,0.365488378735273,0.173869920102225
1.7755,-0.970800983403324,0.448017449431927,0.522783533911744,-0.550128383399573,0.296669223961747,0.253459159241394
1.776,-0.952100557399918,0.307594816445459,0.644505740904177,-0.547352481326027,0.220545087928493,0.326807393194566
1.7765,-0.909956257019236,0.159598179641691,0.750358077337874,-0.53109894413625,0.138990399981696,0.392108543950048
1.777,-0.84540581348826,0.00767170469708636,0.837734108763089,-0.501767988948391,0.054013307322235,0.447754681425146
1.7775,-0.760038672119394,-0.144443672442372,0.90448234454596,-0.460081840074222,-0.0322937726665385,0.492375612548198
1.778,-0.655956857887449,-0.293002366723559,0.948959224607869,-0.407066949590917,-0.117805672307343,0.524872621718886
1.7785,-0.535723207129568,-0.434346371362845,0.970069578502018,-0.344028720006887,-0.200416805656967,0.544445525502084
1.779,-0.40229827407652,-0.56499532542461,0.967293599523244,-0.272519361075244,-0.278093012056963,0.550612372992026
1.7795,-0.258967422406613,-0.681732220651236,0.940699643091928,-0.19429967164596,-0.348921645307505,0.543221316838323
1.78,-0.109259932247131,-0.781682605567756,0.89094253786009,-0.111295678976294,-0.411158670099407,0.522454348988435
1.7805,0.043137898373952,-0.862385370091701,0.819247471772962,-0.0255512174778646,-0.463271603408718,0.488822820829341
1.781,0.194473532366623,-0.921853345820651,0.727379813517894,0.0608223995667698,-0.503977252624452,0.443154853031874
1.7815,0.341020581706161,-0.95862223134184,0.617601649706625,0.145698367793256,-0.53227330927462,0.386574941487625
1.782,0.479170572333781,-0.971786657130465,0.492616084872963,0.226986758064014,-0.547463030248563,0.320476272222725
1.7825,0.605521794383072,-0.96102246988409,0.355500675580751,0.302685981458299,-0.549172394950949,0.2464864135618
1.783,0.716963058561711,-0.926594719473765,0.209631660993278,0.370932071334851,-0.537359312247965,0.166427241011536
1.7835,0.810750314266258,-0.86935113303833,0.058600818852787,0.430044582287024,-0.512314660132724,0.0822700779709713
1.784,0.884574205805754,-0.790701235154868,-0.0938729705726683,0.478567968920354,-0.474655120854596,-0.00391284791672357
1.7845,0.936616944300253,-0.692581649655483,-0.244035294570974,0.515307423308872,-0.425307996893888,-0.0899994262458557
1.785,0.965597066447541,-0.577408405167983,-0.388188661212002,0.539358299111048,-0.365488378992863,-0.173869919933126
1.7855,0.970800982522797,-0.448017448824653,-0.52278353363849,0.550128383522725,-0.296669223799301,-0.253459159526992
1.786,0.952100557881754,-0.307594817203443,-0.644505740628029,0.547352481042702,-0.220545087931059,-0.326807392908675
1.7865,0.909956257127135,-0.159598179040079,-0.750358078047385,0.531098944464091,-0.138990400138701,-0.392108544120883
1.787,0.845405812839123,-0.00767170490091704,-0.837734107910121,0.501767988708678,-0.0540133070703476,-0.447754681437322
1.7875,0.760038673043315,0.144443672169534,-0.904482345197042,0.460081840129834,0.0322937724221926,-0.492375612359464
1.788,0.655956857063822,0.293002367358974,-0.948959224419657,0.407066949740292,0.117805672445627,-0.524872622006546
1.7885,0.535723207521449,0.434346370624267,-0.970069578155322,0.344028719714516,0.200416805679643,-0.54444552523239
1.789,0.402298274270857,0.564995325967497,-0.967293600260469,0.272519361391447,0.27809301188383,-0.550612373135097
1.7895,0.2589674217094,0.681732220521422,-0.9406996422649,0.194299671433699,0.348921645559976,-0.543221316878534
1.79,0.109259933161692,0.781682605235599,-0.890942538442494,0.111295678999849,0.411158669870126,-0.52245434878271
1.7905,-0.0431378991350458,0.862385370747928,-0.819247471668096,0.0255512176509298,0.463271603522498,-0.488822821116186
1.791,-0.194473532064773,0.92185334510784,-0.727379813106933,-0.0608223998649756,0.503977252671104,-0.44315485278032
1.7915,-0.341020581430849,0.958622231823169,-0.617601650463267,-0.145698367491276,0.532273309087706,-0.386574941602692
1.792,-0.479170573070319,0.971786657072864,-0.492616084078824,-0.226986758247901,0.547463030499144,-0.320476272289419
1.7925,-0.605521793486351,0.96102246949829,-0.355500676091672,-0.302685981465701,0.549172394738334,-0.246486413341783
1.793,-0.716963059255477,0.926594720143579,-0.209631660969326,-0.370932071140756,0.537359312337151,-0.166427241294818
1.7935,-0.810750314053642,0.869351132357133,-0.0586008183842058,-0.430044582587931,0.512314660201909,-0.0822700777392491
1.794,-0.884574205455489,0.790701235572518,0.093872969804753,-0.478567968634937,0.474655120656286,0.00391284782961677
1.7945,-0.936616945067345,0.692581649667666,0.244035295325883,-0.515307423463776,0.425307997140227,0.0899994261544204
1.795,-0.965597065576621,0.577408404734502,0.388188660774563,-0.539358299148056,0.365488378798287,0.17386992016471
1.7955,-0.970800983145292,0.448017449500995,0.522783533584644,-0.550128383310352,0.296669223864047,0.253459159249873
1.796,-0.95210055775674,0.30759481655916,0.644505741147299,-0.54735248134328,0.220545088021172,0.32680739311914
1.7965,-0.909956256708417,0.159598179392634,0.750358077276111,-0.531098944197321,0.138990399931389,0.392108544061425
1.797,-0.845405813628061,0.00767170497987489,0.8377341086201,-0.501767988834296,0.0540133073102302,0.447754681323056
1.7975,-0.760038672205576,-0.144443672644517,0.904482344834286,-0.460081840194863,-0.0322937725975897,0.49237561259989
1.798,-0.655956857611959,-0.293002366682936,0.948959224291756,-0.407066949512459,-0.117805672404938,0.524872621738023
1.7985,-0.535723207481624,-0.434346371226916,0.970069578718147,-0.344028720011863,-0.200416805570342,0.544445525420436
1.799,-0.402298273790581,-0.564995325680762,0.967293599493457,-0.272519361145139,-0.278093012097761,0.550612373102719
1.7995,-0.258967422511629,-0.681732220379218,0.940699642924924,-0.194299671530024,-0.348921645328608,0.543221316743491
1.8,-0.109259932363886,-0.78168260574576,0.890942538154849,-0.111295679091108,-0.411158670025437,0.522454349029279
1.8005,0.0431378986635059,-0.862385370078738,0.819247471470446,-0.0255512174104852,-0.463271603505265,0.488822820858508
1.801,0.194473532022548,-0.921853345664733,0.727379813706051,0.0608223995736103,-0.50397725254447,0.443154852945051
1.8015,0.341020581965478,-0.958622231602312,0.617601649707779,0.14569836771558,-0.532273309305906,0.386574941596588
1.802,0.479170572263131,-0.97178665687141,0.492616084684558,0.22698675818059,-0.547463030278184,0.320476272135769
1.8025,0.605521794238138,-0.961022470037224,0.355500675878817,0.302685981350183,-0.549172394872883,0.246486413591851
1.803,0.716963058861938,-0.926594719487444,0.20963166070673,0.370932071390957,-0.53735931234257,0.166427241050035
1.8035,0.810750313933172,-0.869351132864761,0.0586008190123034,0.430044582305126,-0.512314660059886,0.0822700778800317
1.804,0.884574206037035,-0.790701235416953,-0.0938729705418646,0.478567968835972,-0.474655120876462,-0.00391284781047559
1.8045,0.936616944263232,-0.692581649411368,-0.244035294778068,0.515307423424932,-0.425307996931386,-0.0899994263244166
1.805,0.965597066277002,-0.57740840529579,-0.388188660913656,0.539358299010402,-0.365488378911628,-0.173869919913715
1.8055,0.970800982830343,-0.448017448863739,-0.522783533906951,0.55012838356748,-0.296669223891128,-0.25345915947992
1.806,0.952100557562434,-0.307594817014638,-0.644505740497514,0.547352481071424,-0.220545087865776,-0.32680739300268
1.8065,0.909956257329298,-0.159598179301168,-0.750358077988458,0.531098944374099,-0.138990400151324,-0.392108544018269
1.807,0.845405812834695,-0.00767170467349041,-0.83773410813312,0.501767988823117,-0.0540133071150337,-0.447754681507074
1.8075,0.760038672849885,0.144443672067244,-0.904482344901322,0.460081840037326,0.0322937725056772,-0.49237561235044
1.808,0.655956857375402,0.293002367295912,-0.948959224668175,0.407066949773732,0.117805672357354,-0.524872621951712
1.8085,0.535723207218422,0.434346370825847,-0.970069578053874,0.344028719753139,0.20041680573705,-0.54444552532842
1.809,0.402298274443145,0.564995325709895,-0.967293600175155,0.272519361296951,0.27809301188019,-0.55061237303696
1.8095,0.258967421736261,0.681732220730644,-0.940699642500984,0.194299671545473,0.348921645508832,-0.543221316939165
1.81,0.109259932948195,0.781682605158762,-0.89094253815216,0.111295678916039,0.411158669954958,-0.522454348783731
1.8105,-0.0431378988226215,0.862385370662494,-0.819247471895087,0.0255512176731979,0.463271603438488,-0.488822821054444
1.811,-0.194473532349243,0.92185334531971,-0.727379813034333,-0.0608223998172354,0.503977252720406,-0.443154852877362
1.8115,-0.34102058128887,0.958622231571408,-0.617601650353484,-0.145698367589174,0.532273309092713,-0.3865749415098
1.812,-0.479170573013724,0.971786657262606,-0.492616084325161,-0.226986758139765,0.547463030442307,-0.320476272340718
1.8125,-0.605521793717015,0.961022469446598,-0.355500675809316,-0.302685981540361,0.549172394823634,-0.246486413352424
1.813,-0.716963058945274,0.926594720037529,-0.209631661173479,-0.370932071129413,0.537359312258043,-0.166427241227053
1.8135,-0.810750314317562,0.869351132576813,-0.058600818339965,-0.430044582531914,0.512314660242961,-0.0822700778363185
1.814,-0.884574205343942,0.790701235328798,0.093872969936927,-0.478567968735147,0.474655120669532,0.00391284791657978
1.8145,-0.936616944982795,0.692581649836894,0.244035295072107,-0.515307423360176,0.425307997078483,0.0899994261125639
1.815,-0.965597065821502,0.577408404707415,0.388188661046531,-0.539358299213219,0.365488378883208,0.173869920144952
1.8155,-0.970800982840228,0.448017449376209,0.522783533404366,-0.550128383309591,0.296669223790405,0.253459159322755
1.816,-0.952100557998402,0.307594816784195,0.644505741163926,-0.547352481279872,0.220545088053919,0.326807393022986
1.8165,-0.909956256627125,0.159598179158987,0.750358077428467,-0.531098944298773,0.138990399952406,0.392108544141861
1.817,-0.845405813517535,0.00767170512779614,0.837734108361654,-0.501767988736049,0.0540133072443821,0.447754681290658
1.8175,-0.760038672461712,-0.144443672647753,0.904482345093659,-0.460081840250291,-0.0322937725138546,0.492375612571584
1.818,-0.655956857314778,-0.293002366824471,0.948959224136111,-0.40706694952185,-0.117805672472626,0.524872621815103
1.8185,-0.535723207699605,-0.434346370998931,0.970069578708142,-0.344028719941985,-0.200416805545875,0.544445525326091
1.819,-0.40229827373908,-0.564995325902487,0.967293599663681,-0.2725193612468,-0.278093012069499,0.550612373176118
1.8195,-0.258967422377273,-0.681732220253156,0.940699642664508,-0.194299671437862,-0.348921645397752,0.543221316720474
1.82,-0.109259932628326,-0.781682605726102,0.890942538399632,-0.111295679136667,-0.411158669943651,0.522454348993052
1.8205,0.0431378989502457,-0.862385370234956,0.819247471339925,-0.0255512174295178,-0.463271603566589,0.488822820938865
1.821,0.194473531829383,-0.92185334543613,0.727379813670613,0.0608223996490123,-0.503977252528177,0.443154852853357
1.8215,0.341020581987922,-0.958622231810458,0.617601649893482,0.145698367614705,-0.532273309270973,0.38657494166253
1.822,0.479170572419026,-0.971786656767525,0.492616084424779,0.226986758266025,-0.547463030349817,0.320476272121967
1.8225,0.605521793968304,-0.96102246999581,0.35550067610724,0.302685981314528,-0.549172394793759,0.246486413548383
1.823,0.716963059135889,-0.926594719656224,0.209631660601559,0.370932071362867,-0.537359312397198,0.166427241132754
1.8235,0.810750313765669,-0.869351132637784,0.0586008189528289,0.430044582385092,-0.512314660051587,0.0822700777917666
1.824,0.884574206031407,-0.790701235610063,-0.0938729703431267,0.47856796873683,-0.474655120835473,-0.00391284775232207
1.8245,0.936616944438262,-0.692581649329751,-0.244035295034715,0.51530742350309,-0.425307997004711,-0.0899994263292499
1.825,0.965597066004612,-0.577408405233923,-0.388188660703132,0.539358298984586,-0.365488378835824,-0.173869919963704
1.8255,0.970800983089376,-0.448017449042921,-0.522783533986801,0.55012838353098,-0.296669223938808,-0.25345915939574
1.826,0.952100557421155,-0.307594816791421,-0.644505740579453,0.547352481154989,-0.22054508786522,-0.326807393086801
1.8265,0.909956257296814,-0.159598179477992,-0.750358077779151,0.53109894427758,-0.138990400104928,-0.392108543968145
1.827,0.845405813026373,-0.00767170461401091,-0.837734108384277,0.501767988893541,-0.0540133071892678,-0.447754681503263
1.8275,0.760038672577688,0.144443672148118,-0.904482344709999,0.460081840021192,0.0322937725775642,-0.492375612406194
1.828,0.655956857617622,0.293002367108495,-0.948959224722977,0.407066949729524,0.117805672316797,-0.524872621866947
1.8285,0.535723207103653,0.434346371043295,-0.970069578156554,0.344028719839345,0.200416805730177,-0.544445525407753
1.829,0.402298274385232,0.564995325550399,-0.967293599957746,0.272519361203881,0.278093011931321,-0.550612372995021
1.8295,0.258967421942037,0.681732220768326,-0.940699642744442,0.1942996716078,0.348921645434446,-0.543221316927105
1.83,0.109259932678823,0.781682605257073,-0.890942537981098,0.111295678909343,0.411158670022393,-0.52245434884447
1.8305,-0.043137898598868,0.862385370469001,-0.819247471925347,0.0255512176220301,0.463271603405153,-0.488822820969941
1.831,-0.194473532437486,0.921853345529519,-0.727379813155899,-0.0608223997293349,0.503977252706478,-0.443154852951335
1.8315,-0.341020581370598,0.95862223143007,-0.617601650130418,-0.145698367678033,0.532273309147885,-0.386574941476113
1.832,-0.47917057279643,0.971786657279027,-0.492616084558876,-0.226986758085805,0.547463030368496,-0.320476272320867
1.8325,-0.605521793981066,0.961022469560668,-0.355500675659336,-0.302685981537944,0.549172394886147,-0.246486413417353
1.833,-0.716963058741393,0.926594719840087,-0.209631661179919,-0.370932071186756,0.537359312231954,-0.16642724114362
1.8335,-0.810750314379523,0.869351132777263,-0.058600818478455,-0.430044582443242,0.512314660222407,-0.082270077904436
1.834,-0.884574205447707,0.790701235206237,0.0938729701632526,-0.478567968819109,0.474655120728044,0.00391284794203013
1.8345,-0.936616944756566,0.692581649832773,0.244035294849998,-0.51530742331476,0.42530799700594,0.0899994261396907
1.835,-0.965597066077892,0.577408404835489,0.388188661174847,-0.539358299202091,0.365488378940396,0.173869920076636
1.8355,-0.970800982657373,0.448017449176898,0.522783533420822,-0.550128383372299,0.296669223771516,0.253459159404352
1.836,-0.952100558034566,0.307594816973729,0.644505741010555,-0.54735248119132,0.22054508802721,0.326807392961142
1.8365,-0.909956256751008,0.159598179055615,0.750358077655721,-0.531098944377226,0.138990400013552,0.392108544159168
1.837,-0.845405813284935,0.00767170510402504,0.837734108152825,-0.501767988699264,0.0540133071737581,0.447754681324496
1.8375,-0.76003867270827,-0.1444436725075,0.904482345199963,-0.460081840230919,-0.0322937724623261,0.492375612500683
1.838,-0.655956857153855,-0.29300236702364,0.948959224174356,-0.407066949589091,-0.117805672484431,0.524872621894148
1.8385,-0.535723207710689,-0.434346370821699,0.970069578541994,-0.344028719854407,-0.200416805578222,0.544445525270861
1.839,-0.402298273881045,-0.564995325986462,0.967293599889622,-0.27251936131921,-0.278093012006422,0.550612373185451
1.8395,-0.258967422140824,-0.681732220295533,0.940699642470435,-0.194299671409707,-0.348921645465852,0.543221316760418
1.84,-0.109259932863068,-0.781682605575534,0.890942538483804,-0.111295679109581,-0.411158669898048,0.522454348920363
1.8405,0.0431378990885852,-0.862385370432058,0.819247471398687,-0.0255512175004527,-0.463271603571488,0.488822821014698
1.841,0.194473531842448,-0.921853345272409,0.727379813493827,0.0608223997348072,-0.503977252565617,0.443154852805002
1.8415,0.341020581829999,-0.958622231875025,0.617601650115972,0.145698367548789,-0.532273309206656,0.386574941664128
1.842,0.479170572656873,-0.971786656827329,0.492616084246734,0.226986758285635,-0.547463030414836,0.320476272167377
1.8425,0.605521793747165,-0.961022469836813,0.35550067616938,0.302685981348746,-0.549172394754278,0.246486413474682
1.843,0.716963059251237,-0.926594719849432,0.209631660679418,0.37093207128908,-0.537359312395429,0.166427241204772
1.8435,0.810750313801758,-0.869351132488604,0.0586008187675616,0.430044582468345,-0.512314660093546,0.0822700777504727
1.844,0.884574205859718,-0.790701235655397,-0.0938729701261019,0.478567968677779,-0.474655120770591,-0.00391284775815336
1.8445,0.936616944675143,-0.692581649405678,-0.244035295195669,0.515307423514316,-0.425307997066146,-0.0899994262790418
1.845,0.965597065798661,-0.577408405068389,-0.388188660662715,0.539358299025309,-0.365488378802593,-0.173869920037657
1.8455,0.970800983181566,-0.448017449230523,-0.52278353389139,0.550128383455173,-0.296669223930665,-0.253459159328077
1.846,0.952100557478963,-0.307594816657627,-0.644505740771055,0.547352481234999,-0.220545087911104,-0.326807393120926
1.8465,0.909956257113593,-0.159598179504452,-0.750358077569471,0.531098944225682,-0.138990400040134,-0.392108543981042
1.847,0.845405813260028,-0.00767170470465769,-0.837734108527286,0.501767988896623,-0.0540133072466717,-0.447754681448942
1.8475,0.760038672388292,0.144443672318313,-0.904482344690798,0.460081840067756,0.0322937726044798,-0.492375612479673
1.848,0.655956857686719,0.293002366928088,-0.948959224611666,0.407066949652517,0.117805672330973,-0.524872621804116
1.8485,0.535723207181721,0.434346371161043,-0.970069578352369,0.344028719915469,0.200416805680976,-0.544445525434676
1.849,0.402298274192736,0.56499532554229,-0.967293599757141,0.272519361159345,0.278093011995402,-0.550612373014567
1.8495,0.258967422170335,0.681732220664447,-0.940699642868861,0.194299671603045,0.348921645381463,-0.543221316869368
1.85,0.109259932507133,0.781682605430085,-0.890942537982421,0.111295678961055,0.411158670042993,-0.522454348916783
1.8505,-0.0431378985525796,0.86238537029724,-0.819247471799875,0.0255512175446199,0.463271603424973,-0.488822820912351
1.851,-0.194473532340753,0.921853345630741,-0.727379813353853,-0.0608223996576744,0.503977252654575,-0.443154852971092
1.8515,-0.341020581570121,0.958622231439632,-0.617601649940457,-0.145698367715081,0.532273309210662,-0.386574941501842
1.852,-0.479170572575482,0.971786657163471,-0.492616084664268,-0.226986758098026,0.547463030320266,-0.320476272260416
1.8525,-0.605521794134115,0.961022469734704,-0.355500675680321,-0.3026859814818,0.549172394900494,-0.246486413487845
1.853,-0.716963058717418,0.926594719678281,-0.209631661042087,-0.370932071263802,0.537359312256992,-0.166427241091613
1.8535,-0.810750314265836,0.869351132861662,-0.0586008186765412,-0.430044582376554,0.512314660168415,-0.0822700779171322
1.854,-0.884574205652028,0.790701235232644,0.0938729703411654,-0.478567968848619,0.474655120788961,0.00391284791062296
1.8545,-0.936616944544808,0.692581649707146,0.244035294763867,-0.51530742333402,0.425307996962733,0.0899994262021582
1.855,-0.96559706621159,0.577408405008816,0.388188661135218,-0.539358299142242,0.36548837894861,0.173869920008572
1.8555,-0.97080098265502,0.448017449026203,0.522783533569164,-0.550128383448249,0.296669223801313,0.253459159450504
1.856,-0.95210055790573,0.307594817041183,0.644505740814266,-0.547352481130047,0.220545087971742,0.326807392955337
1.8565,-0.909956256957948,0.159598179097915,0.750358077820361,-0.531098944399224,0.138990400072095,0.392108544122622
1.857,-0.84540581308404,0.00767170496996078,0.837734108085994,-0.501767988725085,0.054013307135785,0.44775468138829
1.8575,-0.760038672822119,-0.144443672336533,0.904482345142846,-0.460081840168099,-0.0322937724600712,0.492375612435608
1.858,-0.655956857172253,-0.293002367162221,0.948959224331335,-0.407066949663254,-0.117805672450359,0.524872621934239
1.8585,-0.535723207568581,-0.434346370771142,0.970069578349329,-0.344028719798919,-0.200416805634569,0.54444552527172
1.859,-0.402298274088488,-0.564995325929338,0.96729360003994,-0.272519361333794,-0.278093011950722,0.550612373144335
1.8595,-0.258967421952291,-0.681732220436385,0.940699642422754,-0.194299671441567,-0.348921645498439,0.543221316824865
1.86,-0.109259932956786,-0.781682605408486,0.890942538410476,-0.111295679044522,-0.411158669901527,0.522454348858784
1.8605,0.0431378990504756,-0.862385370557683,0.819247471562422,-0.025551217572182,-0.463271603533649,0.48882282104859
1.861,0.194473531995901,-0.921853345238542,0.727379813306507,0.0608223997842113,-0.503977252622259,0.44315485281224
1.8615,0.341020581624086,-0.958622231804243,0.617601650251104,0.145698367541455,-0.532273309154222,0.386574941619028
1.862,0.479170572831728,-0.971786656973321,0.492616084217871,0.226986758248294,-0.547463030441944,0.320476272231825
1.8625,0.605521793673654,-0.961022469675145,0.355500676081223,0.302685981415319,-0.54917239476322,0.246486413417052
1.863,0.716963059194599,-0.926594719961418,0.209631660848042,0.370932071220378,-0.537359312354348,0.166427241232392
1.8635,0.810750313964598,-0.869351132471064,0.0586008185871802,0.430044582511438,-0.512314660149922,0.0822700777637545
1.864,0.884574205657268,-0.790701235572211,-0.0938729700068391,0.478567968677465,-0.474655120721796,-0.00391284780663403
1.8645,0.936616944835188,-0.692581649555182,-0.244035295206211,0.515307423472085,-0.425307997087738,-0.0899994262152186
1.865,0.965597065745234,-0.577408404913445,-0.388188660764232,0.53935829909269,-0.365488378816687,-0.173869920090944
1.8655,0.970800983107717,-0.448017449328348,-0.522783533719715,0.55012838339004,-0.296669223886872,-0.253459159306737
1.866,0.952100557649222,-0.307594816655907,-0.644505740943033,0.547352481271624,-0.220545087966677,-0.326807393101979
1.8665,0.909956256916429,-0.15959817941018,-0.750358077466578,0.531098944232101,-0.1389903999953,-0.392108544032294
1.867,0.845405813404325,-0.00767170485607765,-0.837734108520164,0.501767988850113,-0.0540133072627671,-0.447754681386336
1.8675,0.760038672354635,0.144443672465308,-0.904482344804136,0.460081840135256,0.0322937725855859,-0.492375612528279
1.868,0.655956857597088,0.293002366844785,-0.948959224438733,0.407066949591438,0.117805672376939,-0.524872621789003
1.8685,0.53572320735744,0.434346371147579,-0.970069578514624,0.344028719945539,0.200416805626711,-0.544445525410481
1.869,0.402298274002548,0.564995325646273,-0.967293599670936,0.272519361172155,0.278093012036002,-0.550612373067977
1.8695,0.258967422298137,0.68173222051266,-0.940699642844875,0.194299671552884,0.348921645370793,-0.543221316808537
1.87,0.109259932492755,0.781682605568035,-0.890942538105993,0.111295679028014,0.411158670019681,-0.522454348960429
1.8705,-0.0431378986564713,0.862385370228667,-0.819247471627411,0.0255512174880184,0.463271603472577,-0.488822820903353
1.871,-0.194473532161505,0.921853345602854,-0.727379813505216,-0.0608223996341799,0.50397725260209,-0.443154852942102
1.8715,-0.341020581751774,0.958622231551916,-0.617601649871088,-0.145698367696268,0.532273309246811,-0.386574941556803
1.872,-0.479170572464733,0.971786657012803,-0.492616084624348,-0.2269867581512,0.5474630303149,-0.320476272201876
1.8725,-0.605521794129874,0.961022469862645,-0.355500675812504,-0.302685981416007,0.549172394873172,-0.246486413526315
1.873,-0.71696305883397,0.926594719624494,-0.209631660871747,-0.370932071315562,0.537359312305705,-0.166427241088565
1.8735,-0.810750314084942,0.869351132820218,-0.0586008188159909,-0.430044582359591,0.512314660118147,-0.0822700778838261
1.874,-0.884574205823739,0.790701235351797,0.0938729703937243,-0.478567968824234,0.474655120820492,0.00391284785470699
1.8745,-0.936616944451481,0.692581649559012,0.244035294818673,-0.515307423389567,0.425307996962504,0.0899994262579342
1.875,-0.965597066189539,0.57740840512592,0.388188660996063,-0.539358299078207,0.365488378917709,0.173869919975439
1.8755,-0.970800982782581,0.448017448987112,0.522783533735815,-0.550128383494866,0.296669223850616,0.253459159447818
1.876,-0.952100557725013,0.307594816987147,0.644505740687585,-0.54735248111951,0.220545087924085,0.326807392992457
1.8765,-0.909956257118462,0.159598179222494,0.750358077856296,-0.531098944369734,0.138990400098894,0.392108544066334
1.877,-0.845405813008318,0.00767170482569427,0.83773410815454,-0.501767988782367,0.0540133071404824,0.447754681440875
1.8775,-0.760038672783211,-0.144443672230951,0.904482344998355,-0.46008184010637,-0.032293772494103,0.492375612407911
1.878,-0.655956857309127,-0.293002367186847,0.948959224492836,-0.407066949704488,-0.117805672400969,0.524872621926084
1.8785,-0.535723207389787,-0.434346370836727,0.97006957823612,-0.344028719794644,-0.20041680567926,0.544445525312136
1.879,-0.402298274236712,-0.564995325800763,0.967293600059589,-0.272519361299697,-0.278093011928719,0.550612373088236
1.8795,-0.25896742189418,-0.681732220575546,0.940699642503804,-0.194299671499957,-0.348921645489065,0.543221316873881
1.88,-0.109259932902096,-0.781682605314975,0.890942538262274,-0.111295678985601,-0.41115866993823,0.522454348836566
1.8805,0.0431378989059996,-0.862385370568202,0.819247471717417,-0.025551217607857,-0.463271603484654,0.48882282103527
1.881,0.194473532171117,-0.921853345314561,0.72737981320731,0.0608223997824426,-0.503977252663674,0.443154852855423
1.8815,0.34102058148908,-0.958622231673085,0.617601650254951,0.145698367579638,-0.532273309137031,0.386574941563655
1.882,0.479170572872392,-0.971786657106237,0.492616084310123,0.226986758189408,-0.547463030428177,0.320476272276945
1.8825,0.605521793742943,-0.961022469594111,0.355500675930901,0.302685981470976,-0.549172394802128,0.246486413400303
1.883,0.716963059044238,-0.926594719958313,0.209631660995298,0.370932071190379,-0.537359312306207,0.166427241214251
1.8835,0.810750314134684,-0.869351132556346,0.0586008185023768,0.430044582503893,-0.512314660187794,0.0822700778091727
1.884,0.884574205536245,-0.79070123543985,-0.0938729700181766,0.478567968719195,-0.474655120709384,-0.00391284786077535
1.8845,0.936616944858735,-0.692581649680823,-0.244035295104116,0.515307423413295,-0.425307997069894,-0.0899994261742713
1.885,0.965597065827844,-0.577408404845158,-0.38818866091513,0.539358299144677,-0.36548837885733,-0.173869920102288
1.8855,0.970800982953173,-0.448017449312213,-0.522783533581307,0.550128383365773,-0.296669223840017,-0.253459159329324
1.886,0.952100557812742,-0.307594816749245,-0.644505741013216,0.547352481258614,-0.220545088000786,-0.326807393054859
1.8865,0.909956256809982,-0.159598179277948,-0.750358077492362,0.531098944276825,-0.13899039998759,-0.392108544084728
1.887,0.845405813411233,-0.00767170497352562,-0.837734108409622,0.501767988791985,-0.0540133072411887,-0.447754681349786
1.8875,0.760038672449215,0.144443672520713,-0.904482344954121,0.460081840183223,0.0322937725436721,-0.492375612534332
1.888,0.655956857440032,0.293002366873255,-0.948959224310149,0.4070669495729,0.117805672422107,-0.524872621815632
1.8885,0.535723207513079,0.434346371047426,-0.970069578570112,0.344028719927417,0.20041680559654,-0.544445525362188
1.889,0.402298273911107,0.564995325777097,-0.967293599710319,0.272519361219318,0.27809301203913,-0.550612373118267
1.8895,0.258967422289028,0.681732220404204,-0.94069964272731,0.194299671495955,0.348921645395743,-0.543221316776556
1.89,0.109259932597893,0.781682605610554,-0.890942538253649,0.111295679071661,0.411158669976956,-0.522454348961351
1.8905,-0.0431378988144103,0.862385370268686,-0.819247471509489,0.0255512174751529,0.46327160351569,-0.4888228209336
1.891,-0.19447353201493,0.921853345497139,-0.727379813546076,-0.0608223996570265,0.503977252575987,-0.443154852893152
1.8915,-0.341020581827943,0.958622231680122,-0.617601649923125,-0.145698367647227,0.532273309245516,-0.38657494160455
1.892,-0.479170572489108,0.97178665691402,-0.492616084501191,-0.226986758206428,0.547463030342839,-0.320476272174586
1.8925,-0.605521794015636,0.961022469892398,-0.355500675956494,-0.302685981376925,0.549172394830085,-0.246486413522309
1.893,-0.716963058991225,0.926594719675194,-0.209631660765193,-0.370932071322865,0.537359312346429,-0.166427241121986
1.8935,-0.810750313948478,0.869351132710198,-0.0586008188424342,-0.430044582386746,0.512314660096196,-0.0822700778347214
1.894,-0.88457420588453,0.79070123547625,0.0938729703300622,-0.478567968773867,0.47465512081497,0.00391284780986187
1.8945,-0.936616944490252,0.692581649470459,0.244035294945997,-0.515307423442629,0.425307996993038,0.0899994262804621
1.895,-0.965597066067686,0.577408405143148,0.388188660856982,-0.53935829904388,0.365488378874692,0.173869919984129
1.8955,-0.970800982937653,0.44801744904756,0.52278353383044,-0.550128383496766,0.296669223888656,0.253459159411679
1.896,-0.952100557599566,0.307594816874065,0.644505740675219,-0.54735248115053,0.220545087906328,0.326807393041234
1.8965,-0.909956257163921,0.159598179342143,0.750358077782107,-0.531098944318586,0.138990400089374,0.392108544024705
1.897,-0.845405813060515,0.00767170474780734,0.837734108284622,-0.501767988832838,0.0540133071732079,0.447754681458621
1.8975,-0.76003867265524,-0.144443672225898,0.90448234486533,-0.460081840076933,-0.032293772536636,0.492375612421007
1.898,-0.655956857460605,-0.293002367117641,0.948959224575107,-0.40706694970119,-0.117805672365872,0.524872621887688
1.8985,-0.535723207276116,-0.434346370951645,0.970069578237368,-0.344028719829069,-0.200416805692825,0.544445525360125
1.899,-0.402298274267033,-0.564995325686881,0.967293599976029,-0.272519361248295,-0.27809301194198,0.550612373050094
1.8995,-0.25896742195874,-0.681732220642453,0.940699642635271,-0.194299671547454,-0.348921645454556,0.54322131688687
1.9,-0.109259932769501,-0.781682605321641,0.890942538136345,-0.111295678961139,-0.411158669979886,0.522454348853759
1.9005,0.0431378987594381,-0.862385370491271,0.819247471787047,-0.0255512175996084,-0.463271603452718,0.488822820995085
1.901,0.194473532272396,-0.921853345430126,0.727379813221597,0.060822399745087,-0.503977252673088,0.443154852902193
1.9015,0.341020581473564,-0.958622231565836,0.617601650163218,0.145698367630785,-0.532273309153749,0.386574941529225
1.902,0.479170572796607,-0.97178665716197,0.492616084441641,0.226986758145222,-0.547463030392294,0.320476272285247
1.9025,0.605521793878684,-0.961022469611947,0.355500675812995,0.302685981490433,-0.549172394842539,0.246486413421257
1.903,0.716963058903811,-0.926594719874723,0.209631661052135,0.370932071203293,-0.537359312277611,0.16642724117274
1.9035,0.810750314223102,-0.869351132671411,0.0586008185290238,0.43004458246409,-0.512314660193138,0.0822700778543183
1.904,0.884574205535072,-0.790701235339999,-0.0938729701168544,0.4785679687696,-0.474655120729254,-0.00391284789131177
1.9045,0.936616944772924,-0.692581649725303,-0.244035294973825,0.515307423372712,-0.425307997033041,-0.089999426170542
1.905,0.965597065965285,-0.577408404873528,-0.3881886610242,0.539358299159148,-0.365488378896156,-0.173869920077932
1.9055,0.970800982819988,-0.448017449223052,-0.522783533537283,0.550128383383035,-0.2966692238149,-0.253459159371702
1.906,0.952100557887973,-0.307594816862712,-0.644505740974979,0.547352481216853,-0.220545088002176,-0.326807393011708
1.9065,0.90995625682257,-0.159598179186158,-0.75035807759674,0.531098944326032,-0.138990400010289,-0.392108544111237
1.907,0.845405813316645,-0.00767170500678801,-0.837734108281772,0.501767988755249,-0.054013307203763,-0.447754681350476
1.9075,0.760038672586952,0.14444367248252,-0.904482345053664,0.460081840192772,0.0322937725067423,-0.492375612506951
1.908,0.655956857315082,0.293002366966894,-0.948959224278836,0.407066949594161,0.117805672443645,-0.524872621858433
1.9085,0.535723207574939,0.434346370936589,-0.970069578521134,0.344028719884182,0.200416805598954,-0.544445525321367
1.909,0.402298273936764,0.56499532586027,-0.967293599819149,0.272519361266897,0.278093012013941,-0.550612373140657
1.9095,0.258967422186942,0.681732220382019,-0.940699642603039,0.194299671463263,0.348921645433354,-0.543221316781476
1.91,0.109259932734577,0.781682605563313,-0.890942538343093,0.1112956790764,0.411158669942203,-0.522454348931336
1.9105,-0.0431378989302551,0.862385370365707,-0.819247471490666,0.0255512175000426,0.463271603533589,-0.488822820976389
1.911,-0.194473531966487,0.9218533453899,-0.727379813487279,-0.0608223997012542,0.503977252582023,-0.44315485285496
1.9115,-0.341020581790006,0.958622231754227,-0.617601650035166,-0.145698367601669,0.532273309218183,-0.386574941622775
1.912,-0.479170572597391,0.971786656902669,-0.492616084381556,-0.226986758234926,0.547463030380264,-0.320476272183513
1.9125,-0.605521793881287,0.961022469836945,-0.355500676035391,-0.302685981376843,0.549172394797754,-0.246486413490061
1.913,-0.716963059097218,0.926594719774517,-0.209631660758523,-0.370932071294739,0.537359312360665,-0.166427241164349
1.9135,-0.810750313913367,0.869351132607447,-0.0586008187747941,-0.430044582431496,0.512314660105646,-0.0822700777994209
1.914,-0.88457420583519,0.790701235540944,0.0938729702160277,-0.478567968730688,0.474655120785847,0.00391284779580678
1.9145,-0.936616944603426,0.692581649469603,0.244035295060028,-0.515307423466829,0.42530799702992,0.0899994262677805
1.915,-0.965597065936878,0.577408405080359,0.388188660788962,-0.539358299048262,0.365488378844997,0.173869920018206
1.9155,-0.970800983033173,0.448017449148126,0.522783533825394,-0.550128383465809,0.296669223899243,0.253459159370135
1.916,-0.952100557577575,0.307594816776613,0.644505740750681,-0.547352481195347,0.220545087918959,0.326807393073421
1.9165,-0.909956257104129,0.159598179397189,0.750358077667268,-0.531098944278106,0.138990400058816,0.392108544014784
1.917,-0.845405813177278,0.00767170475701924,0.837734108392174,-0.501767988852685,0.0540133072092125,0.447754681442463
1.9175,-0.760038672529094,-0.14444367229511,0.904482344808398,-0.460081840085553,-0.0322937725635154,0.492375612456506
1.918,-0.655956857545159,-0.293002367016858,0.948959224558878,-0.407066949667821,-0.117805672358885,0.524872621847333
1.9185,-0.535723207266916,-0.434346371043072,0.970069578319595,-0.344028719873516,-0.200416805677267,0.544445525389014
1.919,-0.402298274197801,-0.564995325641618,0.967293599861534,-0.272519361210796,-0.278093011973615,0.55061237304423
1.9195,-0.258967422077813,-0.681732220623678,0.940699642735568,-0.194299671562935,-0.348921645419742,0.543221316867535
1.92,-0.109259932649049,-0.781682605396339,0.890942538090591,-0.111295678973737,-0.411158670003806,0.522454348890278
1.9205,0.043137898686216,-0.862385370391258,0.819247471760256,-0.0255512175642508,-0.463271603449251,0.48882282095626
1.921,0.194473532269244,-0.92185334551489,0.727379813309512,0.0608223997014265,-0.503977252654875,0.443154852927641
1.9215,0.341020581551175,-0.958622231530392,0.617601650050162,0.145698367665063,-0.53227330918611,0.386574941527309
1.922,0.479170572676477,-0.97178665713421,0.492616084534012,0.226986758134078,-0.547463030358958,0.320476272263056
1.9225,0.605521793992509,-0.961022469691179,0.355500675778402,0.302685981474143,-0.549172394863391,0.246486413458399
1.923,0.716963058842162,-0.926594719776419,0.209631661015481,0.370932071240215,-0.537359312277551,0.166427241135759
1.9235,0.810750314208141,-0.869351132748965,0.0586008186215388,0.430044582421607,-0.512314660172557,0.0822700778762209
1.924,0.884574205619961,-0.790701235314309,-0.0938729702274333,0.478567968800458,-0.474655120761998,-0.0039128478894253
1.9245,0.936616944652944,-0.692581649689199,-0.244035294889948,0.515307423365831,-0.425307997001446,-0.0899994261952555
1.925,0.965597066071654,-0.577408404956338,-0.388188661047759,0.539358299139477,-0.365488378913864,-0.173869920040554
1.9255,0.970800982770031,-0.448017449127338,-0.52278353358304,0.550128383421097,-0.296669223818107,-0.253459159406558
1.926,0.952100557861837,-0.307594816932604,-0.644505740878952,0.54735248117591,-0.220545087979525,-0.326807392993417
1.9265,0.909956256913612,-0.159598179170069,-0.750358077703872,0.531098944353312,-0.138990400043082,-0.392108544105724
1.927,0.845405813197973,-0.00767170496303629,-0.837734108206852,0.501767988752523,-0.0540133071741441,-0.447754681377369
1.9275,0.760038672685141,0.144443672397083,-0.904482345066417,0.46008184017005,0.032293772492221,-0.492375612469709
1.928,0.655956857276817,0.293002367059195,-0.948959224332873,0.407066949632948,0.117805672437337,-0.524872621890912
1.9285,0.535723207538345,0.434346370874721,-0.970069578422672,0.344028719845113,0.20041680562337,-0.544445525306715
1.929,0.402298274032823,0.564995325867,-0.967293599921937,0.272519361290482,0.278093011981419,-0.550612373131721
1.9295,0.258967422070675,0.681732220432678,-0.940699642537431,0.194299671464546,0.348921645460792,-0.543221316810197
1.93,0.109259932823973,0.781682605476188,-0.890942538345363,0.111295679050975,0.411158669930876,-0.522454348894585
1.9305,-0.0431378989569394,0.862385370453842,-0.819247471552116,0.0255512175391477,0.46327160352437,-0.488822821006276
1.931,-0.194473532012753,0.921853345336324,-0.727379813387437,-0.0608223997381478,0.503977252607895,-0.443154852843939
1.9315,-0.341020581690071,0.95862223175192,-0.617601650132795,-0.145698367581853,0.532273309186236,-0.386574941610644
1.932,-0.479170572710225,0.971786656959457,-0.492616084325512,-0.226986758229812,0.547463030405345,-0.320476272213708
1.9325,-0.605521793801187,0.961022469749044,-0.35550067602759,-0.302685981404613,0.549172394789599,-0.246486413454137
1.933,-0.716963059112542,0.926594719857803,-0.209631660826485,-0.370932071255708,0.537359312348745,-0.16642724119146
1.9335,-0.810750313968455,0.869351132562339,-0.0586008186745976,-0.430044582465946,0.512314660132662,-0.0822700777919867
1.934,-0.884574205732508,0.790701235529997,0.0938729701242934,-0.478567968714679,0.474655120754761,0.00391284781088274
1.9345,-0.936616944711873,0.692581649531717,0.24403529510636,-0.515307423458093,0.425307997052498,0.0899994262364657
1.935,-0.965597065866467,0.577408404992569,0.388188660806341,-0.53935829907801,0.365488378839963,0.173869920052988
1.9355,-0.970800983037461,0.448017449225957,0.52278353375185,-0.550128383427228,0.296669223884849,0.253459159345947
1.936,-0.952100557640585,0.307594816740061,0.644505740850244,-0.547352481227122,0.22054508794681,0.326807393077344
1.9365,-0.909956256999809,0.159598179378064,0.750358077582074,-0.531098944265901,0.138990400028858,0.392108544032537
1.937,-0.84540581328047,0.00767170482363635,0.837734108428749,-0.501767988840561,0.0540133072291731,0.447754681410378
1.9375,-0.760038672468654,-0.144443672381943,0.904482344834789,-0.46008184011691,-0.0322937725655099,0.492375612489857
1.938,-0.655956857538823,-0.293002366945013,0.948959224480697,-0.407066949630046,-0.117805672375511,0.524872621826182
1.9385,-0.535723207336911,-0.434346371071069,0.970069578417587,-0.344028719902416,-0.200416805648886,0.544445525389534
1.939,-0.402298274092924,-0.564995325668396,0.967293599783435,-0.272519361202356,-0.278093012002202,0.550612373064377
1.9395,-0.258967422174964,-0.681732220553391,0.940699642762434,-0.194299671547681,-0.348921645402484,0.543221316835025
1.94,-0.109259932598754,-0.781682605481412,0.890942538125368,-0.111295679006331,-0.411158670002867,0.522454348921933
1.9405,0.0431378987026734,-0.862385370325848,0.819247471678388,-0.025551217527613,-0.463271603467855,0.488822820938226
1.941,0.194473532193235,-0.921853345534414,0.727379813405045,0.0608223996755612,-0.503977252626262,0.443154852924892
1.9415,0.341020581655568,-0.958622231564245,0.617601649979623,0.145698367669812,-0.532273309213106,0.386574941549555
1.942,0.479170572586057,-0.971786657061086,0.492616084551309,0.226986758152184,-0.54746303034446,0.320476272230451
1.9425,0.605521794032594,-0.96102246977374,0.355500675820879,0.302685981440679,-0.549172394859649,0.24648641348812
1.943,0.716963058868162,-0.92659471971781,0.209631660930871,0.370932071275406,-0.537359312297871,0.166427241120887
1.9435,0.810750314127103,-0.869351132760178,0.0586008187137898,0.430044582398902,-0.512314660143998,0.0822700778703668
1.944,0.88457420572288,-0.790701235354618,-0.0938729702900429,0.478567968801623,-0.474655120787205,-0.00391284786538245
1.9445,0.936616944569853,-0.692581649614066,-0.244035294881991,0.515307423386497,-0.425307996989733,-0.0899994262276343
1.945,0.96559706610156,-0.57740840503569,-0.388188660998313,0.539358299105504,-0.365488378907471,-0.173869920012973
1.9455,0.970800982804928,-0.448017449075819,-0.522783533669455,0.550128383454559,-0.296669223839875,-0.253459159418253
1.946,0.952100557776763,-0.30759481693574,-0.644505740790742,0.547352481156454,-0.220545087951295,-0.326807393002191
1.9465,0.909956257014118,-0.159598179216175,-0.750358077758272,0.531098944351029,-0.138990400066331,-0.392108544080192
1.947,0.845405813122715,-0.00767170488670529,-0.837734108207926,0.50176798877544,-0.0540133071652142,-0.447754681409217
1.9475,0.760038672705,0.144443672321577,-0.90448234501077,0.460081840135919,0.032293772501092,-0.492375612444448
1.948,0.655956857319903,0.293002367103419,-0.948959224420182,0.40706694966443,0.117805672414394,-0.524872621899449
1.9485,0.535723207450228,0.434346370879358,-0.970069578339192,0.344028719828962,0.200416805651011,-0.544445525318203
1.949,0.40229827413004,0.564995325815784,-0.96729359996794,0.272519361284917,0.278093011960272,-0.550612373105009
1.9495,0.258967422003656,0.681732220509417,-0.940699642547151,0.194299671489401,0.348921645466967,-0.543221316841227
1.95,0.109259932834008,0.781682605405101,-0.890942538284312,0.111295679017022,0.411158669942037,-0.522454348871794
1.9505,-0.0431378989064215,0.862385370490643,-0.819247471639435,0.0255512175684247,0.463271603500521,-0.488822821011703
1.951,-0.194473532102932,0.921853345348366,-0.7273798133093,-0.0608223997509754,0.503977252634702,-0.443154852857919
1.9515,-0.341020581596948,0.958622231696304,-0.617601650170302,-0.145698367590511,0.53227330916731,-0.386574941583059
1.952,-0.479170572768696,0.971786657035842,-0.492616084343425,-0.226986758203342,0.547463030408819,-0.320476272243652
1.9525,-0.605521793800667,0.961022469682883,-0.35550067596195,-0.302685981438065,0.549172394802848,-0.246486413433933
1.953,-0.71696305905539,0.926594719887132,-0.209631660912967,-0.370932071228829,0.53735931232426,-0.166427241193854
1.9535,-0.810750314059737,0.869351132581364,-0.0586008186023421,-0.430044582475464,0.512314660158411,-0.0822700778082186
1.954,-0.884574205644213,0.790701235470699,0.0938729700952958,-0.478567968726218,0.474655120738148,0.00391284783903488
1.9545,-0.936616944761583,0.692581649607024,0.244035295080765,-0.515307423430331,0.42530799705335,0.089999426207852
1.955,-0.965597065875071,0.577408404931772,0.388188660875744,-0.539358299110658,0.365488378855084,0.173869920070515
1.9555,-0.970800982974502,0.448017449247838,0.522783533667011,-0.550128383402907,0.296669223859991,0.253459159346485
1.956,-0.952100557732038,0.307594816765595,0.644505740916162,-0.547352481233373,0.220545087971294,0.326807393059111
1.9565,-0.909956256916999,0.159598179315815,0.750358077561513,-0.53109894428009,0.138990400014623,0.39210854406096
1.957,-0.8454058133213,0.00767170489717676,0.837734108396039,-0.501767988811829,0.0540133072275023,0.447754681383317
1.9575,-0.760038672485923,-0.144443672437008,0.904482344907125,-0.46008184014847,-0.0322937725487408,0.492375612504648
1.958,-0.65595685747091,-0.293002366930483,0.948959224398253,-0.407066949608414,-0.117805672400486,0.524872621829525
1.9585,-0.535723207427641,-0.434346371039543,0.97006957847679,-0.344028719905476,-0.200416805625851,0.544445525369558
1.959,-0.402298274016175,-0.564995325732872,0.967293599771161,-0.272519361218946,-0.27809301201402,0.550612373092786
1.9595,-0.258967422206885,-0.681732220482257,0.94069964272322,-0.194299671518299,-0.348921645406557,0.543221316809715
1.96,-0.109259932624162,-0.78168260553045,0.890942538199814,-0.111295679036542,-0.411158669984681,0.522454348933957
1.9605,0.0431378987746777,-0.862385370318505,0.819247471599042,-0.0255512175087682,-0.463271603492699,0.488822820944225
1.961,0.194473532104079,-0.921853345497449,0.727379813457237,0.0608223996755903,-0.50397725260484,0.443154852903442
1.9615,0.341020581725762,-0.95862223163023,0.617601649975414,0.145698367651079,-0.532273309222492,0.386574941577674
1.962,0.479170572562985,-0.971786656992948,0.492616084506241,0.226986758181904,-0.547463030350795,0.320476272207067
1.9625,0.60552179399963,-0.961022469816523,0.355500675896625,0.302685981412054,-0.549172394840281,0.246486413497377
1.963,0.716963058943389,-0.92659471971743,0.209631660855265,0.370932071291395,-0.537359312322348,0.166427241129375
1.9635,0.810750314040318,-0.869351132718358,0.0586008187587551,0.430044582401892,-0.51231466012433,0.0822700778477092
1.964,0.884574205786109,-0.790701235421409,-0.0938729702864818,0.478567968781019,-0.474655120794169,-0.00391284783781496
1.9645,0.93661694455549,-0.692581649549461,-0.244035294932234,0.515307423416253,-0.425307996998176,-0.0899994262489475
1.965,0.965597066061673,-0.577408405072063,-0.388188660922054,0.539358299078677,-0.365488378887158,-0.17386992000646
1.9655,0.970800982882515,-0.448017449082116,-0.522783533740746,0.550128383467658,-0.296669223863763,-0.253459159407463
1.966,0.952100557693095,-0.307594816889673,-0.644505740753141,0.547352481162254,-0.2205450879335,-0.326807393025786
1.9665,0.909956257070059,-0.159598179283091,-0.750358077747296,0.531098944328831,-0.138990400070905,-0.39210854405342
1.967,0.845405813116838,-0.00767170482611259,-0.83773410826264,0.501767988804943,-0.0540133071755962,-0.447754681428337
1.9675,0.760038672658864,0.144443672291702,-0.904482344934759,0.460081840111076,0.0322937725221149,-0.492375612440628
1.968,0.655956857399,0.293002367090781,-0.948959224486642,0.407066949674629,0.117805672391301,-0.524872621886556
1.9685,0.535723207370359,0.434346370929051,-0.970069578309016,0.344028719837398,0.200416805666839,-0.544445525342468
1.969,0.402298274178451,0.564995325749397,-0.967293599949962,0.272519361261406,0.278093011958033,-0.550612373079259
1.9695,0.258967422005971,0.681732220565574,-0.940699642605623,0.194299671518374,0.348921645454828,-0.54322131685806
1.97,0.10925993278233,0.781682605381745,-0.890942538209277,0.111295678994322,0.411158669963536,-0.522454348870592
1.9705,-0.0431378988266444,0.862385370472051,-0.819247471700621,0.0255512175757458,0.463271603478415,-0.488822820996919
1.971,-0.194473532178384,0.921853345401052,-0.727379813286534,-0.0608223997400936,0.503977252648491,-0.443154852882589
1.9715,-0.341020581556225,0.958622231631067,-0.617601650145787,-0.145698367615053,0.532273309167332,-0.38657494155854
1.972,-0.479170572758551,0.971786657087204,-0.492616084404931,-0.226986758175158,0.547463030395112,-0.32047627225813
1.9725,-0.605521793857158,0.961022469666003,-0.355500675888578,-0.302685981458491,0.549172394824594,-0.246486413435254
1.973,-0.716963058975734,0.926594719863012,-0.209631660968502,-0.370932071224337,0.537359312303315,-0.1664272411774
1.9735,-0.810750314130224,0.869351132636409,-0.0586008185868989,-0.430044582462342,0.512314660170111,-0.0822700778330393
1.974,-0.884574205611256,0.790701235407199,0.0938729701258382,-0.478567968751509,0.474655120740336,0.00391284786213821
1.9745,-0.93661694474403,0.692581649653289,0.244035295016947,-0.515307423403176,0.425307997038274,0.0899994261957729
1.975,-0.965597065935629,0.577408404921263,0.38818866094681,-0.539358299128705,0.365488378876857,0.17386992006679
1.9755,-0.970800982895736,0.448017449218653,0.52278353361743,-0.550128383401172,0.296669223840361,0.253459159364379
1.976,-0.952100557797082,0.307594816822366,0.644505740924434,-0.547352481218233,0.220545087980878,0.326807393034387
1.9765,-0.909956256891805,0.159598179254594,0.750358077597539,-0.531098944305854,0.138990400018866,0.392108544082482
1.977,-0.845405813296816,0.0076717049381086,0.837734108330622,-0.501767988785924,0.0540133072112597,0.447754681373655
1.9775,-0.76003867254979,-0.144443672441308,0.904482344975292,-0.460081840164062,-0.0322937725271535,0.492375612498653
1.978,-0.65595685739376,-0.293002366964241,0.948959224354863,-0.407066949609338,-0.117805672418663,0.524872621848627
1.9785,-0.535723207486835,-0.434346370981666,0.970069578478108,-0.344028719888547,-0.200416805618389,0.544445525345167
1.979,-0.402298273998667,-0.564995325791312,0.967293599812094,-0.272519361244915,-0.278093012007847,0.550612373112581
1.9795,-0.258967422175995,-0.681732220446835,0.940699642656907,-0.194299671493844,-0.34892164542376,0.543221316802463
1.98,-0.109259932690582,-0.781682605528755,0.890942538264539,-0.11129567904963,-0.411158669963481,0.522454348925846
1.9805,0.0431378988495293,-0.86238537035632,0.819247471562004,-0.0255512175122323,-0.463271603509308,0.488822820964299
1.981,0.194473532051065,-0.921853345439076,0.727379813451877,0.0608223996940696,-0.503977252599483,0.443154852879606
1.9815,0.341020581735733,-0.958622231685439,0.617601650020652,0.145698367625167,-0.532273309214529,0.386574941595624
1.982,0.479170572599719,-0.971786656963151,0.492616084439711,0.226986758204733,-0.547463030368752,0.320476272202195
1.9825,0.605521793931407,-0.961022469809099,0.355500675957425,0.302685981401494,-0.549172394819657,0.246486413487315
1.983,0.716963059015312,-0.926594719758765,0.209631660824677,0.37093207128553,-0.537359312337293,0.166427241150186
1.9835,0.810750313993745,-0.869351132660074,0.0586008187470433,0.430044582421678,-0.512314660121044,0.0822700778246369
1.984,0.884574205788757,-0.790701235472985,-0.0938729702375531,0.478567968755412,-0.474655120784568,-0.00391284782180856
1.9845,0.936616944597467,-0.692581649525346,-0.244035294998325,0.515307423437301,-0.425307997016682,-0.0899994262514892
1.985,0.965597065992383,-0.577408405059218,-0.388188660865609,0.539358299070642,-0.365488378867288,-0.173869920018295
1.9855,0.970800982950932,-0.448017449126426,-0.522783533764853,0.550128383459548,-0.296669223876969,-0.253459159386147
1.986,0.952100557653147,-0.307594816832039,-0.644505740770826,0.547352481183101,-0.22054508793223,-0.326807393047902
1.9865,0.909956257065661,-0.159598179330683,-0.750358077695306,0.531098944303765,-0.138990400059826,-0.392108544039432
1.987,0.845405813163434,-0.00767170480767857,-0.837734108327671,0.501767988824079,-0.0540133071944483,-0.447754681428621
1.9875,0.760038672589223,0.144443672309618,-0.904482344883035,0.46008184010554,0.0322937725410701,-0.492375612454047
1.988,0.655956857463393,0.29300236704405,-0.948959224504304,0.407066949664445,0.117805672379892,-0.524872621864963
1.9885,0.535723207337148,0.434346370985502,-0.970069578332256,0.34402871985906,0.200416805666163,-0.544445525363453
1.989,0.402298274167342,0.564995325706084,-0.967293599895541,0.272519361237102,0.278093011970421,-0.550612373067342
1.9895,0.258967422056544,0.681732220578384,-0.940699642669006,0.194299671535492,0.348921645435826,-0.543221316856177
1.99,0.109259932713028,0.781682605404349,-0.890942538162579,0.111295678991235,0.41115866998143,-0.5224543488854
1.9905,-0.0431378987667326,0.862385370423451,-0.819247471711932,0.0255512175636733,0.463271603468839,-0.48882282097527
1.991,-0.194473532204814,0.921853345455822,-0.727379813314874,-0.0608223997178604,0.503977252645956,-0.443154852902287
1.9915,-0.34102058157366,0.958622231592277,-0.617601650089563,-0.145698367638391,0.532273309180853,-0.386574941548723
1.992,-0.479170572704656,0.971786657094498,-0.492616084466121,-0.22698675816014,0.547463030376152,-0.320476272254188
1.9925,-0.605521793925461,0.961022469692881,-0.355500675847152,-0.3026859814592,0.549172394841298,-0.246486413451249
1.993,-0.7169630589207,0.926594719813093,-0.209631660973617,-0.370932071238103,0.537359312295588,-0.166427241155907
1.9935,-0.810750314149896,0.869351132689034,-0.0586008186198533,-0.430044582439778,0.512314660165819,-0.0822700778513124
1.994,-0.884574205634585,0.790701235373121,0.0938729701832446,-0.478567968773695,0.474655120754814,0.00391284786984616
1.9945,-0.936616944687475,0.692581649655225,0.244035294958454,-0.515307423390317,0.425307997019537,0.0899994262016511
1.995,-0.965597066002314,0.577408404951978,0.38818866098278,-0.539358299127128,0.365488378892257,0.173869920049811
1.9955,-0.970800982845911,0.448017449167953,0.522783533618305,-0.550128383416429,0.296669223834483,0.253459159385514
1.996,-0.952100557810086,0.307594816872428,0.644505740887377,-0.547352481195569,0.220545087974944,0.326807393017657
1.9965,-0.909956256920558,0.159598179225364,0.750358077655522,-0.53109894432672,0.138990400034121,0.392108544088093
1.997,-0.845405813238257,0.00767170493489006,0.837734108275283,-0.50176798877526,0.0540133071929189,0.447754681381332
1.9975,-0.760038672614277,-0.144443672407213,0.904482345005683,-0.460081840160308,-0.0322937725131514,0.492375612480897
1.998,-0.655956857349413,-0.293002367015197,0.948959224361471,-0.407066949625874,-0.117805672422713,0.524872621869214
1.9985,-0.535723207493321,-0.43434637093455,0.970069578437477,-0.344028719866008,-0.20041680562584,0.54444552533008
1.999,-0.402298274032341,-0.564995325815612,0.967293599870068,-0.272519361264313,-0.278093011991997,0.550612373116129
1.9995,-0.258967422116085,-0.681732220454964,0.940699642605126,-0.194299671485387,-0.348921645441544,0.54322131681179
2,-0.109259932752335,-0.781682605491751,0.890942538289288,-0.111295679043826,-0.411158669950956,0.522454348907517
2.0005,0.043137898888196,-0.862385370407028,0.819247471574046,-0.0255512175298356,-0.463271603511566,0.48882282098416
2.001,0.194473532050891,-0.921853345395238,0.727379813408213,0.0608223997162707,-0.503977252608317,0.443154852866238
2.0015,0.341020581697669,-0.958622231704777,0.617601650078054,0.145698367607364,-0.532273309198261,0.386574941597158
2.002,0.479170572660342,-0.971786656975909,0.492616084391845,0.226986758210992,-0.547463030385829,0.320476272213013
2.0025,0.605521793872872,-0.961022469769663,0.355500675976524,0.302685981409207,-0.549172394808669,0.246486413468613
2.003,0.716963059048159,-0.926594719808744,0.209631660841808,0.370932071267075,-0.537359312337812,0.16642724116916
2.0035,0.810750313999622,-0.869351132619805,0.0586008187008982,0.43004458244334,-0.512314660131117,0.0822700778130483
2.004,0.884574205746852,-0.790701235487378,-0.0938729701812552,0.47856796873931,-0.474655120768057,-0.00391284782221843
2.0045,0.936616944658188,-0.692581649542417,-0.244035295041977,0.515307423441392,-0.425307997032916,-0.0899994262393475
2.005,0.965597065937501,-0.577408405017836,-0.38818866085211,0.53935829908011,-0.365488378857879,-0.173869920037171
2.0055,0.970800982977881,-0.44801744917522,-0.522783533743007,0.550128383440455,-0.296669223875814,-0.253459159368209
2.006,0.952100557664769,-0.307594816795582,-0.644505740818905,0.547352481204035,-0.220545087943393,-0.326807393057673
2.0065,0.909956257020482,-0.159598179340198,-0.750358077640612,0.531098944289451,-0.138990400043243,-0.392108544041702
2.007,0.84540581322366,-0.00767170482871773,-0.837734108366857,0.501767988826054,-0.0540133072097159,-0.447754681415328
2.0075,0.760038672538377,0.144443672352466,-0.904482344875036,0.460081840116598,0.0322937725488728,-0.492375612472908
2.008,0.655956857484426,0.293002366996864,-0.948959224478152,0.407066949644926,0.117805672382639,-0.524872621848191
2.0085,0.535723207354164,0.434346371017951,-0.970069578381721,0.344028719879094,0.200416805654063,-0.544445525371387
2.009,0.402298274119464,0.564995325701339,-0.967293599842917,0.27251936122464,0.278093011986913,-0.550612373071372
2.0095,0.258967422115709,0.681732220553744,-0.940699642703531,0.194299671535417,0.348921645421632,-0.543221316841908
2.01,0.109259932666542,0.781682605448186,-0.89094253815993,0.111295679003711,0.411158669987618,-0.522454348904064
2.0105,-0.0431378987515739,0.862385370378266,-0.819247471681906,0.025551217543935,0.463271603473085,-0.488822820959778
2.011,-0.194473532182793,0.921853345484114,-0.727379813365188,-0.0608223996988839,0.503977252633075,-0.443154852908383
2.0115,-0.341020581623664,0.95862223159215,-0.617601650039433,-0.145698367648956,0.532273309197098,-0.386574941554403
2.012,-0.47917057264708,0.971786657066645,-0.492616084495845,-0.226986758162178,0.547463030363126,-0.320476272239123
2.0125,-0.605521793967316,0.961022469737241,-0.355500675849656,-0.302685981445486,0.549172394845878,-0.246486413469542
2.013,-0.71696305891132,0.926594719770263,-0.209631660940166,-0.37093207125786,0.537359312301231,-0.166427241141794
2.0135,-0.810750314123289,0.869351132713068,-0.058600818670493,-0.430044582421999,0.512314660152315,-0.0822700778555872
2.014,-0.88457420568614,0.790701235377423,0.0938729702304987,-0.478567968782339,0.474655120770664,0.00391284786264064
2.0145,-0.936616944631982,0.692581649624563,0.244035294933623,-0.515307423394218,0.425307997007756,0.0899994262173333
2.015,-0.965597066039323,0.577408404996408,0.388188660975359,-0.539358299112361,0.365488378895251,0.173869920032051
2.0155,-0.970800982842162,0.448017449127796,0.522783533654713,-0.550128383436012,0.29666922384141,0.25345915939817
2.016,-0.952100557779343,0.307594816892146,0.644505740836916,-0.547352481179111,0.220545087960973,0.326807393015169
2.0165,-0.9099562569731,0.159598179233869,0.75035807769956,-0.53109894433344,0.138990400049438,0.392108544079495
2.017,-0.845405813185299,0.00767170490183203,0.837734108255382,-0.501767988780909,0.0540133071824455,0.447754681397454
2.0175,-0.760038672646283,-0.144443672363146,0.904482344993621,-0.460081840144675,-0.0322937725117072,0.49237561246382
2.018,-0.655956857351097,-0.293002367052402,0.94895922440036,-0.407066949645101,-0.117805672414622,0.524872621880349
2.0185,-0.535723207458911,-0.434346370919161,0.970069578387676,-0.344028719850975,-0.200416805640123,0.544445525329329
2.019,-0.40229827408532,-0.564995325803161,0.967293599910596,-0.272519361269122,-0.278093011977338,0.550612373106279
2.0195,-0.258967422066068,-0.681732220489997,0.940699642590144,-0.194299671492655,-0.348921645450662,0.543221316828177
2.02,-0.109259932779233,-0.781682605448458,0.890942538272895,-0.111295679027514,-0.411158669951011,0.522454348891259
2.0205,0.0431378988813192,-0.862385370441042,0.819247471614937,-0.0255512175485343,-0.463271603502438,0.488822820993731
2.021,0.194473532088483,-0.921853345384147,0.72737981335953,0.0608223997297909,-0.50397725262276,0.443154852867161
2.0215,0.341020581644785,-0.958622231688664,0.617601650114824,0.145698367604432,-0.532273309184376,0.386574941586204
2.022,0.479170572707052,-0.971786657012497,0.492616084381724,0.22698675820224,-0.547463030393559,0.320476272229494
2.0225,0.60552179385113,-0.961022469727535,0.355500675956137,0.302685981426012,-0.549172394810161,0.2464864134533
2.023,0.716963059036372,-0.926594719839369,0.209631660884221,0.370932071249064,-0.537359312327778,0.166427241177136
2.0235,0.810750314039901,-0.869351132612943,0.0586008186537566,0.430044582455279,-0.512314660145573,0.082270077815565
2.024,0.884574205694573,-0.79070123546791,-0.0938729701484447,0.478567968738208,-0.474655120755048,-0.00391284783412489
2.0245,0.936616944701275,-0.69258164958014,-0.24403529504734,0.515307423431304,-0.42530799703924,-0.0899994262229343
2.025,0.965597065920914,-0.577408404977231,-0.388188660876127,0.539358299097224,-0.365488378860733,-0.173869920051431
2.0255,0.9708009829615,-0.448017449202299,-0.522783533699547,0.550128383423278,-0.296669223865009,-0.253459159361837
2.026,0.952100557707232,-0.307594816792839,-0.64450574086411,0.547352481214343,-0.220545087957723,-0.326807393053653
2.0265,0.909956256969289,-0.159598179317703,-0.750358077611915,0.531098944290112,-0.1389904000312,-0.392108544054405
2.027,0.845405813262855,-0.00767170486716337,-0.837734108367608,0.501767988814782,-0.0540133072146322,-0.44775468139914
2.0275,0.760038672526891,0.144443672391216,-0.904482344902301,0.460081840133843,0.0322937725447398,-0.49237561248602
2.028,0.655956857463801,0.293002366973446,-0.948959224434108,0.407066949628715,0.117805672394078,-0.524872621843419
2.0285,0.535723207398308,0.434346371016719,-0.970069578424632,0.344028719887738,0.200416805639995,-0.544445525365964
2.029,0.402298274069809,0.564995325726518,-0.967293599818441,0.272519361226986,0.278093011997912,-0.550612373084717
2.0295,0.258967422150796,0.681732220514979,-0.940699642699852,0.19429967152312,0.348921645418114,-0.543221316826093
2.03,0.109259932660058,0.781682605484782,-0.890942538190042,0.111295679020914,0.411158669982299,-0.522454348915948
2.0305,-0.0431378987760674,0.862385370358584,-0.819247471637731,0.0255512175288076,0.463271603485021,-0.488822820956587
2.031,-0.194473532137465,0.921853345479082,-0.727379813405484,-0.0608223996919182,0.503977252619394,-0.443154852901667
2.0315,-0.341020581671363,0.958622231619657,-0.617601650019241,-0.145698367645019,0.532273309206991,-0.386574941568233
2.032,-0.479170572616275,0.97178665702795,-0.492616084487955,-0.226986758175339,0.547463030360981,-0.320476272223818
2.0325,-0.605521793968942,0.961022469771418,-0.355500675882208,-0.302685981428491,0.549172394839474,-0.246486413480134
2.033,-0.716963058939284,0.926594719754355,-0.209631660896293,-0.370932071271802,0.537359312313528,-0.166427241140148
2.0335,-0.810750314077267,0.869351132704443,-0.0586008187078905,-0.43004458241671,0.512314660139137,-0.0822700778476977
2.034,-0.8845742057315,0.790701235406895,0.0938729702463877,-0.478567968776914,0.4746551207794,0.00391284784847948
2.0345,-0.936616944605578,0.69258164958631,0.244035294945472,-0.515307423408078,0.425307997006949,0.089999426232
2.035,-0.965597066036277,0.577408405027934,0.388188660940786,-0.539358299095729,0.365488378887869,0.1738699200228
2.0355,-0.970800982873181,0.448017449115659,0.52278353369787,-0.550128383448683,0.296669223853933,0.253459159398317
2.036,-0.9521005577331,0.307594816880159,0.64450574080266,-0.54735248117548,0.220545087948405,0.326807393024107
2.0365,-0.909956257015781,0.159598179264939,0.750358077711171,-0.531098944326641,0.138990400056981,0.392108544065154
2.037,-0.84540581316337,0.00767170486437392,0.837734108270911,-0.501767988795305,0.0540133071829295,0.447754681411366
2.0375,-0.760038672638787,-0.144443672334466,0.904482344957445,-0.460081840128552,-0.032293772519955,0.492375612455945
2.038,-0.655956857384746,-0.293002367060806,0.948959224442412,-0.40706694965643,-0.117805672402004,0.524872621879059
2.0385,-0.535723207412905,-0.434346370934252,0.970069578356763,-0.34402871984897,-0.200416805651984,0.544445525339186
2.039,-0.402298274125016,-0.564995325770861,0.967293599917991,-0.272519361261073,-0.278093011971013,0.550612373091905
2.0395,-0.258967422048644,-0.68173222052633,0.940699642609052,-0.194299671507427,-0.348921645448945,0.543221316841231
2.04,-0.109259932767544,-0.781682605422786,0.890942538235533,-0.111295679012037,-0.411158669960008,0.522454348884779
2.0405,0.0431378988454777,-0.862385370445786,0.819247471655522,-0.0255512175584673,-0.46327160348985,0.488822820991076
2.041,0.194473532133814,-0.921853345402069,0.727379813332121,0.0608223997302184,-0.503977252633828,0.443154852877802
2.0415,0.341020581608334,-0.958622231655496,0.617601650118109,0.145698367613603,-0.532273309179279,0.386574941571937
2.042,0.479170572719992,-0.971786657047399,0.492616084403686,0.226986758187253,-0.547463030390678,0.320476272241601
2.0425,0.605521793866725,-0.961022469704995,0.355500675918002,0.302685981440721,-0.54917239481979,0.24648641344822
2.043,0.716963058998774,-0.926594719840558,0.209631660923007,0.370932071240566,-0.537359312315342,0.166427241173198
2.0435,0.810750314084147,-0.869351132633404,0.0586008186299731,0.430044582454191,-0.512314660155774,0.0822700778268551
2.044,0.884574205661587,-0.790701235434235,-0.0938729701491331,0.478567968748364,-0.474655120751178,-0.00391284784815061
2.0445,0.936616944709788,-0.69258164961333,-0.244035295022662,0.515307423416255,-0.425307997035271,-0.0899994262118549
2.045,0.965597065940102,-0.577408404957912,-0.388188660914634,0.539358299111054,-0.365488378870875,-0.173869920055119
2.0455,0.970800982922585,-0.448017449200071,-0.522783533662862,0.550128383416237,-0.296669223852839,-0.253459159366966
2.046,0.952100557750006,-0.307594816815537,-0.644505740884188,0.547352481211812,-0.220545087966994,-0.32680739304185
2.0465,0.909956256939944,-0.159598179283867,-0.750358077616406,0.531098944301114,-0.138990400028544,-0.392108544068064
2.047,0.845405813267044,-0.00767170489839292,-0.837734108340566,0.501767988799819,-0.0540133072096576,-0.447754681389152
2.0475,0.760038672549337,0.144443672407261,-0.904482344940791,0.460081840146696,0.0322937725342054,-0.492375612488339
2.048,0.655956857424002,0.293002366978931,-0.948959224399794,0.40706694962314,0.117805672405875,-0.524872621849641
2.0485,0.535723207439259,0.434346370992097,-0.970069578440962,0.344028719883848,0.200416805631705,-0.544445525353784
2.049,0.402298274044238,0.564995325760181,-0.967293599826533,0.272519361238693,0.278093011999379,-0.550612373097891
2.0495,0.258967422150798,0.681732220485933,-0.940699642670809,0.194299671508386,0.348921645424004,-0.543221316817249
2.05,0.10925993268541,0.781682605497532,-0.890942538228144,0.111295679032705,0.411158669971491,-0.52245434891693
2.0505,-0.0431378988163311,0.862385370367138,-0.81924747160602,0.0255512175246915,0.463271603496346,-0.488822820963796
2.051,-0.19447353209866,0.921853345452856,-0.727379813418063,-0.0608223996970732,0.503977252612126,-0.443154852889245
2.0515,-0.341020581693065,0.958622231652826,-0.617601650030707,-0.14569836763275,0.532273309207304,-0.386574941580814
2.052,-0.479170572620286,0.97178665700128,-0.492616084457272,-0.22698675818971,0.547463030367691,-0.320476272216156
2.0525,-0.605521793941052,0.961022469780885,-0.355500675919566,-0.302685981417831,0.549172394828508,-0.246486413479827
2.053,-0.716963058979601,0.926594719765765,-0.209631660867389,-0.37093207127448,0.537359312324291,-0.166427241148233
2.0535,-0.810750314040896,0.869351132676933,-0.0586008187167522,-0.430044582423027,0.512314660132918,-0.0822700778351622
2.054,-0.884574205749286,0.790701235439269,0.0938729702317988,-0.478567968764226,0.474655120778603,0.00391284783658812
2.0545,-0.936616944613397,0.692581649562174,0.244035294977428,-0.515307423421964,0.42530799701438,0.0899994262384545
2.055,-0.965597066006223,0.577408405034164,0.388188660904503,-0.539358299086258,0.365488378876858,0.173869920024341
2.0555,-0.970800982913159,0.448017449129699,0.522783533723806,-0.550128383449955,0.296669223864052,0.253459159389471
2.056,-0.952100557699414,0.307594816851685,0.644505740797447,-0.547352481182851,0.220545087943253,0.326807393036629
2.0565,-0.909956257029638,0.159598179296238,0.75035807769373,-0.531098944313674,0.138990400055128,0.392108544054039
2.057,-0.845405813174764,0.00767170484290268,0.837734108303778,-0.50176798880859,0.0540133071909798,0.447754681416601
2.0575,-0.760038672606949,-0.144443672331402,0.904482344922544,-0.460081840120312,-0.0322937725309029,0.492375612458653
2.058,-0.655956857424008,-0.293002367044382,0.948959224465251,-0.407066949656343,-0.117805672392599,0.524872621869568
2.0585,-0.535723207382121,-0.434346370963374,0.9700695783551,-0.344028719857279,-0.200416805656063,0.544445525351573
2.059,-0.402298274134975,-0.564995325740897,0.967293599897986,-0.272519361247964,-0.278093011973859,0.550612373081643
2.0595,-0.258967422063354,-0.681732220545039,0.940699642642472,-0.194299671520007,-0.348921645440379,0.543221316845245
2.06,-0.109259932734307,-0.781682605422785,0.890942538202295,-0.111295679005056,-0.411158669970789,0.52245434888858
2.0605,0.0431378988072799,-0.862385370427236,0.81924747167517,-0.0255512175570786,-0.463271603481223,0.488822820981059
2.061,0.19447353216152,-0.92185334543153,0.727379813333876,0.0608223997210915,-0.50397725263684,0.44315485288994
2.0615,0.34102058160221,-0.958622231627102,0.617601650095838,0.14569836762672,-0.532273309183051,0.386574941562592
2.062,0.479170572702244,-0.971786657063279,0.492616084437313,0.22698675817547,-0.547463030381702,0.320476272244406
2.0625,0.605521793900982,-0.96102246970793,0.355500675886681,0.302685981446425,-0.549172394830306,0.246486413453031
2.063,0.716963058961968,-0.92659471982015,0.209631660939406,0.370932071243189,-0.537359312307542,0.166427241162775
2.0635,0.810750314108631,-0.869351132662904,0.0586008186349882,0.430044582444368,-0.512314660157734,0.082270077838637
2.064,0.884574205659199,-0.790701235407622,-0.0938729701733583,0.478567968761362,-0.474655120755801,-0.00391284785652682
2.0645,0.936616944689302,-0.692581649626344,-0.244035294989163,0.515307423405351,-0.425307997025987,-0.0899994262102355
2.065,0.965597065975004,-0.577408404963634,-0.388188660943814,0.53935829911548,-0.365488378881036,-0.173869920049386
2.0655,0.97080098288747,-0.448017449178079,-0.522783533649738,0.550128383420019,-0.296669223845909,-0.253459159377678
2.066,0.952100557771165,-0.307594816844787,-0.644505740876096,0.547352481201417,-0.220545087967925,-0.326807393030524
2.0665,0.90995625694116,-0.159598179259219,-0.75035807764227,0.531098944313873,-0.138990400033937,-0.39210854407543
2.067,0.845405813244132,-0.00767170490853264,-0.837734108307514,0.501767988789864,-0.0540133072001696,-0.447754681388685
2.0675,0.760038672584518,0.144443672398923,-0.904482344967635,0.460081840149854,0.0322937725244849,-0.492375612481776
2.068,0.655956857390847,0.293002367002227,-0.948959224389935,0.407066949627996,0.117805672411904,-0.524872621860526
2.0685,0.535723207457026,0.434346370963368,-0.97006957843,0.344028719873005,0.200416805631769,-0.544445525343005
2.069,0.402298274048897,0.564995325782706,-0.967293599853718,0.272519361251097,0.2780930119933,-0.550612373104217
2.0695,0.258967422125781,0.681732220478647,-0.940699642638506,0.194299671499437,0.348921645433595,-0.543221316817892
2.07,0.109259932720519,0.781682605486767,-0.890942538252489,0.111295679034617,0.411158669962286,-0.522454348909638
2.0705,-0.043137898847283,0.862385370391457,-0.819247471599389,0.0255512175305286,0.463271603501454,-0.488822820974741
2.071,-0.194473532084318,0.921853345424907,-0.727379813404455,-0.0608223997082396,0.503977252613142,-0.443154852879094
2.0715,-0.341020581685151,0.958622231673098,-0.617601650058893,-0.145698367620805,0.532273309200625,-0.386574941586081
2.072,-0.479170572647076,0.971786656996799,-0.492616084426002,-0.226986758197609,0.54746303037729,-0.320476272217856
2.0725,-0.605521793906353,0.961022469767899,-0.355500675941279,-0.302685981417132,0.549172394819887,-0.246486413471905
2.073,-0.716963059008142,0.926594719790832,-0.209631660863913,-0.370932071267758,0.537359312328465,-0.166427241159129
2.0735,-0.810750314029975,0.869351132650002,-0.0586008187007411,-0.430044582434396,0.512314660134838,-0.0822700778257133
2.074,-0.884574205738329,0.790701235457185,0.0938729702029251,-0.478567968752837,0.474655120771416,0.00391284783238665
2.0745,-0.936616944641628,0.692581649560427,0.244035295007406,-0.515307423428779,0.425307997023892,0.0899994262357579
2.075,-0.965597065972253,0.577408405019174,0.388188660885524,-0.539358299086728,0.36548837886888,0.17386992003279
2.0755,-0.970800982939112,0.448017449155237,0.522783533724221,-0.55012838344245,0.296669223867291,0.253459159378727
2.076,-0.95210055769188,0.307594816825991,0.644505740815607,-0.547352481194302,0.22054508794602,0.326807393045314
2.0765,-0.909956257015869,0.15959817931172,0.750358077664478,-0.531098944302929,0.138990400047522,0.3921085440509
2.077,-0.845405813204103,0.00767170484379241,0.837734108332226,-0.501767988814299,0.0540133072003155,0.447754681412975
2.0775,-0.760038672574009,-0.144443672348167,0.90448234490637,-0.4600818401219,-0.0322937725381869,0.492375612467524
2.078,-0.655956857447229,-0.293002367018639,0.948959224462729,-0.40706694964816,-0.117805672390288,0.524872621859075
2.0785,-0.535723207377906,-0.434346370987633,0.970069578375144,-0.3440287198687,-0.200416805652511,0.544445525359441
2.079,-0.402298274118643,-0.564995325727897,0.967293599868655,-0.27251936123794,-0.278093011981793,0.550612373079552
2.0795,-0.25896742209347,-0.68173222054163,0.940699642669178,-0.194299671524602,-0.348921645431303,0.543221316840763
2.08,-0.109259932702674,-0.78168260544109,0.890942538188966,-0.111295679007699,-0.411158669977337,0.522454348897771
2.0805,0.0431378987869042,-0.862385370401546,0.819247471669856,-0.0255512175483254,-0.463271603479824,0.488822820970907
2.081,0.194473532162512,-0.921853345454178,0.727379813355532,0.0608223997098114,-0.503977252632569,0.443154852896949
2.0815,0.341020581620839,-0.958622231616608,0.617601650066716,0.145698367635956,-0.532273309191222,0.386574941561527
2.082,0.479170572671676,-0.971786657057487,0.49261608446209,0.226986758171989,-0.547463030372961,0.320476272239147
2.0825,0.605521793931057,-0.961022469727533,0.355500675876209,0.302685981442797,-0.549172394836085,0.246486413462439
2.083,0.716963058944517,-0.926594719794761,0.209631660931468,0.370932071252404,-0.537359312307031,0.166427241153049
2.0835,0.810750314106524,-0.869351132683788,0.0586008186579787,0.430044582433332,-0.512314660152815,0.0822700778447546
2.084,0.884574205679849,-0.790701235399632,-0.0938729702019992,0.478567968769752,-0.474655120764119,-0.00391284785659797
2.0845,0.936616944658597,-0.692581649618326,-0.244035294966475,0.515307423402971,-0.425307997017654,-0.0899994262161884
2.085,0.965597066003293,-0.57740840498429,-0.388188660951445,0.539358299110942,-0.365488378886022,-0.173869920039861
2.0855,0.970800982872992,-0.448017449153224,-0.522783533660115,0.550128383429587,-0.296669223846253,-0.253459159386902
2.086,0.952100557766108,-0.307594816863778,-0.644505740852049,0.547352481190722,-0.220545087962433,-0.32680739302532
2.0865,0.909956256963548,-0.159598179253706,-0.750358077670171,0.531098944321371,-0.138990400042317,-0.392108544074548
2.087,0.845405813213592,-0.0076717048984565,-0.83773410828705,0.501767988788562,-0.0540133071923072,-0.447754681395246
2.0875,0.760038672610821,0.144443672377456,-0.904482344972469,0.460081840144488,0.0322937725203072,-0.492375612472232
2.088,0.655956857379359,0.293002367026329,-0.948959224402549,0.407066949637809,0.117805672410742,-0.524872621869178
2.0885,0.535723207449189,0.434346370946378,-0.970069578405173,0.344028719862741,0.200416805637756,-0.544445525338728
2.089,0.402298274072733,0.56499532578579,-0.967293599880638,0.272519361257667,0.278093011984943,-0.55061237310243
2.0895,0.258967422095697,0.681732220490597,-0.940699642620372,0.194299671499181,0.34892164544093,-0.543221316824971
2.09,0.109259932744661,0.781682605464732,-0.890942538254595,0.111295679028509,0.411158669958924,-0.522454348900168
2.0905,-0.0431378988557929,0.862385370414604,-0.819247471614025,0.0255512175404833,0.46327160349952,-0.488822820982761
2.091,-0.194473532094742,0.921853345409998,-0.727379813379122,-0.0608223997179914,0.503977252619547,-0.443154852875747
2.0915,-0.341020581660158,0.958622231673824,-0.617601650084613,-0.145698367615188,0.532273309192371,-0.386574941583444
2.092,-0.479170572676432,0.97178665701043,-0.492616084410276,-0.226986758196859,0.547463030384047,-0.320476272225364
2.0925,-0.605521793884515,0.961022469745532,-0.35550067594075,-0.302685981423893,0.549172394817339,-0.246486413462597
2.093,-0.716963059013715,0.926594719812837,-0.209631660880346,-0.370932071257765,0.53735931232581,-0.166427241166467
2.0935,-0.810750314042779,0.869351132637233,-0.0586008186751681,-0.430044582443562,0.512314660141581,-0.0822700778232901
2.094,-0.884574205712468,0.790701235455643,0.0938729701786069,-0.478567968748189,0.47465512076334,0.00391284783581335
2.0945,-0.936616944670002,0.692581649575536,0.244035295020669,-0.515307423427072,0.425307997030031,0.0899994262279121
2.095,-0.965597065952836,0.577408404996706,0.388188660888574,-0.539358299094048,0.365488378867138,0.173869920041851
2.0955,-0.970800982941814,0.448017449175936,0.522783533706225,-0.550128383432518,0.296669223863971,0.253459159372115
2.096,-0.952100557706841,0.307594816815397,0.644505740841163,-0.547352481202818,0.220545087953021,0.326807393046829
2.0965,-0.909956256989428,0.159598179308019,0.750358077641738,-0.531098944299254,0.138990400039697,0.392108544055051
2.097,-0.845405813231259,0.00767170486017373,0.837734108343,-0.501767988811692,0.0540133072058015,0.447754681404881
2.0975,-0.760038672557101,-0.144443672370514,0.904482344911807,-0.460081840129685,-0.0322937725391394,0.492375612476262
2.098,-0.655956857447155,-0.293002366999394,0.94895922444341,-0.407066949638382,-0.117805672394215,0.524872621853223
2.0985,-0.535723207394789,-0.434346370996038,0.970069578400434,-0.344028719876509,-0.200416805645329,0.54444552536007
2.099,-0.402298274091903,-0.564995325733631,0.967293599847649,-0.272519361235234,-0.278093011989303,0.550612373084356
2.0995,-0.258967422119195,-0.681732220524189,0.940699642677462,-0.194299671521156,-0.348921645426495,0.543221316832511
2.1,-0.109259932688334,-0.781682605463103,0.890942538196639,-0.111295679015854,-0.411158669977524,0.522454348906113
2.1005,0.0431378987896395,-0.862385370383881,0.819247471649456,-0.0255512175387899,-0.463271603484293,0.488822820965841
2.101,0.194473532143949,-0.921853345460405,0.727379813380322,0.0608223997027546,-0.503977252625285,0.443154852896722
2.1015,0.341020581647607,-0.958622231624236,0.617601650047575,0.145698367637707,-0.532273309198357,0.38657494156691
2.102,0.479170572647571,-0.971786657039199,0.492616084467907,0.226986758176204,-0.547463030368851,0.320476272230822
2.1025,0.605521793942795,-0.961022469749013,0.355500675885951,0.302685981434365,-0.549172394835537,0.246486413470322
2.103,0.716963058949777,-0.926594719778782,0.209631660910229,0.370932071261614,-0.537359312311977,0.166427241148786
2.1035,0.81075031408653,-0.869351132687865,0.0586008186820492,0.430044582427065,-0.512314660145503,0.0822700778437096
2.104,0.884574205706384,-0.790701235409001,-0.0938729702191655,0.478567968770572,-0.474655120770826,-0.0039128478507107
2.1045,0.93661694463628,-0.692581649599403,-0.24403529496308,0.515307423407883,-0.425307997014252,-0.089999426224502
2.105,0.965597066012422,-0.577408405005051,-0.388188660939815,0.539358299102327,-0.365488378884772,-0.173869920032496
2.1055,0.970800982880622,-0.448017449139016,-0.522783533681952,0.550128383438396,-0.296669223851609,-0.253459159390355
2.106,0.952100557744939,-0.307594816865755,-0.644505740828902,0.547352481185273,-0.220545087955166,-0.326807393027139
2.1065,0.909956256989603,-0.159598179264654,-0.750358077685278,0.531098944321289,-0.138990400048547,-0.392108544068235
2.107,0.845405813193205,-0.00767170487911,-0.837734108286011,0.501767988794095,-0.0540133071896179,-0.447754681403468
2.1075,0.760038672617362,0.144443672357586,-0.904482344959141,0.460081840135781,0.0322937725222154,-0.492375612465434
2.108,0.655956857389186,0.293002367038701,-0.948959224424748,0.407066949646149,0.117805672405046,-0.524872621871821
2.1085,0.535723207427097,0.434346370946432,-0.970069578383135,0.344028719858129,0.200416805644911,-0.544445525341271
2.109,0.402298274098075,0.564995325773436,-0.967293599893625,0.272519361256721,0.278093011979229,-0.55061237309577
2.1095,0.258967422077357,0.681732220510163,-0.940699642621598,0.194299671505256,0.34892164544291,-0.543221316833026
2.11,0.109259932748658,0.781682605445908,-0.890942538239769,0.1112956790198,0.411158669961445,-0.52245434889398
2.1105,-0.0431378988439553,0.862385370425096,-0.819247471636355,0.0255512175482914,0.463271603493552,-0.488822820984602
2.111,-0.194473532117504,0.921853345412,-0.727379813358361,-0.0608223997217561,0.503977252626524,-0.44315485287896
2.1115,-0.341020581635746,0.958622231660241,-0.617601650095441,-0.145698367616952,0.532273309187208,-0.386574941576517
2.112,-0.47917057269263,0.971786657030017,-0.492616084413665,-0.226986758190325,0.547463030385329,-0.32047627223318
2.1125,-0.605521793882997,0.961022469727895,-0.355500675924631,-0.302685981432521,0.549172394820424,-0.246486413457053
2.113,-0.716963059000064,0.926594719821426,-0.209631660902585,-0.370932071250542,0.53735931231964,-0.166427241167521
2.1135,-0.810750314065963,0.869351132641082,-0.0586008186558335,-0.430044582446478,0.51231466014832,-0.0822700778271132
2.114,-0.884574205689185,0.790701235441013,0.0938729701699526,-0.47856796875072,0.474655120758755,0.00391284784293043
2.1145,-0.93661694468399,0.692581649594953,0.244035295015242,-0.51530742342016,0.42530799703063,0.0899994262204008
2.115,-0.965597065953708,0.577408404980376,0.388188660905775,-0.539358299102515,0.365488378870733,0.173869920046723
2.1155,-0.970800982926559,0.448017449182616,0.52278353368429,-0.550128383425926,0.296669223857667,0.253459159371826
2.116,-0.952100557730205,0.30759481682098,0.644505740858943,-0.547352481204892,0.220545087959467,0.326807393042457
2.1165,-0.909956256967451,0.159598179292529,0.75035807763525,-0.531098944302497,0.13899040003571,0.39210854406228
2.117,-0.845405813242994,0.0076717048792382,0.837734108335671,-0.501767988804486,0.0540133072057415,0.447754681397735
2.1175,-0.760038672560256,-0.14444367238543,0.90448234492988,-0.460081840137915,-0.0322937725350908,0.492375612480443
2.118,-0.655956857430507,-0.293002366994607,0.948959224421976,-0.407066949632459,-0.117805672400585,0.52487262185367
2.1185,-0.535723207418098,-0.434346370988848,0.970069578416552,-0.344028719877756,-0.200416805639227,0.544445525355215
2.119,-0.402298274071393,-0.564995325749796,0.967293599843303,-0.272519361239127,-0.278093011992678,0.550612373091623
2.1195,-0.258967422128655,-0.681732220505647,0.94069964266838,-0.194299671513737,-0.348921645427187,0.543221316825783
2.12,-0.109259932693647,-0.781682605476521,0.890942538215372,-0.111295679023777,-0.411158669973079,0.522454348909591
2.1205,0.0431378988074583,-0.862385370380956,0.819247471628713,-0.0255512175335649,-0.463271603490666,0.488822820966989
2.121,0.194473532120919,-0.921853345451743,0.72737981339469,0.0608223997023123,-0.503977252619571,0.443154852891451
2.1215,0.341020581666513,-0.958622231640892,0.617601650045324,0.145698367633228,-0.532273309201111,0.386574941574144
2.122,0.479170572640382,-0.971786657021337,0.492616084457233,0.226986758183756,-0.547463030370142,0.320476272224562
2.1225,0.605521793935464,-0.961022469760865,0.355500675905133,0.302685981426814,-0.549172394830755,0.246486413473092
2.123,0.716963058968547,-0.926594719777671,0.209631660890348,0.370932071266119,-0.537359312318291,0.166427241150594
2.1235,0.810750314063991,-0.869351132677877,0.0586008186946013,0.430044582427398,-0.512314660140218,0.082270077838091
2.124,0.884574205723569,-0.790701235425964,-0.0938729702193857,0.478567968765575,-0.47465512077296,-0.00391284784358022
2.1245,0.936616944631339,-0.692581649582366,-0.244035294975176,0.515307423415488,-0.425307997016105,-0.0899994262302542
2.125,0.965597066003229,-0.577408405015287,-0.388188660920387,0.539358299095205,-0.365488378879715,-0.173869920030431
2.1255,0.97080098290012,-0.448017449139655,-0.522783533700813,0.550128383442167,-0.296669223857804,-0.253459159387931
2.126,0.952100557723088,-0.307594816854593,-0.644505740818214,0.547352481186347,-0.220545087950342,-0.326807393033037
2.1265,0.90995625700497,-0.159598179281749,-0.75035807768355,0.531098944315844,-0.138990400050065,-0.392108544061272
2.127,0.845405813190466,-0.00767170486302914,-0.837734108299352,0.501767988801677,-0.054013307191991,-0.447754681408677
2.1275,0.760038672606473,0.144443672348999,-0.904482344939666,0.460081840129139,0.0322937725274885,-0.492375612464065
2.128,0.655956857409194,0.293002367036392,-0.948959224442448,0.407066949649179,0.117805672399025,-0.52487262186883
2.1285,0.535723207406118,0.434346370958613,-0.970069578374338,0.344028719859903,0.200416805649245,-0.544445525347379
2.129,0.402298274111552,0.56499532575638,-0.967293599890047,0.2725193612509,0.278093011978316,-0.550612373089036
2.1295,0.258967422076757,0.68173222052517,-0.940699642636005,0.194299671512742,0.348921645440062,-0.543221316837663
2.13,0.109259932736248,0.781682605438987,-0.890942538220437,0.111295679013682,0.411158669966874,-0.522454348893291
2.1305,-0.0431378988236516,0.862385370421208,-0.81924747165277,0.0255512175505827,0.463271603487755,-0.488822820981096
2.131,-0.194473532137444,0.921853345425037,-0.72737981335146,-0.0608223997193293,0.503977252630347,-0.44315485288521
2.1315,-0.341020581624213,0.95862223164339,-0.617601650090124,-0.145698367623079,0.532273309186885,-0.386574941570067
2.132,-0.479170572691176,0.97178665704385,-0.492616084428953,-0.226986758183002,0.547463030382051,-0.320476272237225
2.1325,-0.605521793896743,0.961022469722635,-0.355500675905624,-0.302685981438076,0.549172394825949,-0.246486413457024
2.133,-0.716963058979675,0.926594719816062,-0.20963166091761,-0.370932071248981,0.537359312314115,-0.166427241163556
2.1335,-0.810750314084713,0.869351132654816,-0.0586008186508177,-0.430044582443448,0.512314660151616,-0.0822700778334392
2.134,-0.884574205679625,0.790701235424521,0.0938729701768858,-0.478567968757079,0.474655120758999,0.0039128478490452
2.1345,-0.936616944680579,0.692581649607527,0.244035294999257,-0.515307423413066,0.425307997026974,0.0899994262169625
2.135,-0.965597065968603,0.577408404976761,0.388188660924285,-0.539358299107477,0.365488378876297,0.173869920046121
2.1355,-0.970800982906285,0.448017449175889,0.522783533670742,-0.55012838342508,0.296669223852456,0.253459159376193
2.136,-0.952100557747631,0.307594816835248,0.644505740862103,-0.547352481201314,0.220545087962226,0.32680739303612
2.1365,-0.909956256959878,0.159598179276541,0.750358077643666,-0.531098944309017,0.138990400036496,0.392108544068015
2.137,-0.845405813237741,0.00767170489048257,0.837734108319174,-0.501767988797679,0.0540133072017574,0.447754681394912
2.1375,-0.760038672576107,-0.144443672387434,0.904482344947735,-0.46008184014226,-0.0322937725295429,0.49237561247924
2.138,-0.655956857410542,-0.293002367002575,0.948959224409978,-0.407066949632308,-0.117805672405445,0.524872621858379
2.1385,-0.535723207434088,-0.434346370974207,0.970069578417902,-0.344028719873687,-0.20041680563701,0.544445525348928
2.139,-0.402298274065796,-0.564995325765147,0.967293599853057,-0.272519361245738,-0.27809301199138,0.550612373096937
2.1395,-0.258967422121688,-0.681732220495785,0.940699642651552,-0.194299671507271,-0.348921645431447,0.543221316823578
2.14,-0.109259932710262,-0.781682605476961,0.890942538232425,-0.111295679027489,-0.411158669967601,0.522454348907825
2.1405,0.0431378988269358,-0.862385370390037,0.819247471618316,-0.0255512175340809,-0.463271603495142,0.488822820971981
2.141,0.194473532106461,-0.921853345436886,0.727379813394292,0.0608223997068125,-0.503977252617895,0.443154852885274
2.1415,0.34102058167016,-0.958622231655481,0.617601650056267,0.145698367626593,-0.532273309199335,0.386574941579003
2.142,0.479170572648927,-0.971786657012898,0.492616084440251,0.226986758189831,-0.547463030374625,0.320476272222969
2.1425,0.605521793918279,-0.961022469759801,0.355500675921254,0.302685981423745,-0.549172394825397,0.246486413470803
2.143,0.716963058987366,-0.926594719787729,0.209631660881586,0.370932071264969,-0.537359312322355,0.166427241155809
2.1435,0.810750314051143,-0.869351132662958,0.0586008186925301,0.430044582432268,-0.512314660139076,0.0822700778320791
2.144,0.884574205725311,-0.790701235439684,-0.0938729702074099,0.478567968758982,-0.474655120770743,-0.00391284783920383
2.1445,0.936616944641311,-0.692581649575372,-0.244035294992143,0.51530742342113,-0.425307997020758,-0.0899994262312434
2.145,0.965597065985665,-0.577408405012791,-0.388188660905317,0.539358299092782,-0.365488378874524,-0.173869920033199
2.1455,0.970800982918128,-0.448017449150553,-0.522783533707921,0.550128383440419,-0.296669223861435,-0.253459159382553
2.146,0.952100557711906,-0.307594816839758,-0.644505740821867,0.547352481191524,-0.220545087949724,-0.326807393038832
2.1465,0.909956257004871,-0.1595981792945,-0.7503580776707,0.531098944309355,-0.138990400047447,-0.392108544057401
2.147,0.845405813201711,-0.00767170485748826,-0.837734108316138,0.50176798880685,-0.0540133071967618,-0.447754681409078
2.1475,0.760038672588714,0.144443672352843,-0.90448234492575,0.46008184012736,0.0322937725324693,-0.492375612467266
2.148,0.655956857426249,0.293002367024793,-0.948959224447903,0.407066949646877,0.117805672395845,-0.524872621863348
2.1485,0.535723207396644,0.434346370973222,-0.970069578379472,0.344028719865325,0.200416805649355,-0.54444552535291
2.149,0.402298274109688,0.564995325744681,-0.967293599876483,0.272519361244574,0.278093011981294,-0.550612373085687
2.1495,0.258967422089112,0.681732220529265,-0.940699642652455,0.194299671517414,0.348921645435224,-0.543221316837497
2.15,0.109259932718475,0.781682605444084,-0.890942538207762,0.111295679012536,0.411158669971605,-0.522454348896876
2.1505,-0.0431378988076775,0.862385370409051,-0.819247471656588,0.0255512175477704,0.46327160348504,-0.488822820975568
2.151,-0.19447353214519,0.92185334543929,-0.727379813357966,-0.0608223997137262,0.50397725262997,-0.443154852890435
2.1515,-0.34102058162775,0.958622231632811,-0.617601650076007,-0.145698367629188,0.532273309190177,-0.38657494156725
2.152,-0.479170572677876,0.971786657046518,-0.492616084444921,-0.226986758178855,0.547463030377196,-0.320476272236516
2.1525,-0.605521793914357,0.961022469728886,-0.355500675894263,-0.302685981438603,0.549172394830394,-0.246486413460942
2.153,-0.716963058964891,0.926594719803487,-0.209631660919821,-0.370932071252255,0.537359312311869,-0.166427241158036
2.1535,-0.810750314090727,0.869351132668587,-0.0586008186585738,-0.430044582437725,0.512314660150774,-0.0822700778383197
2.154,-0.884574205684733,0.79070123541512,0.0938729701913951,-0.478567968762921,0.474655120762562,0.00391284785132351
2.1545,-0.936616944666503,0.692581649608802,0.244035294983906,-0.515307423409463,0.425307997022149,0.089999426218184
2.155,-0.965597065985893,0.577408404984058,0.388188660934279,-0.539358299107406,0.365488378880425,0.173869920041922
2.1555,-0.970800982892785,0.448017449163037,0.522783533670094,-0.550128383428765,0.296669223850683,0.25345915938165
2.156,-0.952100557751928,0.307594816848424,0.644505740853223,-0.547352481195532,0.220545087960948,0.326807393031617
2.1565,-0.909956256966442,0.159598179268359,0.750358077658411,-0.531098944314545,0.138990400040284,0.392108544069755
2.157,-0.845405813223057,0.00767170489040991,0.837734108304562,-0.501767988794632,0.0540133071970092,0.447754681396613
2.1575,-0.76003867259292,-0.144443672379206,0.90448234495632,-0.460081840141616,-0.0322937725257583,0.492375612474812
2.158,-0.655956857398403,-0.293002367015569,0.948959224410834,-0.407066949636351,-0.117805672406747,0.524872621863724
2.1585,-0.535723207436696,-0.434346370961729,0.970069578408031,-0.344028719867905,-0.200416805638695,0.544445525344831
2.159,-0.402298274073692,-0.564995325772079,0.967293599867885,-0.272519361250913,-0.278093011987413,0.550612373098145
2.1595,-0.258967422106563,-0.68173222049715,0.940699642637791,-0.194299671504787,-0.348921645436076,0.543221316825723
2.16,-0.109259932726453,-0.781682605467921,0.890942538239576,-0.111295679026303,-0.411158669964183,0.52245434890322
2.1605,0.0431378988376516,-0.862385370403041,0.819247471620604,-0.0255512175384275,-0.46327160349598,0.488822820977166
2.161,0.194473532105498,-0.921853345425198,0.727379813383566,0.0608223997125395,-0.503977252619953,0.443154852881605
2.1615,0.341020581661064,-0.95862223166115,0.617601650071031,0.145698367621808,-0.532273309195236,0.386574941579689
2.162,0.479170572664326,-0.971786657015487,0.492616084427439,0.226986758191752,-0.547463030379095,0.320476272225518
2.1625,0.605521793902841,-0.961022469750068,0.355500675926961,0.302685981425439,-0.549172394822363,0.246486413466074
2.163,0.716963058996615,-0.926594719800618,0.209631660885227,0.370932071260373,-0.537359312322741,0.166427241160791
2.1635,0.810750314051765,-0.86935113265214,0.0586008186810906,0.430044582437887,-0.512314660141472,0.0822700778288563
2.164,0.884574205715154,-0.790701235444084,-0.0938729701928516,0.478567968754616,-0.474655120766555,-0.00391284783902571
2.1645,0.936616944656825,-0.692581649579111,-0.24403529500392,0.515307423422492,-0.425307997025032,-0.0899994262283312
2.165,0.965597065971097,-0.577408405002492,-0.38818866090105,0.539358299094948,-0.365488378871888,-0.173869920038001
2.1655,0.970800982925878,-0.448017449163204,-0.522783533703021,0.550128383435629,-0.296669223861383,-0.253459159377814
2.166,0.952100557714043,-0.307594816829879,-0.644505740833881,0.547352481196984,-0.22054508795242,-0.326807393041596
2.1665,0.909956256993794,-0.159598179297644,-0.750358077656478,0.531098944305433,-0.138990400043216,-0.392108544057711
2.167,0.845405813217185,-0.00767170486229104,-0.83773410832681,0.501767988807663,-0.0540133072008071,-0.447754681405847
2.1675,0.760038672575123,0.144443672363587,-0.904482344922904,0.460081840129956,0.0322937725346985,-0.492375612472092
2.168,0.655956857432489,0.293002367012492,-0.948959224441841,0.407066949641947,0.117805672396316,-0.524872621858889
2.1685,0.535723207400211,0.434346370982104,-0.970069578391921,0.344028719870579,0.200416805646397,-0.544445525355207
2.169,0.402298274097836,0.564995325742773,-0.967293599862723,0.272519361241117,0.278093011985525,-0.550612373086461
2.1695,0.258967422104397,0.681732220523488,-0.940699642661963,0.194299671517693,0.348921645431438,-0.54322131683399
2.17,0.109259932705952,0.781682605455151,-0.890942538206306,0.111295679015521,0.411158669973422,-0.522454348901678
2.1705,-0.0431378988029456,0.862385370397204,-0.819247471649473,0.0255512175427544,0.463271603485907,-0.48882282097142
2.171,-0.194473532140287,0.92185334544713,-0.727379813370709,-0.0608223997087191,0.503977252626789,-0.443154852892262
2.1715,-0.341020581640229,0.958622231632106,-0.617601650062824,-0.145698367632166,0.532273309194368,-0.386574941568463
2.172,-0.47917057266292,0.971786657039863,-0.492616084453222,-0.226986758179091,0.547463030373695,-0.32047627223278
2.1725,-0.605521793925735,0.961022469740155,-0.355500675894153,-0.302685981435276,0.5491723948318,-0.246486413465674
2.173,-0.716963058961651,0.926594719792191,-0.209631660911765,-0.370932071257305,0.537359312313109,-0.166427241154227
2.1735,-0.81075031408459,0.869351132675353,-0.0586008186714773,-0.430044582433004,0.512314660147411,-0.0822700778396782
2.174,-0.884574205697693,0.790701235415575,0.0938729702038987,-0.478567968765411,0.474655120766673,0.00391284784970281
2.1745,-0.936616944652008,0.692581649601369,0.244035294976843,-0.515307423410189,0.425307997018955,0.0899994262221047
2.175,-0.965597065996063,0.57740840499541,0.388188660933097,-0.539358299103783,0.365488378881422,0.173869920037302
2.1755,-0.970800982891006,0.448017449152378,0.522783533678975,-0.550128383433799,0.296669223852268,0.253459159385099
2.176,-0.952100557744668,0.307594816854095,0.644505740840292,-0.547352481191131,0.220545087957443,0.32680739303072
2.1765,-0.909956256979735,0.159598179269923,0.750358077670141,-0.531098944316544,0.138990400044279,0.392108544067759
2.177,-0.845405813209144,0.00767170488230445,0.837734108298755,-0.501767988795822,0.0540133071941402,0.447754681400672
2.1775,-0.760038672601833,-0.144443672367883,0.90448234495391,-0.460081840137745,-0.0322937725251636,0.492375612470346
2.178,-0.655956857398043,-0.293002367025514,0.948959224420418,-0.40706694964132,-0.117805672404848,0.524872621866793
2.1785,-0.535723207428429,-0.434346370957163,0.970069578395198,-0.344028719863853,-0.200416805642302,0.544445525344386
2.179,-0.402298274087177,-0.564995325769469,0.96729359987876,-0.272519361252421,-0.278093011983568,0.550612373095809
2.1795,-0.258967422093344,-0.681732220505822,0.940699642633243,-0.19429967150641,-0.348921645438606,0.543221316829875
2.18,-0.109259932734075,-0.781682605456736,0.890942538236015,-0.11129567902223,-0.411158669963979,0.522454348898943
2.1805,0.0431378988366489,-0.862385370412204,0.81924747163077,-0.0255512175432864,-0.463271603493797,0.488822820979841
2.181,0.194473532114648,-0.921853345421735,0.727379813370953,0.0608223997162175,-0.503977252623623,0.443154852881598
2.1815,0.341020581647526,-0.958622231657562,0.617601650080982,0.145698367620785,-0.532273309191572,0.386574941577048
2.182,0.479170572676753,-0.971786657024617,0.492616084424143,0.226986758189729,-0.547463030381274,0.32047627222972
2.1825,0.60552179389653,-0.961022469739126,0.355500675922328,0.302685981429665,-0.549172394822536,0.246486413462021
2.183,0.716963058994315,-0.926594719808944,0.209631660895852,0.370932071255667,-0.537359312320307,0.166427241163062
2.1835,0.810750314061675,-0.869351132649769,0.0586008186688096,0.43004458244117,-0.512314660145167,0.0822700778292679
2.184,0.884574205701696,-0.790701235439594,-0.0938729701838839,0.478567968754068,-0.474655120763101,-0.00391284784193185
2.1845,0.936616944668372,-0.692581649588592,-0.244035295005984,0.515307423420107,-0.425307997026854,-0.0899994262241235
2.185,0.965597065966105,-0.577408404991886,-0.388188660906663,0.53935829909928,-0.36548837887242,-0.173869920041802
2.1855,0.970800982922357,-0.448017449170646,-0.522783533692058,0.550128383431115,-0.296669223858732,-0.253459159375951
2.186,0.952100557724584,-0.307594816828579,-0.644505740845724,0.547352481199858,-0.220545087956103,-0.326807393040786
2.1865,0.909956256980544,-0.159598179292331,-0.750358077648541,0.531098944305346,-0.138990400039996,-0.392108544060843
2.187,0.845405813227776,-0.00767170487201764,-0.837734108327673,0.501767988804952,-0.0540133072022693,-0.447754681401673
2.1875,0.760038672571443,0.144443672373768,-0.904482344929403,0.460081840134348,0.0322937725338278,-0.492375612475613
2.188,0.655956857427832,0.29300236700597,-0.948959224430663,0.407066949637661,0.117805672399149,-0.524872621857436
2.1885,0.535723207411255,0.434346370982368,-0.970069578403229,0.344028719873032,0.200416805642761,-0.544445525354024
2.189,0.402298274084913,0.564995325748821,-0.967293599855849,0.272519361241472,0.27809301198849,-0.550612373089781
2.1895,0.258967422113968,0.681732220513621,-0.940699642661667,0.194299671514698,0.348921645430334,-0.543221316829891
2.19,0.109259932703566,0.781682605464824,-0.890942538213593,0.111295679019926,0.411158669972235,-0.522454348904895
2.1905,-0.0431378988086466,0.862385370391626,-0.819247471638195,0.025551217538728,0.463271603488887,-0.488822820970373
2.191,-0.194473532128867,0.921853345446396,-0.727379813381396,-0.0608223997066933,0.503977252623234,-0.443154852890732
2.1915,-0.341020581652712,0.958622231638802,-0.617601650057036,-0.14569836763139,0.532273309197059,-0.386574941571929
2.192,-0.479170572654418,0.971786657029957,-0.492616084451817,-0.226986758182331,0.547463030372947,-0.320476272228791
2.1925,-0.605521793926858,0.961022469749248,-0.355500675902123,-0.3026859814309,0.54917239483032,-0.246486413468571
2.193,-0.716963058968297,0.926594719787573,-0.209631660900501,-0.370932071261044,0.537359312316202,-0.16642724115358
2.1935,-0.810750314072922,0.86935113267367,-0.058600818681463,-0.430044582431407,0.512314660143968,-0.0822700778378311
2.194,-0.884574205709634,0.790701235422827,0.0938729702085886,-0.47856796876424,0.474655120769076,0.00391284784612955
2.1945,-0.936616944644614,0.692581649591522,0.244035294979297,-0.515307423413632,0.425307997018554,0.0899994262259487
2.195,-0.965597065995965,0.577408405003859,0.388188660924549,-0.539358299099476,0.365488378879676,0.173869920034741
2.1955,-0.970800982898495,0.448017449148725,0.522783533690116,-0.550128383437224,0.296669223855437,0.253459159385355
2.196,-0.952100557732873,0.307594816851519,0.644505740831073,-0.547352481189961,0.22054508795414,0.326807393032854
2.1965,-0.909956256991041,0.159598179277636,0.750358077673734,-0.531098944315005,0.138990400046381,0.392108544064117
2.197,-0.845405813202884,0.00767170487260924,0.837734108302191,-0.501767988799426,0.054013307194076,0.44775468140434
2.1975,-0.760038672600564,-0.144443672360135,0.904482344944892,-0.460081840133547,-0.0322937725271469,0.492375612468131
2.198,-0.655956857406266,-0.293002367028207,0.948959224431333,-0.407066949644412,-0.117805672401635,0.524872621866673
2.1985,-0.535723207416629,-0.434346370960571,0.970069578386806,-0.344028719863103,-0.200416805645439,0.544445525346773
2.199,-0.402298274097763,-0.564995325761388,0.967293599881266,-0.272519361250545,-0.278093011981773,0.550612373092137
2.1995,-0.258967422088232,-0.681732220515277,0.940699642637587,-0.194299671510134,-0.348921645438346,0.543221316833339
2.2,-0.109259932731697,-0.781682605449733,0.890942538226632,-0.111295679018178,-0.411158669966171,0.522454348897084
2.2005,0.0431378988278015,-0.862385370413951,0.819247471641363,-0.0255512175460299,-0.463271603490573,0.488822820979362
2.201,0.19447353212634,-0.921853345425907,0.727379813363433,0.0608223997165564,-0.503977252626569,0.443154852884205
2.2015,0.341020581637732,-0.958622231649206,0.61760165008242,0.145698367622967,-0.53227330919009,0.386574941573384
2.202,0.479170572680716,-0.971786657033752,0.492616084429315,0.226986758185928,-0.547463030380707,0.320476272232954
2.2025,0.60552179389995,-0.961022469732905,0.355500675912688,0.302685981433539,-0.549172394824907,0.246486413460518
2.203,0.716963058984955,-0.926594719809765,0.209631660906033,0.370932071253285,-0.537359312317104,0.166427241162242
2.2035,0.810750314073148,-0.869351132654633,0.0586008186621994,0.430044582441112,-0.512314660147903,0.0822700778320608
2.204,0.884574205692756,-0.790701235431056,-0.0938729701834819,0.478567968756522,-0.474655120761933,-0.00391284784555402
2.2045,0.936616944671194,-0.69258164959733,-0.244035295000068,0.515307423416267,-0.425307997025998,-0.0899994262211405
2.205,0.965597065970489,-0.577408404986475,-0.388188660916457,0.539358299102945,-0.365488378874939,-0.173869920042947
2.2055,0.970800982912597,-0.448017449170574,-0.522783533682371,0.550128383429103,-0.296669223855581,-0.25345915937709
2.206,0.952100557735737,-0.307594816834058,-0.644505740851399,0.54735248119942,-0.22054508795861,-0.326807393037842
2.2065,0.909956256972508,-0.159598179283702,-0.750358077649136,0.531098944308037,-0.13899040003914,-0.39210854406439
2.207,0.845405813229476,-0.00767170488029014,-0.837734108321101,0.501767988801113,-0.0540133072011435,-0.44775468139896
2.2075,0.760038672576709,0.144443672378348,-0.90448234493925,0.460081840137777,0.0322937725311907,-0.492375612476405
2.208,0.655956857417782,0.293002367006899,-0.948959224421542,0.407066949636022,0.11780567240222,-0.524872621858868
2.2085,0.535723207421993,0.434346370976351,-0.97006957840795,0.344028719872235,0.200416805640498,-0.544445525350964
2.209,0.402298274077824,0.564995325757456,-0.967293599857395,0.272519361244363,0.278093011989038,-0.55061237309322
2.2095,0.258967422114579,0.681732220505874,-0.940699642654531,0.194299671510896,0.348921645431707,-0.543221316827463
2.21,0.109259932709626,0.781682605468564,-0.890942538223393,0.111295679023096,0.411158669969511,-0.522454348905341
2.2105,-0.0431378988188761,0.862385370393367,-0.819247471629706,0.0255512175374628,0.463271603491852,-0.488822820972073
2.211,-0.19447353211863,0.921853345439923,-0.727379813385159,-0.0608223997078277,0.503977252621226,-0.443154852887591
2.2115,-0.341020581658826,0.958622231647356,-0.617601650059477,-0.145698367628335,0.532273309197307,-0.386574941575233
2.212,-0.47917057265486,0.97178665702279,-0.492616084444209,-0.226986758186059,0.547463030374543,-0.32047627222666
2.2125,-0.605521793920095,0.961022469752147,-0.355500675911785,-0.302685981428009,0.549172394827538,-0.24648641346868
2.213,-0.716963058978599,0.926594719790076,-0.2096316608927,-0.370932071261938,0.537359312319036,-0.166427241155521
2.2135,-0.810750314063266,0.869351132666821,-0.0586008186842706,-0.430044582432854,0.512314660142225,-0.0822700778346417
2.214,-0.884574205714752,0.790701235431222,0.0938729702053121,-0.478567968761057,0.474655120769034,0.00391284784298793
2.2145,-0.93661694464606,0.69258164958498,0.244035294987284,-0.515307423417254,0.42530799702035,0.0899994262277751
2.215,-0.965597065988593,0.577408405005923,0.388188660915114,-0.539358299096881,0.365488378876867,0.173869920034955
2.2155,-0.970800982908768,0.448017449151933,0.522783533697181,-0.550128383437754,0.296669223858119,0.253459159383203
2.216,-0.952100557723868,0.307594816844377,0.644505740829209,-0.547352481191693,0.220545087952667,0.326807393036058
2.2165,-0.909956256995156,0.159598179285797,0.750358077669688,-0.531098944311729,0.138990400046061,0.392108544061162
2.217,-0.845405813205278,0.00767170486672997,0.837734108310463,-0.501767988802911,0.0540133071960447,0.447754681405857
2.2175,-0.760038672592682,-0.14444367235889,0.904482344935765,-0.460081840131261,-0.032293772529956,0.492375612468654
2.218,-0.65595685741641,-0.293002367024354,0.948959224437625,-0.407066949644588,-0.117805672399125,0.524872621864339
2.2185,-0.535723207408333,-0.434346370967924,0.970069578385864,-0.344028719865091,-0.200416805646638,0.544445525349961
2.219,-0.402298274100878,-0.56499532575353,0.967293599876523,-0.272519361247213,-0.278093011982357,0.550612373089389
2.2195,-0.258967422091511,-0.681732220520465,0.940699642646054,-0.194299671513453,-0.348921645436231,0.543221316834543
2.22,-0.1092599327234,-0.781682605449287,0.890942538217889,-0.111295679016209,-0.411158669968953,0.522454348897896
2.2205,0.0431378988178778,-0.862385370409516,0.819247471646852,-0.0255512175458644,-0.463271603488254,0.488822820976876
2.221,0.194473532133874,-0.921853345433392,0.727379813363385,0.0608223997143415,-0.503977252627495,0.443154852887345
2.2215,0.341020581635607,-0.958622231641716,0.617601650077054,0.145698367626321,-0.53227330919092,0.38657494157086
2.222,0.479170572676619,-0.971786657038225,0.492616084437885,0.226986758182799,-0.547463030378471,0.320476272233848
2.2225,0.605521793908562,-0.961022469733228,0.355500675904399,0.302685981435184,-0.549172394827634,0.246486413461601
2.223,0.716963058975339,-0.926594719804816,0.2096316609107,0.370932071253776,-0.537359312314989,0.166427241159636
2.2235,0.810750314079879,-0.869351132662171,0.0586008186630074,0.430044582438702,-0.512314660148556,0.0822700778351259
2.224,0.884574205691601,-0.790701235423991,-0.0938729701893922,0.478567968759863,-0.474655120762991,-0.00391284784783719
2.2245,0.936616944666354,-0.692581649601075,-0.244035294991482,0.515307423413351,-0.425307997023668,-0.0899994262205536
2.225,0.965597065979321,-0.577408404987533,-0.388188660924232,0.539358299104263,-0.365488378877589,-0.173869920041615
2.2255,0.970800982903371,-0.44801744916518,-0.522783533678537,0.550128383429901,-0.296669223853682,-0.253459159379787
2.226,0.952100557741633,-0.307594816841575,-0.644505740849777,0.547352481196845,-0.220545087958997,-0.326807393034879
2.2265,0.909956256972295,-0.159598179277111,-0.750358077655512,0.531098944311335,-0.138990400040407,-0.392108544066421
2.227,0.84540581322397,-0.00767170488330225,-0.837734108312583,0.501767988798429,-0.0540133071987469,-0.447754681398673
2.2275,0.760038672585666,0.144443672376596,-0.904482344946455,0.460081840138769,0.0322937725286407,-0.492375612474847
2.228,0.655956857409018,0.293002367012667,-0.948959224418546,0.407066949637107,0.117805672403893,-0.524872621861626
2.2285,0.535723207427031,0.434346370968927,-0.970069578405565,0.344028719869527,0.20041680564037,-0.544445525348128
2.229,0.402298274078515,0.564995325763525,-0.967293599864155,0.272519361247587,0.278093011987583,-0.55061237309499
2.2295,0.258967422108487,0.681732220503596,-0.940699642646161,0.194299671508461,0.348921645434145,-0.543221316827466
2.23,0.109259932718615,0.781682605466165,-0.890942538229983,0.111295679023767,0.411158669967081,-0.522454348903582
2.2305,-0.0431378988271124,0.862385370399438,-0.819247471627539,0.0255512175388128,0.463271603493293,-0.488822820974864
2.231,-0.194473532114464,0.921853345432662,-0.727379813382064,-0.060822399710636,0.503977252621348,-0.443154852884903
2.2315,-0.341020581657275,0.958622231652869,-0.617601650066539,-0.145698367625213,0.532273309195686,-0.386574941576734
2.232,-0.479170572661453,0.971786657021236,-0.492616084436061,-0.226986758188232,0.547463030376997,-0.32047627222694
2.2325,-0.605521793911161,0.961022469749149,-0.355500675917721,-0.302685981427653,0.549172394825248,-0.246486413466746
2.233,-0.71696305898625,0.926594719796378,-0.209631660891351,-0.370932071260347,0.537359312320239,-0.166427241158314
2.2335,-0.810750314059974,0.869351132659786,-0.0586008186805257,-0.430044582435732,0.512314660142584,-0.0822700778321232
2.234,-0.884574205712392,0.790701235436147,0.0938729701980277,-0.478567968758063,0.47465512076727,0.0039128478417583
2.2345,-0.93661694465307,0.692581649584136,0.244035294995139,-0.515307423419154,0.425307997022795,0.0899994262272306
2.235,-0.9655970659798,0.577408405002382,0.388188660909862,-0.539358299096831,0.365488378874733,0.173869920037039
2.2355,-0.970800982915781,0.448017449158396,0.522783533697733,-0.550128383435949,0.296669223859084,0.253459159380433
2.236,-0.952100557721448,0.307594816837626,0.644505740833541,-0.547352481194609,0.220545087953251,0.32680739303839
2.2365,-0.909956256992045,0.15959817929011,0.750358077662263,-0.531098944308887,0.138990400044177,0.392108544060204
2.237,-0.84540581321262,0.00767170486657327,0.837734108317961,-0.501767988804532,0.0540133071984578,0.447754681405064
2.2375,-0.760038672584108,-0.144443672362919,0.90448234493122,-0.460081840131504,-0.0322937725319199,0.492375612470861
2.238,-0.655956857422747,-0.2930023670178,0.948959224437408,-0.407066949642594,-0.117805672398399,0.524872621861619
2.2385,-0.535723207406772,-0.434346370974338,0.970069578390716,-0.344028719868017,-0.200416805645844,0.544445525352092
2.239,-0.402298274097074,-0.564995325749844,0.967293599869033,-0.272519361244544,-0.278093011984338,0.550612373088701
2.2395,-0.2589674220991,-0.681732220519959,0.940699642653137,-0.194299671514791,-0.348921645433871,0.543221316833521
2.24,-0.10925993271512,-0.781682605453744,0.890942538214066,-0.111295679016732,-0.411158669970734,0.5224543489002
2.2405,0.0431378988122525,-0.862385370402938,0.8192474716459,-0.0255512175437089,-0.463271603487763,0.48882282097423
2.241,0.194473532134597,-0.921853345439419,0.727379813368688,0.0608223997114362,-0.503977252626507,0.443154852889263
2.2415,0.341020581640037,-0.958622231638667,0.617601650069576,0.145698367628797,-0.532273309192975,0.386574941570439
2.242,0.479170572668867,-0.971786657037091,0.492616084444502,0.226986758181746,-0.547463030376186,0.320476272232616
2.2425,0.60552179391648,-0.961022469738052,0.355500675901305,0.302685981434399,-0.549172394829224,0.246486413463975
2.243,0.716963058970451,-0.92659471979828,0.209631660909052,0.370932071256065,-0.537359312314729,0.166427241157086
2.2435,0.810750314079791,-0.869351132667769,0.0586008186686926,0.430044582435844,-0.512314660147392,0.0822700778368202
2.244,0.884574205696588,-0.790701235421582,-0.093872970196787,0.478567968762132,-0.474655120765097,-0.00391284784800009
2.2445,0.936616944658521,-0.692581649599349,-0.244035294985376,0.515307423412582,-0.425307997021477,-0.0899994262219752
2.245,0.965597065986815,-0.577408404992662,-0.388188660926597,0.539358299103235,-0.36548837887898,-0.173869920039196
2.2455,0.970800982899235,-0.448017449158745,-0.522783533680836,0.550128383432297,-0.296669223853646,-0.253459159382219
2.246,0.952100557740769,-0.307594816846707,-0.644505740843781,0.54735248119406,-0.220545087957676,-0.326807393033416
2.2465,0.909956256977768,-0.159598179275341,-0.750358077662755,0.531098944313381,-0.138990400042541,-0.392108544066334
2.247,0.845405813216135,-0.00767170488102438,-0.837734108307026,0.501767988797939,-0.0540133071966675,-0.447754681400263
2.2475,0.760038672592681,0.144443672371224,-0.904482344948099,0.460081840137517,0.0322937725274546,-0.492375612472409
2.248,0.655956857405645,0.29300236701894,-0.948959224421446,0.407066949639581,0.117805672403715,-0.524872621863922
2.2485,0.535723207425431,0.434346370964292,-0.970069578399329,0.344028719866839,0.200416805641829,-0.544445525346899
2.249,0.4022982740844,0.564995325764667,-0.967293599871181,0.272519361249402,0.278093011985443,-0.550612373094664
2.2495,0.258967422100727,0.681732220506379,-0.940699642641184,0.194299671508243,0.348921645436098,-0.543221316829201
2.25,0.109259932725104,0.781682605460612,-0.890942538230919,0.111295679022312,0.411158669966103,-0.52245434890115
2.2505,-0.0431378988297224,0.862385370405496,-0.819247471630989,0.0255512175413379,0.463271603492911,-0.488822820977007
2.251,-0.194473532116753,0.921853345428546,-0.727379813375659,-0.0608223997132049,0.503977252622925,-0.443154852883912
2.2515,-0.341020581651052,0.958622231653398,-0.617601650073292,-0.145698367623638,0.53227330919356,-0.386574941576184
2.252,-0.479170572669067,0.971786657024477,-0.492616084431689,-0.226986758188187,0.547463030378809,-0.320476272228798
2.2525,-0.605521793905241,0.961022469743477,-0.35550067591797,-0.302685981429287,0.549172394824479,-0.246486413464342
2.253,-0.716963058988103,0.926594719802171,-0.209631660895292,-0.370932071257797,0.537359312319665,-0.16642724116029
2.2535,-0.810750314062903,0.869351132656209,-0.0586008186740206,-0.430044582438162,0.512314660144259,-0.0822700778313692
2.254,-0.884574205705905,0.790701235436083,0.0938729701916046,-0.478567968756733,0.474655120765179,0.00391284784251958
2.2545,-0.936616944660469,0.692581649587785,0.244035294998889,-0.515307423418857,0.425307997024455,0.0899994262252733
2.255,-0.965597065974482,0.57740840499665,0.388188660910275,-0.539358299098622,0.36548837887417,0.173869920039393
2.2555,-0.97080098291689,0.448017449163879,0.522783533693358,-0.5501283834334,0.296669223858331,0.253459159378637
2.256,-0.95210055772496,0.3075948168346,0.644505740840079,-0.547352481196882,0.220545087955004,0.32680739303891
2.2565,-0.909956256985367,0.159598179289479,0.750358077656217,-0.531098944307806,0.138990400042139,0.39210854406116
2.257,-0.845405813219742,0.00767170487057809,0.837734108321079,-0.501767988803996,0.0540133071999558,0.44775468140303
2.2575,-0.760038672579418,-0.144443672368652,0.904482344932263,-0.460081840133427,-0.0322937725322783,0.492375612473143
2.258,-0.655956857423132,-0.293002367012666,0.94895922443266,-0.407066949640071,-0.117805672399315,0.524872621860012
2.2585,-0.53572320741081,-0.434346370976805,0.970069578397222,-0.344028719870117,-0.200416805644033,0.544445525352381
2.259,-0.402298274090279,-0.564995325751015,0.967293599863408,-0.272519361243711,-0.278093011986305,0.550612373089835
2.2595,-0.258967422105888,-0.681732220515653,0.940699642655619,-0.194299671514031,-0.348921645432543,0.543221316831434
2.26,-0.109259932711078,-0.781682605459422,0.890942538215703,-0.111295679018763,-0.411158669970893,0.522454348902392
2.2605,0.043137898812565,-0.862385370398191,0.81924747164084,-0.0255512175412348,-0.463271603488827,0.488822820972821
2.261,0.194473532130093,-0.921853345441328,0.727379813375101,0.0608223997095221,-0.503977252624659,0.443154852889329
2.2615,0.341020581646879,-0.958622231640342,0.617601650064409,0.145698367629385,-0.532273309194854,0.386574941571731
2.262,0.479170572662467,-0.971786657032537,0.492616084446349,0.226986758182712,-0.547463030375034,0.320476272230497
2.2625,0.605521793919861,-0.961022469743624,0.355500675903496,0.302685981432283,-0.549172394829191,0.246486413466058
2.263,0.716963058971429,-0.926594719793947,0.209631660903742,0.370932071258468,-0.537359312315925,0.166427241155879
2.2635,0.810750314074887,-0.869351132669125,0.0586008186749531,0.430044582434126,-0.512314660145527,0.0822700778366722
2.264,0.884574205703408,-0.790701235423725,-0.093872970201464,0.478567968762478,-0.474655120766875,-0.00391284784656767
2.2645,0.936616944652553,-0.692581649594602,-0.244035294984155,0.515307423413736,-0.425307997020504,-0.0899994262241029
2.265,0.96559706598953,-0.577408404998077,-0.388188660923898,0.539358299101058,-0.365488378878762,-0.173869920037237
2.2655,0.970800982900841,-0.448017449154855,-0.522783533686334,0.550128383434608,-0.296669223854956,-0.25345915938322
2.266,0.952100557735526,-0.307594816847518,-0.644505740837727,0.547352481192548,-0.220545087955811,-0.326807393033768
2.2665,0.909956256984501,-0.159598179277911,-0.750358077666919,0.531098944313492,-0.138990400044204,-0.392108544064781
2.267,0.845405813210641,-0.00767170487613887,-0.837734108306417,0.501767988799264,-0.0540133071958761,-0.447754681402379
2.2675,0.760038672594731,0.144443672366013,-0.904482344944938,0.460081840135304,0.0322937725278466,-0.492375612470588
2.268,0.655956857407838,0.293002367022371,-0.948959224427071,0.407066949641782,0.117805672402308,-0.524872621864716
2.2685,0.535723207419916,0.434346370964009,-0.970069578393531,0.344028719865538,0.200416805643675,-0.544445525347444
2.269,0.402298274090984,0.564995325761713,-0.967293599874812,0.272519361249286,0.278093011983906,-0.550612373093011
2.2695,0.258967422095739,0.681732220511351,-0.940699642641168,0.194299671509718,0.348921645436707,-0.543221316831285
2.27,0.109259932726497,0.781682605455646,-0.890942538227345,0.111295679020086,0.411158669966658,-0.522454348899478
2.2705,-0.0431378988269881,0.862385370408454,-0.81924747163668,0.0255512175434125,0.463271603491424,-0.488822820977595
2.271,-0.194473532122477,0.921853345428774,-0.727379813370164,-0.0608223997142907,0.503977252624735,-0.443154852884636
2.2715,-0.341020581644673,0.958622231650103,-0.617601650076375,-0.14569836762397,0.53227330919216,-0.386574941574451
2.272,-0.479170572673521,0.971786657029483,-0.49261608443224,-0.226986758186582,0.547463030379239,-0.320476272230832
2.2725,-0.605521793904491,0.961022469738794,-0.355500675914035,-0.302685981431505,0.549172394825185,-0.246486413462831
2.273,-0.716963058984876,0.926594719804645,-0.209631660900993,-0.370932071255865,0.537359312318117,-0.166427241160675
2.2735,-0.810750314068771,0.869351132656924,-0.0586008186688683,-0.430044582439031,0.512314660146017,-0.0822700778322583
2.274,-0.884574205699786,0.790701235432493,0.0938729701890751,-0.478567968757269,0.474655120763922,0.00391284784431183
2.2745,-0.936616944664368,0.692581649592775,0.244035294997798,-0.515307423417145,0.425307997024708,0.0899994262233076
2.275,-0.965597065974357,0.577408404992284,0.388188660914516,-0.539358299100811,0.365488378875015,0.173869920040736
2.2755,-0.970800982913223,0.448017449165865,0.522783533687704,-0.550128383431622,0.296669223856739,0.253459159378451
2.276,-0.952100557730909,0.307594816835775,0.644505740844853,-0.547352481197535,0.220545087956695,0.326807393037872
2.2765,-0.909956256979557,0.159598179285643,0.750358077654243,-0.531098944308532,0.138990400041033,0.392108544062993
2.277,-0.845405813223071,0.00767170487550494,0.837734108319482,-0.501767988802196,0.0540133072000365,0.44775468140115
2.2775,-0.760038672579892,-0.144443672372673,0.904482344936758,-0.460081840135567,-0.032293772531309,0.492375612474312
2.278,-0.655956857419078,-0.293002367011166,0.948959224427106,-0.407066949638459,-0.117805672400935,0.524872621860019
2.2785,-0.53572320741678,-0.4343463709752,0.970069578401586,-0.344028719870557,-0.200416805642423,0.54444552535121
2.279,-0.40229827408482,-0.564995325755051,0.967293599861985,-0.272519361244612,-0.278093011987257,0.550612373091688
2.2795,-0.258967422108638,-0.681732220510834,0.940699642653551,-0.194299671512165,-0.348921645432628,0.543221316829652
2.28,-0.109259932712123,-0.781682605463072,0.890942538220397,-0.111295679020834,-0.411158669969814,0.522454348903383
2.2805,0.0431378988169514,-0.862385370397172,0.819247471635435,-0.0255512175397971,-0.463271603490457,0.488822820973011
2.281,0.194473532124163,-0.921853345439327,0.72737981337903,0.0608223997092915,-0.503977252623142,0.443154852888042
2.2815,0.341020581651948,-0.95862223164453,0.617601650063529,0.145698367628324,-0.532273309195649,0.386574941573586
2.282,0.479170572660298,-0.97178665702787,0.492616084443851,0.226986758184624,-0.547463030375277,0.320476272228828
2.2825,0.60552179391828,-0.961022469746883,0.355500675908336,0.302685981430298,-0.549172394828017,0.24648641346687
2.283,0.71696305897609,-0.926594719793399,0.209631660898532,0.370932071259725,-0.537359312317548,0.166427241156245
2.2835,0.81075031406905,-0.869351132666764,0.0586008186784276,0.430044582434098,-0.512314660144113,0.0822700778352854
2.284,0.884574205708053,-0.790701235428019,-0.0938729702018165,0.478567968761275,-0.47465512076751,-0.00391284784472952
2.2845,0.936616944650962,-0.692581649590124,-0.244035294987041,0.515307423415673,-0.425307997020896,-0.0899994262256483
2.285,0.965597065987451,-0.57740840500093,-0.388188660918964,0.539358299099174,-0.365488378877509,-0.173869920036607
2.2855,0.970800982905722,-0.448017449154763,-0.522783533691305,0.550128383435679,-0.296669223856557,-0.25345915938269
2.286,0.952100557729838,-0.307594816844834,-0.644505740834722,0.547352481192714,-0.22054508795451,-0.326807393035236
2.2865,0.909956256988696,-0.159598179282264,-0.75035807766676,0.531098944312165,-0.138990400044682,-0.392108544062977
2.287,0.845405813209619,-0.00767170487188703,-0.837734108309648,0.501767988801206,-0.0540133071964069,-0.44775468140379
2.2875,0.760038672592193,0.144443672363577,-0.904482344939964,0.460081840133535,0.032293772529164,-0.492375612470137
2.288,0.655956857412881,0.293002367022024,-0.948959224431766,0.407066949642665,0.117805672400743,-0.524872621864034
2.2885,0.535723207414424,0.434346370966976,-0.970069578391006,0.34402871986589,0.200416805644855,-0.544445525348976
2.289,0.402298274094706,0.564995325757346,-0.967293599874166,0.272519361247852,0.278093011983585,-0.550612373091256
2.2895,0.258967422095274,0.681732220515346,-0.940699642644697,0.194299671511647,0.348921645436048,-0.543221316832554
2.29,0.109259932723545,0.781682605453633,-0.89094253822238,0.111295679018445,0.411158669968024,-0.522454348899203
2.2905,-0.0431378988218383,0.862385370407689,-0.819247471641066,0.0255512175441059,0.463271603489909,-0.488822820976773
2.291,-0.194473532127727,0.921853345431984,-0.727379813368123,-0.0608223997137652,0.503977252625787,-0.443154852886214
2.2915,-0.341020581641441,0.958622231645764,-0.617601650075268,-0.145698367625492,0.532273309191992,-0.38657494157276
2.292,-0.479170572673448,0.971786657033193,-0.492616084436023,-0.226986758184686,0.547463030378463,-0.320476272231953
2.2925,-0.605521793907812,0.961022469737207,-0.355500675909127,-0.302685981433008,0.549172394826585,-0.246486413462727
2.293,-0.716963058979674,0.926594719803488,-0.209631660905038,-0.370932071255359,0.537359312316665,-0.166427241159727
2.2935,-0.810750314073739,0.869351132660335,-0.0586008186673115,-0.430044582438344,0.512314660146938,-0.0822700778338648
2.294,-0.884574205697054,0.790701235428223,0.0938729701906126,-0.478567968758861,0.474655120763902,0.00391284784592482
2.2945,-0.936616944663781,0.692581649596173,0.244035294993812,-0.515307423415297,0.425307997023828,0.0899994262223403
2.295,-0.965597065977999,0.57740840499112,0.388188660919322,-0.539358299102166,0.365488378876433,0.173869920040674
2.2955,-0.970800982908021,0.448017449164344,0.522783533684024,-0.550128383431302,0.296669223855361,0.25345915937951
2.296,-0.952100557735558,0.307594816839346,0.644505740845931,-0.5473524811967,0.220545087957479,0.326807393036253
2.2965,-0.909956256977331,0.159598179281481,0.750358077656179,-0.531098944310176,0.138990400041155,0.392108544064515
2.297,-0.845405813221996,0.00767170487857412,0.837734108315337,-0.501767988800413,0.0540133071990656,0.447754681400338
2.2975,-0.760038672583807,-0.14444367237342,0.90448234494142,-0.460081840136767,-0.0322937725298875,0.492375612474093
2.298,-0.655956857413927,-0.293002367013023,0.948959224423811,-0.407066949638319,-0.117805672402228,0.524872621861174
2.2985,-0.535723207421078,-0.434346370971511,0.970069578402195,-0.344028719869587,-0.200416805641777,0.544445525349595
2.299,-0.402298274083101,-0.56499532575907,0.967293599864285,-0.27251936124629,-0.278093011986999,0.550612373093108
2.2995,-0.258967422107106,-0.681732220508112,0.940699642649295,-0.194299671510462,-0.348921645433677,0.543221316828999
2.3,-0.109259932716262,-0.781682605463412,0.890942538224876,-0.111295679021876,-0.411158669968403,0.522454348903014
2.3005,0.0431378988220039,-0.862385370399332,0.819247471632543,-0.0255512175398317,-0.463271603491657,0.488822820974247
2.301,0.194473532120243,-0.921853345435559,0.727379813379183,0.0608223997103798,-0.503977252622634,0.443154852886446
2.3015,0.341020581653164,-0.958622231648372,0.617601650066154,0.145698367626631,-0.532273309195264,0.386574941574895
2.302,0.479170572662253,-0.971786657025505,0.49261608443953,0.226986758186234,-0.54746303037639,0.320476272228332
2.3025,0.605521793913968,-0.96102246974683,0.355500675912594,0.30268598142942,-0.549172394826629,0.24648641346636
2.303,0.716963058980999,-0.926594719795829,0.209631660896054,0.370932071259523,-0.537359312318647,0.166427241157547
2.3035,0.810750314065531,-0.869351132662957,0.0586008186781417,0.43004458243529,-0.512314660143743,0.0822700778337242
2.304,0.884574205708776,-0.790701235431654,-0.0938729701989042,0.478567968759583,-0.474655120767007,-0.00391284784353973
2.3045,0.936616944653304,-0.692581649588126,-0.244035294991383,0.51530742341718,-0.425307997022061,-0.0899994262259889
2.305,0.965597065983013,-0.5774084050005,-0.388188660914958,0.539358299098461,-0.365488378876157,-0.173869920037245
2.3055,0.970800982910446,-0.448017449157428,-0.522783533693364,0.550128383435319,-0.296669223857549,-0.253459159381338
2.306,0.952100557726735,-0.307594816841028,-0.644505740835426,0.547352481193994,-0.220545087954276,-0.32680739303675
2.3065,0.909956256988938,-0.159598179285666,-0.750358077663601,0.53109894431049,-0.138990400044071,-0.392108544061913
2.307,0.84540581321231,-0.00767170487025866,-0.837734108313967,0.501767988802597,-0.05401330719761,-0.447754681403978
2.3075,0.76003867258768,0.144443672364364,-0.904482344936237,0.460081840132987,0.0322937725304684,-0.492375612470892
2.308,0.65595685741738,0.29300236701916,-0.948959224433402,0.407066949642157,0.117805672399864,-0.524872621862647
2.3085,0.535723207411752,0.434346370970745,-0.970069578392104,0.344028719867241,0.200416805644957,-0.544445525350429
2.309,0.402298274094486,0.5649953257542,-0.967293599870801,0.27251936124621,0.278093011984294,-0.550612373090323
2.3095,0.258967422098272,0.681732220516603,-0.940699642648953,0.194299671512914,0.348921645434821,-0.543221316832594
2.31,0.109259932719002,0.781682605454754,-0.890942538218958,0.111295679018059,0.41115866996927,-0.522454348900064
2.3105,-0.0431378988175955,0.862385370404661,-0.81924747164228,0.0255512175434609,0.463271603489147,-0.488822820975366
2.311,-0.19447353212996,0.921853345435681,-0.727379813369587,-0.0608223997123588,0.503977252625762,-0.443154852887595
2.3115,-0.341020581642102,0.958622231642895,-0.617601650071739,-0.145698367627086,0.532273309192787,-0.386574941571962
2.312,-0.479170572670185,0.971786657034082,-0.492616084440177,-0.226986758183549,0.547463030377224,-0.32047627223185
2.3125,-0.605521793912341,0.961022469738638,-0.355500675906031,-0.302685981433233,0.549172394827763,-0.24648641346368
2.313,-0.71696305897572,0.926594719800333,-0.209631660905837,-0.37093207125613,0.537359312316021,-0.166427241158314
2.3135,-0.810750314075529,0.869351132663927,-0.0586008186691124,-0.430044582436897,0.51231466014679,-0.0822700778351629
2.314,-0.884574205698132,0.790701235425648,0.0938729701942663,-0.478567968760394,0.474655120764774,0.00391284784658589
2.3145,-0.936616944660294,0.692581649596703,0.244035294989796,-0.515307423414296,0.425307997022589,0.0899994262225781
2.315,-0.965597065982468,0.577408404992834,0.388188660922077,-0.539358299102235,0.365488378877534,0.173869920039641
2.3155,-0.970800982904382,0.448017449161097,0.522783533683631,-0.550128383432184,0.296669223854838,0.253459159380914
2.316,-0.952100557736908,0.307594816842803,0.644505740843823,-0.54735248119523,0.220545087957216,0.326807393035046
2.3165,-0.909956256978797,0.15959817927921,0.750358077659916,-0.531098944311635,0.138990400042091,0.392108544065038
2.317,-0.845405813218329,0.00767170487875188,0.837734108311493,-0.501767988799553,0.0540133071978402,0.447754681400704
2.3175,-0.760038672588177,-0.144443672371451,0.90448234494382,-0.460081840136686,-0.0322937725288697,0.492375612472993
2.318,-0.655956857410624,-0.293002367016327,0.948959224423811,-0.407066949639301,-0.11780567240263,0.524872621862557
2.3185,-0.535723207421991,-0.434346370968218,0.970069578399815,-0.344028719868108,-0.200416805642149,0.544445525348488
2.319,-0.402298274084927,-0.564995325761024,0.967293599868065,-0.272519361247664,-0.278093011986011,0.550612373093494
2.3195,-0.258967422103302,-0.681732220508272,0.940699642645652,-0.194299671509745,-0.348921645434878,0.543221316829482
2.32,-0.109259932720493,-0.781682605461218,0.890942538226913,-0.111295679021652,-0.411158669967476,0.522454348901862
2.3205,0.0431378988249512,-0.862385370402657,0.819247471632919,-0.0255512175408993,-0.463271603491939,0.488822820975597
2.321,0.194473532119757,-0.921853345432455,0.727379813376565,0.0608223997118525,-0.503977252623106,0.443154852885445
2.3215,0.341020581651013,-0.958622231650005,0.617601650069939,0.14569836762535,-0.532273309194235,0.386574941575146
2.322,0.479170572666152,-0.971786657025988,0.492616084436115,0.226986758186808,-0.547463030377557,0.320476272228925
2.3225,0.60552179390991,-0.961022469744442,0.355500675914264,0.302685981429779,-0.549172394825797,0.246486413465169
2.323,0.716963058983578,-0.926594719799142,0.209631660896788,0.370932071258384,-0.537359312318811,0.16642724115885
2.3235,0.810750314065458,-0.869351132660063,0.0586008186753196,0.430044582436743,-0.512314660144306,0.0822700778328349
2.324,0.884574205706334,-0.790701235432964,-0.0938729701951508,0.478567968758405,-0.474655120765949,-0.00391284784342035
2.3245,0.936616944657255,-0.692581649588914,-0.244035294994545,0.515307423417609,-0.425307997023183,-0.089999426225297
2.325,0.965597065979161,-0.577408404997948,-0.388188660913657,0.539358299098946,-0.365488378875425,-0.173869920038463
2.3255,0.970800982912646,-0.448017449160698,-0.522783533692294,0.550128383434123,-0.296669223857599,-0.253459159380091
2.326,0.952100557727061,-0.307594816838366,-0.644505740838415,0.547352481195413,-0.220545087954922,-0.326807393037523
2.3265,0.909956256986239,-0.159598179286653,-0.750358077659915,0.531098944309423,-0.138990400042995,-0.392108544061921
2.327,0.845405813216274,-0.00767170487133165,-0.837734108316857,0.501767988802885,-0.0540133071986778,-0.447754681403198
2.3275,0.760038672584062,0.144443672367047,-0.904482344935302,0.460081840133588,0.0322937725310979,-0.492375612472123
2.328,0.655956857419197,0.293002367015963,-0.948959224432021,0.407066949640916,0.117805672399924,-0.524872621861466
2.3285,0.535723207412456,0.434346370973162,-0.970069578395224,0.344028719868614,0.200416805644239,-0.544445525351084
2.329,0.402298274091568,0.564995325753532,-0.967293599867215,0.272519361245259,0.278093011985376,-0.550612373090454
2.3295,0.258967422102208,0.681732220515268,-0.940699642651554,0.194299671513063,0.348921645433815,-0.543221316831737
2.33,0.109259932715643,0.781682605457538,-0.890942538218383,0.111295679018766,0.411158669969795,-0.522454348901296
2.3305,-0.0431378988161657,0.862385370401565,-0.819247471640614,0.0255512175421905,0.463271603489311,-0.48882282097426
2.331,-0.194473532128901,0.921853345437838,-0.727379813372803,-0.0608223997110423,0.503977252624981,-0.44315485288813
2.3315,-0.341020581645202,0.958622231642539,-0.617601650068283,-0.145698367627917,0.532273309193865,-0.386574941572209
2.332,-0.479170572666312,0.971786657032508,-0.492616084442475,-0.226986758183534,0.547463030376287,-0.320476272230928
2.3325,-0.605521793915417,0.96102246974149,-0.355500675905806,-0.302685981432432,0.549172394828182,-0.246486413464901
2.333,-0.716963058974674,0.926594719797364,-0.209631660903914,-0.370932071257416,0.537359312316284,-0.166427241157291
2.3335,-0.810750314074139,0.869351132665814,-0.0586008186723895,-0.430044582435649,0.512314660145956,-0.0822700778355787
2.334,-0.884574205701376,0.790701235425595,0.0938729701975628,-0.478567968761102,0.474655120765836,0.0039128478462306
2.3345,-0.93661694465652,0.692581649594915,0.244035294987809,-0.51530742341441,0.425307997021728,0.0899994262235538
2.335,-0.965597065985244,0.577408404995725,0.388188660921963,-0.539358299101351,0.365488378877849,0.173869920038443
2.3355,-0.970800982903714,0.448017449158278,0.522783533685782,-0.550128383433474,0.296669223855193,0.253459159381849
2.336,-0.952100557735214,0.307594816844412,0.64450574084052,-0.547352481194058,0.22054508795634,0.32680739303475
2.3365,-0.909956256982148,0.159598179279448,0.750358077663028,-0.531098944312218,0.138990400043129,0.392108544064582
2.337,-0.845405813214687,0.00767170487677662,0.837734108309825,-0.50176798879979,0.0540133071970587,0.447754681401722
2.3375,-0.760038672590639,-0.144443672368551,0.904482344943383,-0.460081840135732,-0.0322937725286594,0.492375612471829
2.338,-0.655956857410325,-0.293002367018973,0.94895922442616,-0.407066949640581,-0.11780567240219,0.524872621863397
2.3385,-0.535723207420023,-0.434346370966889,0.970069578396519,-0.344028719867021,-0.200416805643056,0.544445525348309
2.339,-0.402298274088347,-0.564995325760509,0.967293599870971,-0.272519361248121,-0.278093011985006,0.550612373092946
2.3395,-0.25896742209982,-0.681732220510408,0.940699642644306,-0.194299671510097,-0.348921645435575,0.543221316830531
2.34,-0.10925993272263,-0.781682605458338,0.89094253822617,-0.111295679020639,-0.411158669967367,0.52245434890074
2.3405,0.0431378988248935,-0.862385370405114,0.819247471635435,-0.0255512175421578,-0.463271603491422,0.488822820976338
2.341,0.194473532121968,-0.921853345431409,0.727379813373307,0.0608223997128476,-0.503977252624036,0.44315485288538
2.3415,0.341020581647558,-0.95862223164923,0.617601650072619,0.145698367625018,-0.532273309193273,0.386574941574515
2.342,0.479170572669445,-0.971786657028257,0.49261608443509,0.226986758186349,-0.547463030378165,0.320476272229992
2.3425,0.605521793908105,-0.961022469741607,0.355500675913235,0.302685981430837,-0.549172394825787,0.2464864134641
2.343,0.716963058983179,-0.926594719801393,0.209631660899438,0.370932071257158,-0.537359312318226,0.16642724115949
2.3435,0.810750314067883,-0.869351132659299,0.058600818672131,0.43004458243764,-0.512314660145248,0.0822700778328795
2.344,0.88457420570288,-0.790701235431947,-0.0938729701927147,0.478567968758196,-0.474655120765036,-0.00391284784412479
2.3445,0.936616944660337,-0.692581649591288,-0.244035294995253,0.515307423417052,-0.425307997023701,-0.0899994262242216
2.345,0.965597065977692,-0.577408404995186,-0.388188660914949,0.539358299100039,-0.365488378875509,-0.173869920039471
2.3455,0.970800982911923,-0.44801744916273,-0.52278353368954,0.55012838343294,-0.296669223856953,-0.253459159379555
2.346,0.952100557729666,-0.307594816837877,-0.644505740841507,0.547352481196208,-0.220545087955866,-0.326807393037374
2.3465,0.90995625698282,-0.159598179285414,-0.750358077657735,0.531098944309333,-0.138990400042138,-0.392108544062689
2.347,0.845405813219121,-0.00767170487378382,-0.837734108317253,0.50176798880224,-0.0540133071991047,-0.447754681402126
2.3475,0.76003867258293,0.144443672369712,-0.904482344936835,0.460081840134702,0.0322937725309241,-0.492375612473064
2.348,0.655956857418171,0.293002367014161,-0.948959224429193,0.407066949639787,0.117805672400621,-0.524872621861034
2.3485,0.535723207415208,0.434346370973381,-0.970069578398194,0.344028719869303,0.200416805643302,-0.544445525350836
2.349,0.402298274088216,0.564995325754972,-0.967293599865302,0.272519361245285,0.278093011986171,-0.550612373091276
2.3495,0.258967422104805,0.681732220512764,-0.940699642651647,0.194299671512339,0.34892164543348,-0.543221316830678
2.35,0.109259932714844,0.781682605460085,-0.890942538220132,0.111295679019891,0.411158669969537,-0.522454348902163
2.3505,-0.0431378988174717,0.862385370400001,-0.819247471637744,0.0255512175411229,0.463271603490051,-0.488822820973933
2.351,-0.194473532126035,0.921853345437795,-0.727379813375627,-0.060822399710462,0.503977252624059,-0.44315485288779
2.3515,-0.341020581648459,0.958622231644158,-0.617601650066645,-0.14569836762778,0.532273309194593,-0.386574941573074
2.352,-0.479170572663982,0.97178665702998,-0.492616084442277,-0.226986758184327,0.547463030376043,-0.320476272229892
2.3525,-0.605521793915888,0.9610224697439,-0.355500675907745,-0.302685981431309,0.549172394827846,-0.246486413465688
2.353,-0.716963058976236,0.926594719796043,-0.209631660901031,-0.370932071258414,0.537359312317059,-0.166427241157067
2.3535,-0.810750314071191,0.869351132665522,-0.058600818675045,-0.430044582435178,0.512314660145059,-0.0822700778351525
2.354,-0.884574205704509,0.790701235427369,0.0938729701989219,-0.47856796876086,0.474655120766493,0.00391284784533246
2.3545,-0.936616944654468,0.692581649592388,0.244035294988284,-0.515307423415261,0.425307997021575,0.089999426224558
2.355,-0.965597065985397,0.577408404997979,0.388188660919862,-0.53935829910024,0.365488378877441,0.17386992003774
2.3555,-0.970800982905506,0.448017449157204,0.522783533688649,-0.550128383434396,0.296669223855993,0.253459159381971
2.356,-0.952100557732216,0.307594816843884,0.644505740838051,-0.547352481193697,0.220545087955475,0.326807393035254
2.3565,-0.909956256985132,0.159598179281354,0.750358077664107,-0.531098944311878,0.138990400043711,0.392108544063661
2.357,-0.845405813212921,0.0076717048742752,0.83773410831056,-0.501767988800688,0.0540133071969934,0.447754681402685
2.3575,-0.760038672590484,-0.144443672366467,0.904482344941145,-0.460081840134643,-0.0322937725291319,0.492375612471212
2.358,-0.655956857412322,-0.293002367019802,0.948959224428985,-0.407066949641421,-0.117805672401375,0.524872621863421
2.3585,-0.535723207417006,-0.43434637096764,0.970069578394252,-0.344028719866769,-0.200416805643883,0.544445525348882
2.359,-0.402298274091159,-0.564995325758495,0.967293599871769,-0.272519361247691,-0.278093011984502,0.550612373092012
2.3595,-0.258967422098346,-0.681732220512861,0.940699642645285,-0.194299671511032,-0.348921645435556,0.543221316831446
2.36,-0.109259932722183,-0.781682605456438,0.890942538223824,-0.111295679019582,-0.411158669967897,0.522454348900213
2.3605,0.0431378988227217,-0.862385370405698,0.81924747163819,-0.0255512175429105,-0.463271603490599,0.488822820976268
2.361,0.194473532124974,-0.921853345432365,0.727379813371257,0.0608223997129937,-0.503977252624817,0.443154852886015
2.3615,0.341020581644938,-0.958622231647133,0.617601650073142,0.145698367625531,-0.532273309192848,0.386574941573577
2.362,0.479170572670626,-0.971786657030639,0.492616084436292,0.226986758185388,-0.547463030378065,0.320476272230852
2.3625,0.605521793908828,-0.961022469739903,0.355500675910807,0.302685981431854,-0.549172394826367,0.246486413463663
2.363,0.716963058980859,-0.926594719801738,0.209631660902102,0.370932071256496,-0.537359312317404,0.16642724115933
2.3635,0.810750314070849,-0.869351132660441,0.0586008186703078,0.430044582437683,-0.512314660145978,0.0822700778335664
2.364,0.884574205700469,-0.79070123542979,-0.0938729701924606,0.478567968758783,-0.474655120764691,-0.0039128478450575
2.3645,0.936616944661224,-0.692581649593581,-0.244035294993848,0.515307423416075,-0.425307997023524,-0.0899994262234225
2.365,0.965597065978673,-0.577408404993685,-0.388188660917432,0.539358299101006,-0.365488378876131,-0.173869920039816
2.3655,0.970800982909485,-0.448017449162841,-0.52278353368699,0.550128383432371,-0.29666922385614,-0.2534591593798
2.366,0.952100557732564,-0.307594816839189,-0.644505740843094,0.547352481196151,-0.22054508795654,-0.326807393036643
2.3665,0.909956256980633,-0.15959817928322,-0.750358077657742,0.531098944309987,-0.138990400041873,-0.392108544063607
2.367,0.84540581321972,-0.00767170487596672,-0.837734108315668,0.501767988801257,-0.0540133071988556,-0.447754681401393
2.3675,0.760038672584148,0.144443672371005,-0.904482344939345,0.460081840135614,0.032293772530267,-0.492375612473318
2.368,0.655956857415643,0.293002367014274,-0.948959224426778,0.407066949639313,0.117805672401418,-0.524872621861358
2.3685,0.535723207418014,0.43434637097192,-0.97006957839954,0.344028719869151,0.200416805642688,-0.54444552535007
2.369,0.402298274086265,0.564995325757179,-0.967293599865559,0.272519361245995,0.278093011986356,-0.550612373092171
2.3695,0.258967422105119,0.681732220510707,-0.940699642649904,0.194299671511361,0.348921645433795,-0.543221316830016
2.37,0.109259932716279,0.781682605461164,-0.890942538222645,0.111295679020739,0.411158669968853,-0.522454348902327
2.3705,-0.0431378988200617,0.862385370400329,-0.819247471635481,0.025551217540745,0.463271603490825,-0.488822820974329
2.371,-0.194473532123344,0.921853345436206,-0.727379813376728,-0.060822399710703,0.503977252623509,-0.443154852886998
2.3715,-0.341020581650164,0.958622231646357,-0.61760165006714,-0.145698367627023,0.5322733091947,-0.386574941573939
2.372,-0.479170572663942,0.971786657028063,-0.4926160844404,-0.226986758185291,0.547463030376419,-0.320476272229304
2.3725,-0.60552179391426,0.961022469744764,-0.355500675910236,-0.302685981430529,0.549172394827143,-0.246486413465765
2.373,-0.71696305897886,0.926594719796573,-0.209631660898936,-0.370932071258697,0.537359312317803,-0.166427241157529
2.3735,-0.810750314068638,0.869351132663825,-0.0586008186759021,-0.430044582435502,0.512314660144575,-0.0822700778343439
2.374,-0.884574205705963,0.790701235429539,0.0938729701982057,-0.478567968760065,0.474655120766524,0.00391284784450527
2.3745,-0.936616944654691,0.692581649590624,0.244035294990271,-0.515307423416203,0.425307997022005,0.0899994262250694
2.375,-0.9655970659836,0.577408404998629,0.388188660917415,-0.539358299099533,0.365488378876727,0.173869920037747
2.3755,-0.970800982908138,0.448017449157922,0.522783533690564,-0.550128383434584,0.296669223856701,0.253459159381452
2.376,-0.952100557729818,0.3075948168421,0.644505740837437,-0.547352481194098,0.220545087955059,0.326807393036071
2.3765,-0.909956256986331,0.159598179283475,0.750358077663184,-0.531098944311054,0.138990400043669,0.392108544062878
2.377,-0.845405813213395,0.0076717048726747,0.837734108312635,-0.501767988801599,0.0540133071974716,0.447754681403118
2.3775,-0.760038672588543,-0.14444367236603,0.904482344938766,-0.460081840134013,-0.0322937725298504,0.492375612471301
2.378,-0.655956857414935,-0.29300236701891,0.948959224430706,-0.407066949641517,-0.117805672400708,0.524872621862851
2.3785,-0.535723207414781,-0.43434637096949,0.970069578393877,-0.34402871986724,-0.200416805644229,0.5444455253497
2.379,-0.402298274092102,-0.564995325756442,0.967293599870658,-0.272519361246847,-0.278093011984613,0.550612373091279
2.3795,-0.258967422099056,-0.681732220514288,0.940699642647421,-0.194299671511905,-0.348921645435036,0.5432213168318
2.38,-0.109259932720121,-0.781682605456208,0.890942538221532,-0.111295679019032,-0.411158669968612,0.522454348900379
2.3805,0.0431378988201515,-0.862385370404649,0.819247471639711,-0.0255512175429177,-0.463271603489978,0.488822820975654
2.381,0.194473532127011,-0.92185334543426,0.727379813371114,0.0608223997124604,-0.503977252625094,0.443154852886824
2.3815,0.34102058164425,-0.958622231645165,0.61760165007186,0.145698367626386,-0.532273309193024,0.386574941572899
2.382,0.479170572669697,-0.971786657031887,0.492616084438469,0.22698675818456,-0.547463030377511,0.320476272231126
2.3825,0.605521793910985,-0.961022469739873,0.355500675908621,0.302685981432322,-0.549172394827073,0.246486413463901
2.383,0.716963058978356,-0.926594719800547,0.209631660903415,0.370932071256575,-0.537359312316833,0.166427241158681
2.3835,0.810750314072687,-0.869351132662362,0.0586008186703903,0.430044582437095,-0.512314660146185,0.0822700778343612
2.384,0.884574205700032,-0.790701235427921,-0.0938729701938933,0.47856796875964,-0.474655120764929,-0.00391284784567646
2.3845,0.936616944660095,-0.692581649594644,-0.244035294991655,0.515307423415299,-0.425307997022942,-0.0899994262232277
2.385,0.9655970659809,-0.577408404993849,-0.388188660919495,0.539358299101391,-0.36548837887682,-0.173869920039512
2.3855,0.970800982907069,-0.448017449161526,-0.522783533685889,0.550128383432531,-0.296669223855623,-0.253459159380477
2.386,0.952100557734194,-0.307594816841114,-0.644505740842799,0.547352481195517,-0.220545087956678,-0.326807393035871
2.3865,0.909956256980442,-0.159598179281466,-0.750358077659305,0.531098944310837,-0.138990400042167,-0.392108544064164
2.387,0.845405813218408,-0.00767170487684386,-0.837734108313479,0.501767988800537,-0.0540133071982525,-0.447754681401276
2.3875,0.760038672586421,0.144443672370657,-0.904482344941271,0.460081840135915,0.0322937725296002,-0.492375612472953
2.388,0.655956857413334,0.293002367015694,-0.94895922442589,0.407066949639549,0.117805672401879,-0.524872621862055
2.3885,0.535723207419427,0.434346370970008,-0.970069578399041,0.344028719868478,0.200416805642617,-0.544445525349327
2.389,0.40229827408631,0.564995325758807,-0.967293599867232,0.272519361246831,0.278093011986012,-0.550612373092661
2.3895,0.258967422103647,0.681732220510017,-0.940699642647742,0.194299671510702,0.348921645434413,-0.543221316829974
2.39,0.109259932718573,0.781682605460645,-0.89094253822442,0.111295679020958,0.411158669968215,-0.522454348901907
2.3905,-0.0431378988222448,0.862385370401837,-0.819247471634806,0.0255512175410519,0.463271603491227,-0.488822820975037
2.391,-0.194473532122151,0.921853345434325,-0.72737981337604,-0.0608223997114066,0.503977252623504,-0.443154852886289
2.3915,-0.341020581649893,0.958622231647848,-0.617601650068901,-0.145698367626209,0.53227330919431,-0.386574941574361
2.392,-0.479170572665555,0.97178665702756,-0.492616084438284,-0.226986758185885,0.547463030377045,-0.320476272229335
2.3925,-0.605521793911967,0.961022469744085,-0.35550067591185,-0.302685981430392,0.549172394826538,-0.246486413465296
2.393,-0.716963058980902,0.92659471979815,-0.209631660898472,-0.370932071258325,0.537359312318145,-0.166427241158242
2.3935,-0.810750314067668,0.869351132661992,-0.058600818675039,-0.430044582436228,0.512314660144632,-0.0822700778336751
2.394,-0.884574205705477,0.790701235430884,0.0938729701963747,-0.47856796875928,0.474655120766094,0.00391284784415142
2.3945,-0.936616944656424,0.692581649590305,0.244035294992323,-0.515307423416729,0.425307997022631,0.0899994262249686
2.395,-0.965597065981332,0.577408404997802,0.388188660915973,-0.539358299099476,0.365488378876158,0.173869920038259
2.3955,-0.970800982910024,0.448017449159551,0.52278353369082,-0.550128383434154,0.296669223856982,0.25345915938074
2.396,-0.952100557729073,0.307594816840332,0.64450574083846,-0.547352481194838,0.220545087955176,0.326807393036694
2.3965,-0.909956256985645,0.159598179284667,0.750358077661306,-0.531098944310305,0.138990400043205,0.392108544062593
2.397,-0.845405813215224,0.00767170487253508,0.837734108314604,-0.501767988802054,0.0540133071980935,0.447754681402952
2.3975,-0.760038672586318,-0.144443672366989,0.904482344937501,-0.460081840134033,-0.0322937725303773,0.492375612471848
2.398,-0.655956857416654,-0.293002367017248,0.948959224430763,-0.407066949641034,-0.117805672400488,0.524872621862148
2.3985,-0.535723207414257,-0.434346370971179,0.970069578395042,-0.344028719867986,-0.200416805644057,0.544445525350274
2.399,-0.402298274091229,-0.564995325755408,0.967293599868752,-0.272519361246139,-0.278093011985105,0.550612373091064
2.3995,-0.258967422100961,-0.681732220514255,0.940699642649294,-0.194299671512288,-0.348921645434425,0.543221316831572
2.4,-0.109259932717961,-0.781682605457285,0.890942538220449,-0.111295679019125,-0.411158669969094,0.522454348900954
2.4005,0.0431378988186097,-0.86238537040297,0.819247471639575,-0.0255512175423899,-0.463271603489819,0.488822820974967
2.401,0.194473532127318,-0.921853345435858,0.727379813372405,0.0608223997117145,-0.503977252624869,0.443154852887346
2.4015,0.341020581645292,-0.958622231644292,0.617601650069946,0.145698367627047,-0.532273309193539,0.386574941572753
2.402,0.479170572667738,-0.971786657031689,0.492616084440229,0.226986758184249,-0.547463030376916,0.320476272230842
2.4025,0.605521793913062,-0.961022469741054,0.355500675907724,0.302685981432159,-0.549172394827507,0.246486413464498
2.403,0.716963058976998,-0.926594719798869,0.209631660903095,0.370932071257141,-0.537359312316733,0.166427241158015
2.4035,0.810750314072783,-0.869351132663856,0.0586008186717882,0.430044582436357,-0.512314660145913,0.0822700778348273
2.404,0.884574205701226,-0.790701235427212,-0.0938729701957965,0.478567968760251,-0.47465512076546,-0.00391284784575553
2.4045,0.936616944658103,-0.692581649594289,-0.244035294990019,0.515307423415061,-0.425307997022368,-0.0899994262235635
2.405,0.965597065982878,-0.577408404995116,-0.388188660920206,0.539358299101164,-0.365488378877205,-0.1738699200389
2.4055,0.970800982905901,-0.448017449159866,-0.522783533686382,0.550128383433128,-0.296669223855581,-0.253459159381115
2.406,0.952100557734086,-0.307594816842494,-0.64450574084131,0.547352481194794,-0.220545087956363,-0.326807393035463
2.4065,0.909956256981771,-0.15959817928092,-0.750358077661179,0.531098944311392,-0.138990400042708,-0.392108544064177
2.407,0.845405813216404,-0.00767170487634144,-0.837734108311978,0.501767988800371,-0.0540133071977044,-0.447754681401657
2.4075,0.760038672588284,0.144443672369319,-0.904482344941797,0.460081840135627,0.0322937725292671,-0.492375612472332
2.408,0.655956857412361,0.293002367017322,-0.948959224426544,0.407066949640171,0.117805672401865,-0.524872621862662
2.4085,0.535723207419125,0.43434637096875,-0.970069578397482,0.344028719867777,0.20041680564297,-0.544445525348978
2.409,0.402298274087755,0.564995325759191,-0.96729359986906,0.272519361247329,0.278093011985465,-0.550612373092613
2.4095,0.258967422101651,0.681732220510655,-0.940699642646385,0.194299671510607,0.348921645434931,-0.543221316830397
2.41,0.109259932720309,0.781682605459251,-0.890942538224763,0.111295679020615,0.411158669967934,-0.522454348901284
2.4105,-0.0431378988230238,0.862385370403418,-0.819247471635608,0.0255512175416904,0.463271603491159,-0.488822820975608
2.411,-0.194473532122636,0.921853345433197,-0.727379813374427,-0.0608223997120807,0.50397725262389,-0.443154852886001
2.4115,-0.341020581648351,0.958622231648073,-0.617601650070668,-0.145698367625772,0.532273309193764,-0.386574941574253
2.412,-0.479170572667523,0.971786657028322,-0.492616084437077,-0.226986758185912,0.547463030377529,-0.320476272229792
2.4125,-0.605521793910371,0.961022469742651,-0.355500675912013,-0.302685981430784,0.54917239482631,-0.246486413464677
2.413,-0.716963058981486,0.926594719799671,-0.209631660899409,-0.370932071257676,0.537359312318026,-0.166427241158772
2.4135,-0.810750314068324,0.869351132661,-0.0586008186733901,-0.43004458243687,0.512314660145046,-0.0822700778334477
2.414,-0.884574205703857,0.790701235430953,0.0938729701946847,-0.478567968758904,0.474655120765554,0.00391284784431541
2.4145,-0.936616944658347,0.692581649591179,0.244035294993372,-0.51530742341669,0.425307997023078,0.0899994262244825
2.415,-0.965597065979883,0.577408404996345,0.388188660915982,-0.539358299099911,0.365488378875984,0.173869920038868
2.4155,-0.970800982910416,0.448017449160999,0.522783533689765,-0.550128383433501,0.296669223856816,0.253459159380254
2.416,-0.952100557729885,0.307594816839478,0.644505740840127,-0.547352481195442,0.220545087955613,0.326807393036861
2.4165,-0.909956256983965,0.159598179284589,0.750358077659704,-0.531098944309992,0.138990400042676,0.39210854406281
2.417,-0.845405813217086,0.00767170487350691,0.837734108315494,-0.501767988801952,0.0540133071985002,0.447754681402443
2.4175,-0.760038672585027,-0.144443672368456,0.904482344937676,-0.460081840134505,-0.0322937725304986,0.492375612472441
2.418,-0.655956857416857,-0.293002367015883,0.948959224429602,-0.407066949640385,-0.117805672400698,0.52487262186171
2.4185,-0.535723207415214,-0.434346370971891,0.970069578396711,-0.344028719868548,-0.200416805643602,0.544445525350382
2.419,-0.402298274089509,-0.564995325755629,0.967293599867252,-0.27251936124589,-0.278093011985619,0.550612373091328
2.4195,-0.258967422102745,-0.681732220513198,0.94069964265002,-0.194299671512126,-0.34892164543406,0.543221316831046
2.42,-0.109259932716833,-0.781682605458746,0.890942538220782,-0.111295679019629,-0.411158669969164,0.522454348901527
2.4205,0.0431378988185878,-0.862385370401699,0.819247471638326,-0.0255512175417499,-0.463271603490069,0.488822820974577
2.421,0.194473532126235,-0.921853345436427,0.727379813374058,0.0608223997111981,-0.503977252624402,0.443154852887396
2.4215,0.341020581647035,-0.958622231644647,0.617601650068558,0.145698367627233,-0.532273309194032,0.38657494157306
2.422,0.479170572666045,-0.97178665703056,0.492616084440794,0.226986758184466,-0.547463030376595,0.320476272230305
2.4225,0.605521793914023,-0.961022469742494,0.355500675908203,0.30268598143163,-0.549172394827526,0.246486413465047
2.423,0.716963058977151,-0.926594719797701,0.209631660901774,0.370932071257765,-0.53735931231702,0.166427241157677
2.4235,0.810750314071586,-0.869351132664284,0.0586008186734117,0.430044582435889,-0.512314660145439,0.0822700778348203
2.424,0.884574205702974,-0.790701235427692,-0.0938729701970644,0.478567968760374,-0.474655120765929,-0.00391284784540973
2.4245,0.936616944656514,-0.692581649593103,-0.244035294989615,0.515307423415329,-0.425307997022093,-0.0899994262241063
2.425,0.96559706598367,-0.577408404996524,-0.388188660919589,0.539358299100616,-0.365488378877176,-0.173869920038381
2.4255,0.970800982906221,-0.448017449158807,-0.522783533687761,0.550128383433732,-0.296669223855899,-0.253459159381401
2.426,0.952100557732794,-0.307594816842781,-0.644505740839732,0.547352481194377,-0.220545087955886,-0.326807393035523
2.4265,0.909956256983505,-0.159598179281516,-0.750358077662319,0.531098944311455,-0.13899040004315,-0.392108544063798
2.427,0.845405813214931,-0.00767170487511232,-0.837734108311734,0.501767988800685,-0.0540133071974755,-0.4477546814022
2.4275,0.760038672588906,0.144443672367957,-0.904482344941055,0.460081840135066,0.0322937725293422,-0.492375612471846
2.428,0.655956857412836,0.293002367018267,-0.948959224427964,0.40706694964075,0.117805672401519,-0.524872621862895
2.4285,0.535723207417754,0.434346370968601,-0.970069578395962,0.344028719867413,0.200416805643445,-0.544445525349089
2.429,0.402298274089461,0.564995325758491,-0.967293599870067,0.272519361247332,0.278093011985054,-0.550612373092205
2.4295,0.258967422100301,0.681732220511914,-0.940699642646294,0.194299671510962,0.348921645435113,-0.543221316830935
2.43,0.109259932720761,0.781682605457945,-0.890942538223908,0.111295679020048,0.411158669968052,-0.522454348900835
2.4305,-0.0431378988224024,0.862385370404243,-0.819247471637054,0.0255512175422392,0.463271603490791,-0.488822820975788
2.431,-0.19447353212407,0.921853345433181,-0.727379813372977,-0.0608223997123899,0.503977252624358,-0.44315485288616
2.4315,-0.34102058164669,0.95862223164728,-0.617601650071537,-0.145698367625825,0.532273309193386,-0.386574941573822
2.432,-0.47917057266874,0.971786657029597,-0.492616084437137,-0.22698675818552,0.547463030377665,-0.32047627223032
2.4325,-0.605521793910086,0.961022469741412,-0.355500675911059,-0.302685981431352,0.549172394826469,-0.246486413464267
2.433,-0.716963058980733,0.926594719800374,-0.209631660900865,-0.370932071257162,0.537359312317639,-0.1664272411589
2.4335,-0.810750314069804,0.869351132661112,-0.0586008186720226,-0.430044582437123,0.512314660145504,-0.0822700778336509
2.434,-0.884574205702254,0.790701235430079,0.0938729701939571,-0.478567968759012,0.474655120765212,0.00391284784476529
2.4345,-0.936616944659425,0.692581649592457,0.244035294993172,-0.515307423416267,0.425307997023169,0.0899994262239701
2.435,-0.96559706597976,0.577408404995182,0.388188660917022,-0.539358299100475,0.36548837887618,0.173869920039236
2.4355,-0.970800982909543,0.448017449161577,0.522783533688312,-0.550128383433025,0.296669223856415,0.253459159380178
2.436,-0.952100557731395,0.307594816839712,0.644505740841403,-0.54735248119564,0.220545087956055,0.326807393036618
2.4365,-0.909956256982433,0.159598179283643,0.750358077659119,-0.53109894431015,0.138990400042371,0.392108544063273
2.437,-0.845405813218021,0.00767170487477606,0.837734108315159,-0.501767988801504,0.0540133071985459,0.447754681401949
2.4375,-0.760038672585062,-0.144443672369534,0.904482344938788,-0.46008184013506,-0.0322937725302688,0.492375612472766
2.438,-0.655956857415876,-0.293002367015429,0.948959224428167,-0.407066949639949,-0.117805672401108,0.524872621861683
2.4385,-0.535723207416737,-0.434346370971543,0.970069578397887,-0.344028719868692,-0.200416805643178,0.544445525350101
2.439,-0.402298274088062,-0.564995325756632,0.967293599866808,-0.272519361246095,-0.278093011985885,0.550612373091799
2.4395,-0.258967422103533,-0.68173222051195,0.94069964264956,-0.194299671511659,-0.348921645434058,0.543221316830576
2.44,-0.109259932717017,-0.781682605459733,0.890942538221953,-0.111295679020168,-0.411158669968904,0.522454348901807
2.4405,0.0431378988196612,-0.862385370401369,0.819247471636922,-0.0255512175413569,-0.463271603490484,0.488822820974599
2.441,0.194473532124712,-0.921853345435973,0.727379813375127,0.0608223997111087,-0.503977252624,0.443154852887083
2.4415,0.341020581648388,-0.958622231645696,0.617601650068254,0.145698367626986,-0.532273309194258,0.386574941573534
2.442,0.479170572665406,-0.971786657029345,0.492616084440217,0.226986758184948,-0.547463030376634,0.320476272229861
2.4425,0.605521793913697,-0.961022469743384,0.35550067590942,0.30268598143111,-0.54917239482724,0.24648641346528
2.443,0.716963058978303,-0.926594719797493,0.209631660900413,0.370932071258113,-0.537359312317436,0.166427241157745
2.4435,0.81075031407008,-0.869351132663731,0.0586008186743664,0.430044582435852,-0.512314660145062,0.0822700778344803
2.444,0.884574205704224,-0.790701235428774,-0.0938729701972312,0.478567968760087,-0.474655120766115,-0.00391284784493699
2.4445,0.936616944656023,-0.69258164959193,-0.244035294990297,0.51530742341582,-0.425307997022172,-0.0899994262245194
2.445,0.96559706598321,-0.577408404997312,-0.388188660918342,0.539358299100119,-0.365488378876867,-0.173869920038193
2.4455,0.970800982907437,-0.448017449158717,-0.522783533689067,0.550128383434033,-0.296669223856312,-0.25345915938129
2.446,0.952100557731318,-0.307594816842142,-0.644505740838895,0.547352481194391,-0.220545087955537,-0.326807393035886
2.4465,0.909956256984644,-0.15959817928262,-0.750358077662352,0.531098944311133,-0.138990400043296,-0.392108544063331
2.447,0.845405813214587,-0.0076717048739918,-0.83773410831251,0.501767988801181,-0.0540133071975913,-0.447754681402581
2.4475,0.760038672588323,0.144443672367273,-0.904482344939789,0.460081840134598,0.0322937725296695,-0.492375612471705
2.448,0.655956857414103,0.293002367018242,-0.948959224429205,0.407066949641003,0.117805672401114,-0.524872621862742
2.4485,0.535723207416321,0.434346370969319,-0.970069578395246,0.344028719867476,0.200416805643764,-0.544445525349472
2.449,0.402298274090481,0.564995325757376,-0.967293599869972,0.272519361246981,0.278093011984949,-0.550612373091749
2.4495,0.258967422100102,0.681732220512973,-0.940699642647153,0.194299671511457,0.348921645434963,-0.54322131683128
2.45,0.109259932720066,0.781682605457369,-0.890942538222638,0.111295679019609,0.411158669968395,-0.522454348900738
2.4505,-0.0431378988211017,0.862385370404108,-0.819247471638221,0.0255512175424441,0.463271603490396,-0.488822820975598
2.451,-0.194473532125448,0.921853345433966,-0.727379813372385,-0.0608223997122808,0.503977252624645,-0.443154852886557
2.4515,-0.341020581645791,0.958622231646166,-0.617601650071321,-0.145698367626202,0.532273309193321,-0.38657494157338
2.452,-0.4791705726688,0.971786657030588,-0.492616084438067,-0.226986758185031,0.547463030377483,-0.320476272230628
2.4525,-0.605521793910881,0.961022469740944,-0.355500675909796,-0.302685981431757,0.549172394826822,-0.246486413464215
2.453,-0.716963058979409,0.926594719800135,-0.209631660901949,-0.370932071257005,0.537359312317258,-0.166427241158676
2.4535,-0.810750314071115,0.869351132661955,-0.0586008186715537,-0.430044582436971,0.512314660145758,-0.0822700778340575
2.454,-0.884574205701483,0.790701235428976,0.0938729701942877,-0.478567968759409,0.474655120765185,0.00391284784518911
2.4545,-0.93661694465935,0.692581649593371,0.244035294992182,-0.515307423415788,0.425307997022958,0.0899994262237003
2.455,-0.965597065980645,0.577408404994823,0.388188660918266,-0.539358299100843,0.36548837887654,0.173869920039244
2.4555,-0.970800982908212,0.448017449161241,0.522783533687318,-0.550128383432916,0.296669223856051,0.253459159380433
2.456,-0.95210055773263,0.307594816840601,0.644505740841748,-0.547352481195448,0.220545087956275,0.326807393036205
2.4565,-0.909956256981791,0.159598179282564,0.750358077659556,-0.531098944310563,0.138990400042382,0.392108544063675
2.457,-0.845405813217816,0.00767170487560938,0.837734108314122,-0.501767988801039,0.0540133071983106,0.447754681401719
2.4575,-0.760038672586023,-0.144443672369786,0.904482344940002,-0.460081840135389,-0.0322937725299061,0.492375612472733
2.458,-0.655956857414553,-0.293002367015855,0.948959224427269,-0.407066949639887,-0.117805672401452,0.524872621861964
2.4585,-0.535723207417888,-0.434346370970617,0.97006957839811,-0.344028719868464,-0.200416805642993,0.544445525349688
2.459,-0.402298274087548,-0.564995325757681,0.967293599867343,-0.272519361246519,-0.278093011985839,0.550612373092177
2.4595,-0.258967422103207,-0.681732220511202,0.940699642648488,-0.194299671511211,-0.348921645434315,0.543221316830386
2.46,-0.109259932718043,-0.781682605459879,0.890942538223125,-0.111295679020458,-0.411158669968542,0.522454348901734
2.4605,0.0431378988209675,-0.862385370401878,0.819247471636124,-0.0255512175413402,-0.463271603490805,0.488822820974904
2.461,0.194473532123654,-0.92185334543502,0.727379813375232,0.0608223997113698,-0.50397725262385,0.443154852886673
2.4615,0.341020581648772,-0.958622231646704,0.617601650068878,0.145698367626555,-0.532273309194179,0.386574941573885
2.462,0.479170572665844,-0.971786657028688,0.492616084439123,0.226986758185374,-0.54746303037691,0.320476272229711
2.4625,0.60552179391262,-0.961022469743428,0.355500675910541,0.302685981430862,-0.549172394826882,0.246486413465171
2.463,0.71696305897958,-0.926594719798074,0.209631660899718,0.370932071258086,-0.537359312317732,0.166427241158068
2.4635,0.810750314069122,-0.869351132662764,0.0586008186743572,0.430044582436142,-0.512314660144948,0.082270077834076
2.464,0.884574205704481,-0.790701235429734,-0.0938729701965281,0.478567968759654,-0.474655120766004,-0.00391284784461554
2.4645,0.936616944656566,-0.692581649591365,-0.244035294991404,0.515307423416221,-0.425307997022463,-0.0899994262246293
2.465,0.965597065982094,-0.577408404997257,-0.38818866091728,0.539358299099913,-0.365488378876517,-0.173869920038337
2.4655,0.970800982908672,-0.448017449159364,-0.522783533689655,0.550128383433964,-0.296669223856581,-0.253459159380951
2.466,0.952100557730464,-0.307594816841168,-0.644505740839014,0.547352481194706,-0.220545087955457,-0.326807393036281
2.4665,0.909956256984776,-0.159598179283524,-0.75035807766158,0.531098944310703,-0.138990400043155,-0.392108544063041
2.467,0.845405813215224,-0.00767170487352151,-0.837734108313618,0.501767988801554,-0.0540133071978936,-0.447754681402651
2.4675,0.76003867258718,0.144443672367423,-0.904482344938795,0.460081840134433,0.0322937725300099,-0.492375612471881
2.468,0.655956857415286,0.293002367017538,-0.948959224429684,0.407066949640895,0.117805672400872,-0.524872621862393
2.4685,0.535723207415576,0.434346370970288,-0.970069578395469,0.344028719867811,0.20041680564381,-0.544445525349852
2.469,0.402298274090492,0.564995325756535,-0.967293599869142,0.272519361246556,0.278093011985116,-0.550612373091491
2.4695,0.258967422100824,0.681732220513348,-0.940699642648251,0.1942996715118,0.348921645434652,-0.543221316831312
2.47,0.109259932718909,0.781682605457607,-0.890942538221719,0.111295679019487,0.411158669968722,-0.522454348900943
2.4705,0.408116079486551,0.408119302829788,-0.816367556854649,-0.446513280313935,0.93383268603649,-0.487234431664621
2.471,0.371935225598495,0.371941047831701,-0.74403485900277,-0.979356086791446,1.42703263769534,-0.44758790519771
2.4715,0.307802561760772,0.307812512310765,-0.615703780009653,-1.79058936655513,2.17491983623265,-0.384235035721986
2.472,0.241246826295629,0.241261216740984,-0.482459779674398,-2.66288085606891,2.98432249494425,-0.321341434273643
2.4725,0.180681317983399,0.1807003157114,-0.361262687875291,-3.57429278207842,3.8245397300925,-0.25015443164236
2.473,0.107364215818811,0.10738779315709,-0.214664239934691,-4.50030244083424,4.6663062089735,-0.165936771682117
2.4735,0.0271839228629388,0.0272119971394826,-0.0543693066785107,-5.40844561384895,5.48844395511168,-0.0799643892125312
2.474,-0.0478790050533061,-0.0478466042694076,0.0957366518424413,-6.27024867817495,6.26722333720687,0.00303032599035446
2.4745,-0.121378338204964,-0.121341992675156,0.242768950293577,-7.06350360495486,6.97534725533417,0.0881374538674476
2.475,-0.192881645830787,-0.192841875427449,0.385815573420958,-7.76509734756924,7.59031580391982,0.174739972299983
2.4755,-0.261141160592517,-0.261098510657083,0.522337737830637,-8.35092769195407,8.09560981354881,0.255251605597232
2.476,-0.324616923946479,-0.32457203639909,0.649257727682787,-8.80183402907323,8.47573782799649,0.326003947411891
2.4765,-0.374759407707036,-0.374713070436207,0.749510188270777,-9.10572130279709,8.71494413314771,0.390662407018396
2.477,-0.415754324911892,-0.415707354188829,0.831492735453741,-9.25235107254667,8.80308321829151,0.449135544504251
2.4775,-0.454296467153871,-0.454249654858594,0.908593410087837,-9.23173457660478,8.73770937002289,0.493878591448143
2.478,-0.476898840947158,-0.476853030555656,0.953813065801052,-9.04108056393923,8.51741681049445,0.523506538349616
2.4785,-0.481681290066053,-0.481637357091009,0.963369718220794,-8.68533037354137,8.14139070121146,0.543774704623204
2.479,-0.483010675123921,-0.48296941708815,0.966004731418506,-8.16957244141237,7.61687457426554,0.552526496990507
2.4795,-0.473690123887875,-0.473652261711442,0.947346334239281,-7.50085562869017,6.95703774049928,0.543645169133211
2.48,-0.44444244009127,-0.444408674235743,0.88884686905562,-6.69492788836805,6.17372403460937,0.521037316527616
2.4805,-0.407513782325917,-0.407484733380363,0.81499204530362,-5.77121117307557,5.28178348542562,0.489271339989381
2.481,-0.365434952750326,-0.365411089501438,0.730836426925325,-4.74782084439247,4.30319566073753,0.444481344435965
2.4815,-0.309480051686547,-0.309461732901046,0.618922537588825,-3.6469788778125,3.26065655054718,0.386194628487039
2.482,-0.245075074315777,-0.24506257407591,0.490102984745771,-2.49569204366818,2.17578239780825,0.319800869726013
2.4825,-0.177964595847786,-0.177958038534109,0.355875175403433,-1.32037993875784,1.07327301587786,0.247019227142002
2.483,-0.105095708157263,-0.105095048823119,0.210137752958344,-0.146807202276218,-0.0202899896645716,0.167033600147013
2.4835,-0.0293430312884708,-0.0293481132295239,0.0586362646727538,0.99785015602767,-1.07980872281175,0.0819211135397449
2.484,0.0465314226553016,0.0465208653129736,-0.0931101141597993,2.08619497729911,-2.08177563906874,-0.00443000418571102
2.4845,0.122814652137185,0.122799040863469,-0.24567673360201,3.09292800595306,-3.0032171893909,-0.0896945355559991
2.485,0.194149891712806,0.194129777173081,-0.388346997605824,3.99560169830228,-3.82213742445191,-0.173421926442954
2.4855,0.260015390528001,0.259991396891798,-0.520073983231791,4.77364877574968,-4.5195920805074,-0.253989206668626
2.486,0.323019079096101,0.322991916006887,-0.646075032061242,5.40827746463128,-5.08077412828182,-0.327411521761993
2.4865,0.376240316741402,0.376210792599227,-0.752511163980177,5.8850334677325,-5.49328662744518,-0.391633445678234
2.487,0.417374836192795,0.417343806585405,-0.834773318224056,6.19467574811082,-5.74693521601148,-0.447609019416242
2.4875,0.451997461082846,0.451965788495007,-0.904012041534562,6.33040112119867,-5.83698880567973,-0.493265170930733
2.488,0.475989102890653,0.475957670805237,-0.951990129534925,6.28876416507806,-5.7635500903726,-0.525054816842939
2.4885,0.484399923032715,0.484369622581088,-0.968805214508937,6.07274341124584,-5.52857775545124,-0.543998932861549
2.489,0.482729852600833,0.482701526060398,-0.965456284123488,5.68934676011943,-5.13816524582605,-0.551010957038309
2.4895,0.471359396302789,0.471333820034413,-0.94270744930286,5.14791457763887,-4.6039205285979,-0.543823391815367
2.49,0.445572411194205,0.445550306616068,-0.891127273842111,4.46254425807236,-3.94003091649045,-0.522347454977
2.4905,5.26721787943974e-05,3.77285058568148e-05,4.68448843182305e-05,4.0506031800839,-2.71055530052188,-1.33997650506717
2.491,6.2524490439322e-05,5.35883188858944e-05,5.35504793708674e-05,3.47671549941492,-1.57319668847407,-1.90346155969496
2.4915,4.22992484535143e-05,4.05041420695698e-05,2.90592540128355e-05,2.86962019580814,-0.24095091772482,-2.62863628335493
2.492,6.738427094476e-07,5.6935735050385e-06,-1.55386656001954e-05,2.11143107568973,1.04338347002822,-3.1548059504992
2.4925,-2.15366692007279e-05,-1.01385482229118e-05,-3.95870432997815e-05,1.2249226327562,2.25093188177942,-3.47585872107208
2.493,-1.24342277308834e-05,4.72783174673136e-06,-3.11556361668831e-05,0.235816673320256,3.3545671669244,-3.59038723022381
2.4935,7.36274663082924e-06,2.96268632413377e-05,-1.09286958638374e-05,-0.827840501617449,4.32958460877899,-3.5017412932767
2.494,1.30648377193498e-05,3.97051382539451e-05,-3.82736630183598e-06,-1.93635540602765,5.15432015160152,-3.2179591352269
2.4945,4.45878268641657e-07,3.05669145706429e-05,-1.40969526697869e-05,-3.05910648438757,5.81069277136866,-2.75158311799231
2.495,-1.54772906445369e-05,1.71352032110272e-05,-2.67478413226873e-05,-4.165289378642,6.28465544618474,-2.11936656085367
2.4955,-1.98349298519035e-05,1.43035108006135e-05,-2.70793251745466e-05,-5.22466873152657,6.56654482809637,-1.34187757647607
2.496,-1.24326609549671e-05,2.22351393223595e-05,-1.50542419667141e-05,-6.20831571105049,6.65132343756791,-0.443007521567634
2.4965,-4.63314759738823e-06,2.94976904959072e-05,-2.11110440838325e-06,-7.08931217560096,6.53870934416414,0.550604597882945
2.497,-5.63156584413428e-06,2.6939863812481e-05,2.42142157468309e-06,-7.84340493089447,6.23318921530286,1.61021686195592
2.4975,-1.38865430307968e-05,1.62036157818217e-05,-1.33335444301894e-07,-8.44959524630222,5.74391315099819,2.70568115673667
2.498,-2.09808635604957e-05,5.74111762528213e-06,-1.51769943940783e-06,-8.89064964294522,5.08447346992845,3.80617401743549
2.4985,-2.12682560118814e-05,1.24942904983123e-06,3.81344160148822e-06,-9.15351880352842,4.2725734080482,4.88094412332595
2.499,-1.64989435279114e-05,1.13171697502033e-06,1.39324476912997e-05,-9.22965327526576,3.32959480889387,5.90005911158292
2.4995,-1.22882070879686e-05,-7.5905875721357e-08,2.30302319619537e-05,-9.11520783084925,2.28007588128604,6.83513360914223
2.5,-1.19707710515358e-05,-5.61408046934606e-06,2.76671125137589e-05,-8.81113007412884,1.15111131322327,7.66001981868632
2.5005,-1.4219789749437e-05,-1.40140832303567e-05,2.90777185444949e-05,-8.32313184918876,-0.0283113101867703,8.35144290277183
2.501,-1.54955421000164e-05,-2.1535377766318e-05,3.06635981635437e-05,-7.66154414472128,-1.22802246865756,8.88956558076289
2.5015,-1.38271351751656e-05,-2.60518535105206e-05,3.42901993316003e-05,-6.84105847875032,-2.41741087646918,9.25846851864376
2.502,-1.02478306025457e-05,-2.8477463387431e-05,3.89010500196545e-05,-5.88036078147324,-3.5661742848143,9.44653495233085
2.5025,-7.11371192977294e-06,-3.10012985953199e-05,4.21109188640143e-05,-4.80166692173725,-4.64506264013811,9.44672998782376
2.503,-5.53561513348414e-06,-3.45586974861891e-05,4.27554596112338e-05,-3.63017153997289,-5.62659551060411,9.25676745737876
2.5035,-4.62933531672388e-06,-3.81566414970042e-05,4.17374280697159e-05,-2.39342385845754,-6.48573615404601,8.87916003265898
2.504,-2.96552486007499e-06,-4.02726257378686e-05,4.05537104686289e-05,-1.12064586187572,-7.2005056927879,8.32115130953319
2.5045,-2.22081528714085e-07,-4.04609653809028e-05,3.95730645836064e-05,0.15799044167332,-7.75252224170696,7.59453164318465
2.505,2.74633135439038e-06,-3.94880932968984e-05,3.79993027695202e-05,1.41210908421745,-8.12745147513292,6.71534244384788
2.5055,5.04703188454083e-06,-3.82207236619572e-05,3.50583477339394e-05,2.61188125771901,-8.31535740490294,5.7034762236121
2.506,6.5633321055847e-06,-3.6750638281958e-05,3.07744875904494e-05,3.72876281573917,-8.31094496514702,4.58218208371869
2.5065,7.78769001437943e-06,-3.45552153872056e-05,2.57514492754224e-05,4.73619982087312,-8.11368862359983,3.37748865560703
2.507,9.18498907345467e-06,-3.11937406359149e-05,2.05891694192117e-05,5.61028486888026,-7.72784370189616,2.11755874760788
2.5075,1.07707733860704e-05,-2.67189351303293e-05,1.54826044002124e-05,6.33034821816603,-7.16233994027838,0.831991741802224
2.508,1.21477698173668e-05,-2.15862983413295e-05,1.0192122842923e-05,6.87946915261918,-6.43055999022146,-0.448909083359843
2.5085,1.28937995434953e-05,-1.62903021286385e-05,4.43363746179959e-06,7.24489486255078,-5.55000840097188,-1.69488638905178
2.509,1.2962210328028e-05,-1.10010136925687e-05,-1.6829433803508e-06,7.41835654571692,-4.5418792025375,-2.87647734485582
2.5095,1.26709213206679e-05,-5.53842695068581e-06,-7.67573019355208e-06,7.39627502306518,-3.43053267514939,-3.96574244532532
2.51,1.22952872952593e-05,2.48890310558618e-07,-1.31407646144045e-05,7.17985076988078,-2.24289425724502,-4.9369566265016
2.5105,1.17834881463235e-05,6.16646036039099e-06,-1.80274225419531e-05,6.77503611169798,-1.00779039837194,-5.7672457398004
2.511,1.091706062818e-05,1.18231757630373e-05,-2.24377060375736e-05,6.19239034459055,0.244762378380916,-6.4371526689943
2.5115,9.6232532900157e-06,1.69860269865671e-05,-2.63525277915951e-05,5.44682140395965,1.48429772423532,-6.93111909010241
2.512,8.01286010528206e-06,2.16242908088266e-05,-2.96159768717457e-05,4.5572203615393,2.68065070658357,-7.23787108731551
2.5125,6.21402151178283e-06,2.57105744175372e-05,-3.20663794570931e-05,3.54599768394103,3.80470150719921,-7.35069922247441
2.513,4.29849456201676e-06,2.91607256002319e-05,-3.36090683829208e-05,2.43853275437767,4.82909334369993,-7.2676261108674
2.5135,2.3073331495411e-06,3.18915866811808e-05,-3.42133751593942e-05,1.26255028642325,5.72890698557639,-6.99145728586443
2.514,2.52075452857739e-07,3.3809702433454e-05,-3.39186589497521e-05,0.0474389286941301,6.48227520504039,-6.52971415424658
2.5145,-1.87611072728147e-06,3.48016579565227e-05,-3.27939143749494e-05,-1.17647121499027,7.07092200225556,-5.89445079304422
2.515,-4.02671132229423e-06,3.48354008078412e-05,-3.08587349905889e-05,-2.3786543124298,7.48061335707451,-5.1019590418458
2.5155,-6.06677254153632e-06,3.4001323419453e-05,-2.80921164205932e-05,-3.52913936212655,7.70150844673003,-4.17236910061552
2.516,-7.89955911970644e-06,3.23710420443217e-05,-2.45254263583356e-05,-4.59924715104872,7.72840264879055,-3.12915552289442
2.5165,-9.53486163424114e-06,2.9920950121241e-05,-2.02969019279318e-05,-5.56229549717644,7.56085632116729,-1.99856082597176
2.517,-1.09943086264767e-05,2.66506848799958e-05,-1.5571508530458e-05,-6.39425535640854,7.20320622509906,-0.808950856645056
2.5175,-0.122264321780601,-0.122228760020694,0.244534030609176,-6.90293141409023,6.75380760466934,0.149098221019012
2.518,-0.460883493666828,-0.460848179545513,0.921900413487289,-6.95825511611678,6.58567294496453,0.37248170532757
2.5185,-0.505587397799744,-0.50555338375924,1.01134440331414,-6.73523127505309,6.28164009530584,0.453462973934002
2.519,-0.423805649139914,-0.42377381679013,0.847660016610196,-6.33291162285473,5.83796577917701,0.494806432652423
2.5195,-0.469807509716807,-0.469778624877608,0.93953131385652,-5.78096328170838,5.24573343065278,0.535059660527917
2.52,-0.475291281209421,-0.475266013027681,0.950498407862566,-5.06609567248939,4.54633061022478,0.519588661437069
2.5205,-0.379923559559729,-0.379902551967877,0.759824561315354,-4.22027678122664,3.74254073506803,0.477585486207126
2.521,-0.36730913006068,-0.367292924078203,0.734632074017829,-3.27923296276753,2.8391873943041,0.439905714732089
2.5215,-0.327594449679451,-0.327583411464711,0.655195063013601,-2.25588537071797,1.86869920885698,0.38705874256263
2.522,-0.218340950859981,-0.218335332928,0.436632726074301,-1.17715920313862,0.853183746202315,0.323872618977121
2.5225,-0.188950069524501,-0.188950038377607,0.377813972333508,-0.0676708340230823,-0.180467086839889,0.248046847548485
2.523,-0.127057104270477,-0.127062665012146,0.254054340809722,1.04682804188272,-1.20528967028552,0.158393602319237
2.5235,0.0059293423543364,0.00591836036478987,-0.0118908621408471,2.12541728795832,-2.20958000617058,0.0841337977921444
2.524,0.0415858163318214,0.0415696830364641,-0.0831977719694999,3.15168862121182,-3.15850932485065,0.0068106842801469
2.5245,0.0878570728296632,0.0878361603111835,-0.175735330609921,4.11323095839192,-4.01590048062161,-0.0973207604900748
2.525,0.225812076837559,0.225786913239344,-0.451667657636433,4.96414887821565,-4.7829060490789,-0.181195780875252
2.5255,0.271656274164996,0.271627502115822,-0.543380477451505,5.6829099750347,-5.44126283162571,-0.241579692482594
2.526,0.284957693767695,0.284926008772614,-0.569956491029371,6.2761493621942,-5.95046734005421,-0.32559826363929
2.5265,0.39228573918238,0.392251908012964,-0.784582569875894,6.71523395031089,-6.31204557603143,-0.403070198940808
2.527,0.438905291662487,0.438870166892104,-0.877825714774511,6.97480150157354,-6.53168157880102,-0.442982660650096
2.5275,0.423729577847024,0.423694035680369,-0.847470952016627,7.06932072941098,-6.58314196464323,-0.486036944091291
2.528,0.479365398162249,0.479330295586064,-0.958734991540475,6.99654350450242,-6.46511347739061,-0.531270587485484
2.5285,0.503472069066762,0.50343826962955,-1.00695401751816,6.74219424793691,-6.19660138967706,-0.545423177998488
2.529,0.46475158268485,0.464719938332047,-0.929502116871809,6.32179594834275,-5.77498712900335,-0.546642382092168
2.5295,0.472599479761633,0.472570767831662,-0.945178401481985,5.75057183469892,-5.20580892517631,-0.544591888533641
2.53,0.459285961822408,0.459260875690737,-0.918549516071219,5.03425754510752,-4.51143848700035,-0.522650051445251
2.5305,5.31336615273038e-05,3.53150305190179e-05,4.73818127670114e-05,4.58713786344251,-3.25959206983096,-1.3274740918579
2.531,6.28058898702363e-05,5.11203898541114e-05,5.39520846584642e-05,3.98038405954024,-2.09974167995852,-1.8805847592697
2.5315,4.355208885349e-05,3.91523898405587e-05,3.04235912355239e-05,3.34760517908541,-0.740644530297872,-2.60692719896367
2.532,2.36440156092688e-06,4.90084226753264e-06,-1.37274238764194e-05,2.56504212917315,0.569171904299933,-3.13420501500504
2.5325,-2.02996220402734e-05,-1.12546500279099e-05,-3.82462024428845e-05,1.6554025846299,1.80090282627906,-3.45630944332526
2.533,-1.19378681383282e-05,3.00194515622598e-06,-3.05743962709171e-05,0.644345022484747,2.9274873931438,-3.57183594557397
2.5335,7.55629984923737e-06,2.77057866957766e-05,-1.06422640552723e-05,-0.440144312207637,3.92428387097309,-3.48413699518325
2.534,1.34813291735025e-05,3.81066680429787e-05,-3.31423670977864e-06,-1.56842899403549,4.76968791222354,-3.2012534068259
2.5345,1.18570042657963e-06,2.94019466649006e-05,-1.32791423158918e-05,-2.70994171403794,5.44567504755093,-2.7357300759902
2.535,-1.466079245597e-05,1.61494185418089e-05,-2.58613424377375e-05,-3.8339295868432,5.93825193302886,-2.10432272361667
2.5355,-1.91862854959591e-05,1.32333962049118e-05,-2.63506064187833e-05,-4.91020602237633,6.23780625385343,-1.32760167670922
2.536,-1.19994436309054e-05,2.10346881880667e-05,-1.45452970856752e-05,-5.90988844230935,6.33934898489597,-0.429460357412161
2.5365,-4.28606871358382e-06,2.83026937962679e-05,-1.70447600379764e-06,-6.80610263791418,6.24264413163014,0.563460242367888
2.537,-5.20217577477572e-06,2.59056910271736e-05,2.91105104768636e-06,-7.57463712385501,5.95222194380625,1.62241629036822
2.5375,-1.3336476308009e-05,1.53572844306006e-05,4.83960661935447e-07,-8.19453273515827,5.47727390520956,2.71725786655999
2.538,-2.0444649510307e-05,4.95422668623803e-06,-9.23817135074759e-07,-8.64859354575323,4.83143159620166,3.81715980024821
2.5385,-2.08832185258483e-05,3.85007466893063e-07,4.24572800138661e-06,-8.92380589335206,4.03243549021778,4.89136913824041
2.539,-1.62298424700972e-05,2.11420662505295e-07,1.42540596318507e-05,-9.01165414656949,3.10170279265129,5.9099519713676
2.5395,-1.19934145968881e-05,-9.14555287168178e-07,2.33795396853261e-05,-8.90832515121138,2.06380529657893,6.84452148334038
2.54,-1.15961180658354e-05,-6.31039860006008e-06,2.80851373944372e-05,-8.61479696582775,0.945869536954222,7.66892850134366
2.5405,-1.3831683868424e-05,-1.46394843798132e-05,2.95051520164303e-05,-8.13681036522768,-0.223086707016641,8.35989685013245
2.541,-1.51566366249349e-05,-2.21633610848732e-05,3.10478876579285e-05,-7.48472378016727,-1.41286524055394,8.8975879838004
2.5415,-1.35388291378189e-05,-2.66823072387488e-05,3.46209718796294e-05,-6.67325474048484,-2.59282753673201,9.26608140418763
2.542,-9.99648767114702e-06,-2.90932019481553e-05,3.91855868910489e-05,-5.72111386861213,-3.73264550734432,9.45375924255843
2.5425,-6.88556194467759e-06,-3.1596256571462e-05,4.2373032058617e-05,-4.65054049353393,-4.80304460065485,9.45358552236281
2.543,-5.29731308575508e-06,-3.51059353324054e-05,4.30318287353902e-05,-3.48675151658036,-5.77652112877014,9.26327304735926
2.5435,-4.3636280886217e-06,-3.86349789831762e-05,4.20353454676055e-05,-2.25731726548428,-6.62801626357752,8.88533354126408
2.544,-2.71023234452052e-06,-4.07198298538056e-05,4.0835354979148e-05,-0.991479758732922,-7.33553017475019,8.32700969726728
2.5445,-1.7393871303055e-08,-4.09253667885363e-05,3.98075536119853e-05,0.280569966978219,-7.88066110483372,7.60009099029645
2.545,2.92229057134034e-06,-3.99496536176986e-05,3.82059486788198e-05,1.52843789357956,-8.24905585998764,6.72061800398234
2.5455,5.23780011212157e-06,-3.86321294663332e-05,3.52732744314797e-05,2.72227809989886,-8.4307605339845,5.7084824890775
2.546,6.76312571064657e-06,-3.71208106044785e-05,3.09963825097618e-05,3.83353018953537,-8.42046306591559,4.58693281256974
2.5465,7.96411664759236e-06,-3.49226672277198e-05,2.59535707715629e-05,4.83562478617134,-8.21762180857539,3.38199688610724
2.547,9.33992036307173e-06,-3.15555739663354e-05,2.07679678222104e-05,5.70463984253741,-7.82647678335205,2.12183684737418
2.5475,1.09262353099305e-05,-2.70509562498721e-05,1.56564949035708e-05,6.41989173798969,-7.2559431964371,0.836051463036139
2.548,1.2300038045144e-05,-2.18969740054291e-05,1.03635953233202e-05,6.9644465775316,-6.5193899117134,-0.445056584453624
2.5485,1.30288923472104e-05,-1.65971397040648e-05,4.59028386505604e-06,7.32553902865126,-5.63430840770925,-1.69123053989407
2.549,1.30908443446243e-05,-1.12907258355042e-05,-1.5363738252718e-06,7.49488841196769,-4.62188030567186,-2.87300811513385
2.5495,1.28068986913708e-05,-5.7974887817767e-06,-7.52498771791701e-06,7.46890429145017,-3.50645409680808,-3.96245030398692
2.55,1.24242205159936e-05,1.47382259866532e-09,-1.29949740663325e-05,7.24877645235756,-2.31494403600189,-4.93383252776986
2.5505,1.18892129322655e-05,5.91359258028075e-06,-1.79043939928506e-05,6.84044706216234,-1.07616597215556,-5.76428111101031
2.551,1.10140834892281e-05,1.15815914459066e-05,-2.23272297743252e-05,6.25446578427156,0.179873636300611,-6.43433937510806
2.5515,9.7303419187401e-06,1.6772640247212e-05,-2.62330580162768e-05,5.50573142464699,1.42271800447903,-6.92844940109241
2.552,8.11962364825382e-06,2.14250505596894e-05,-2.94945948647374e-05,4.6131263832895,2.62221127038546,-7.23533766822708
2.5525,6.30372303114457e-06,2.55096658076575e-05,-3.19633325051204e-05,3.59905288599842,3.74924221159663,-7.34829512226067
2.553,4.3795490318653e-06,2.89677089308138e-05,-3.35177578085128e-05,2.48888250336368,4.7764622093969,-7.26534473279783
2.5535,2.39389806110938e-06,3.17177365741354e-05,-3.41159307861362e-05,1.31033254542698,5.67895979258636,-6.98929236129613
2.554,3.36412275676278e-07,3.36454767747903e-05,-3.38221689618223e-05,0.0927846270213362,6.43487509063004,-6.52765973493904
2.5545,-1.80539649929869e-06,3.46370955320325e-05,-3.27131551257838e-05,-1.13343783306604,7.02593907416107,-5.89250124187525
2.555,-3.96068801824785e-06,3.46793178333329e-05,-3.07844923682654e-05,-2.33781533925104,7.43792434481137,-5.10010900915326
2.5555,-5.99464522111239e-06,3.38617576664635e-05,-2.80104252590397e-05,-3.49038289459095,7.66099637463189,-4.17061350323659
2.556,-7.83033908085558e-06,3.22385223472819e-05,-2.44464330636747e-05,-4.56246699176172,7.68995650771045,-3.12748953729733
2.5565,-9.47863304756981e-06,2.97868426340174e-05,-2.02332392655845e-05,-5.52739087151909,7.52437075472662,-1.99697988094519
2.557,-1.09417412474578e-05,2.65229971910882e-05,-1.55119356056466e-05,-6.3611306287849,7.16858124888683,-0.807450614164226
2.5575,-0.122788516556759,-0.122753122905968,0.245582774100103,-6.87089591455937,6.72150419665014,0.149366015793597
2.558,-0.460959155429582,-0.460924000960517,0.92205199792928,-6.9277487355164,6.55512132859979,0.372526907681914
2.5585,-0.505354208954964,-0.505320346303762,1.01087800386424,-6.70630707997668,6.25261989530164,0.453558992720262
2.559,-0.423930283309261,-0.423898594556998,0.847909209170201,-6.30548120085036,5.81040663236743,0.494935101257042
2.5595,-0.469976507912951,-0.46994775948725,0.9398694949852,-5.75485107074795,5.2196602201799,0.535020617564442
2.56,-0.475085491757788,-0.475060353063986,0.950087084093517,-5.04131115582307,4.52159085774351,0.51954394709665
2.5605,-0.379909051901123,-0.379888167064111,0.759795667510568,-4.19681934209553,3.71899935405067,0.477669436654274
2.561,-0.367484777953801,-0.367468688482954,0.734983473543529,-3.25694444896108,2.81687375373583,0.439930802312636
2.5615,-0.327498358875134,-0.327487431346316,0.655002978819478,-2.23469335469554,1.84756352035033,0.387002427795869
2.562,-0.218280312514205,-0.218274799585164,0.436511494678296,-1.15708101751419,0.833092693493232,0.323885495851858
2.5625,-0.189052850021202,-0.189052918432653,0.378019632609247,-0.0486315870201487,-0.199548681224618,0.248089175541777
2.563,-0.127014470840814,-0.127020126129051,0.253969227270083,1.06491946070711,-1.22337515221334,0.158387674545456
2.5635,0.0059515665259897,0.00594049473854406,-0.0119351975723598,2.14259049658496,-2.22673888725035,0.0841194741010061
2.564,0.0415244970028991,0.0415082785666808,-0.0830750570461313,3.16797769747348,-3.17480160186585,0.00681387191328367
2.5645,0.0879225583557247,0.0879015650736944,-0.175866258527302,4.12868080778201,-4.03137052547299,-0.0973005547419825
2.565,0.225808969251904,0.225783728922744,-0.451661402039262,4.97881316571725,-4.79758492149568,-0.181181199667896
2.5655,0.271569218117863,0.271540373238859,-0.543206255391946,5.69684559058942,-5.45517404589086,-0.241604109694882
2.566,0.285044252572968,0.285012498534745,-0.570129502165524,6.28936480138881,-5.9636787047169,-0.325602317160246
2.5665,0.392316914399204,0.392283017695958,-0.784644885815898,6.7277523713489,-6.32460634596179,-0.40302784409558
2.567,0.438785354614604,0.438750167582556,-0.87758578228289,6.98670507097327,-6.54357830785432,-0.44298952828123
2.5675,0.423784241741987,0.423748640514576,-0.847580196886247,7.08063139287217,-6.59441792316737,-0.486071639998718
2.568,0.479445645354345,0.479410486782785,-0.95889545927654,7.00724569943653,-6.47584611842774,-0.531240125250761
2.5685,0.503366097242069,0.503332244619668,-1.00674203350906,6.75235297686864,-6.20678444508287,-0.545398872190554
2.569,0.464751827108332,0.46472013224666,-0.929502517425794,6.33146425138096,-5.7846232978991,-0.546674516359386
2.5695,0.472689034992278,0.472660275175122,-0.945357465509653,5.75973194420083,-5.21496887208885,-0.544592033793916
2.57,0.459224527832388,0.459199396272937,-0.918426626340533,5.04293555600577,-4.52014631647863,-0.522620244984973
2.5705,5.31460560176331e-05,3.52841549210692e-05,4.73944036653564e-05,4.59537746432992,-3.26786303526866,-1.32744272750876
2.571,6.28223441202245e-05,5.10959248796332e-05,5.39684283097186e-05,3.98822817183779,-2.10756619143779,-1.88060436073698
2.5715,4.35670457647349e-05,3.91285356294188e-05,3.04384379592429e-05,3.35504929590153,-0.748070028858728,-2.60694581776719
2.572,-0.163804720223428,0.32768722646216,-0.163819337795532,2.71745209296298,0.187961454663304,-2.9054360305664
2.5725,-0.481591105445222,0.963332046835267,-0.481604542286466,2.36890653064826,0.38582134936847,-2.75483507174436
2.573,-0.46733754821835,0.934841896877739,-0.467348748831358,1.89600517417209,0.435467915671827,-2.33159957631266
2.5735,-0.37049027192436,0.741038308766503,-0.370498424560143,1.29754570967009,0.459623467899316,-1.75729938653624
2.574,-0.407640427498093,0.815228484800266,-0.407644926680429,0.586708523966648,0.469568246274199,-1.05642915787676
2.5745,-0.37091839541621,0.741776882020717,-0.370918777911448,-0.191134025534743,0.417715195723675,-0.226726567449329
2.575,-0.254964333849923,0.509895689044838,-0.25496016228052,-1.03641161027127,0.352426203579904,0.683872238690207
2.5755,-0.232886871881204,0.465754436434119,-0.232877846389558,-1.93497799950267,0.296121014129147,1.63875861946946
2.576,-0.168964807456599,0.337902822278572,-0.168950851785578,-2.84719937711267,0.22232945964975,2.62479234162032
2.5765,-0.0531499237683037,0.106226841625889,-0.0531310733250175,-3.75113923099362,0.140694786263218,3.61039660076143
2.577,-0.0192673743296904,0.0384269829981101,-0.0192437322781426,-4.62147250289751,0.0534969051373576,4.56794292480654
2.5775,0.0579528410909785,-0.116003893252642,0.0579809945426716,-5.4330918442141,-0.0383450835732369,5.47143122963541
2.578,0.179924550770214,-0.359941049434622,0.179956756086525,-6.17268742410739,-0.113432664388331,6.28615178169428
2.5785,0.202836118948384,-0.405764185338083,0.202871858471779,-6.80781878239569,-0.19291198087036,7.0007798477805
2.579,0.257224932880452,-0.514536052745385,0.257263619935323,-7.31404982538274,-0.287181981745981,7.60130325940847
2.5795,0.37601392393306,-0.752135167004434,0.376054826303004,-7.69738909007481,-0.352020457903638,8.0495146323682
2.58,0.389644236345257,-0.779413731048495,0.389686544672807,-7.93935494397034,-0.399252597613216,8.3387254734595
2.5805,0.398025806627684,-0.79615028398391,0.398068720743413,-8.01253569419038,-0.466146558668509,8.47881293425601
2.581,0.485684197622484,-0.971446586937324,0.485726887011107,-7.9319486206122,-0.513174053328622,8.44528032294031
2.5815,0.49089797065921,-0.981877236231379,0.490939550017944,-7.70481861002442,-0.524716643237351,8.22970034477904
2.582,0.456494771545186,-0.913057120573261,0.456534390418303,-7.3132566941153,-0.543635715742944,7.85705516563157
2.5825,0.492334518619915,-0.984723366096206,0.492371407402409,-6.77152311335629,-0.556592119140263,7.32828822176349
2.583,0.47766406195715,-0.955382541794639,0.477697479694554,-6.10479308566211,-0.53618969588582,6.64115420131559
2.5835,0.413975700580391,-0.827986409365823,0.414004955045557,-5.31518061554667,-0.508281892455583,5.82362125566769
2.584,0.401688304511595,-0.803386088575731,0.401712832242387,-4.4188337650028,-0.47703753379724,4.89602606524562
2.5845,0.357364470137834,-0.714728654443798,0.357383831742903,-3.44527129615193,-0.425416894181884,3.87083033865268
2.585,0.272005563492847,-0.543996165702044,0.272019405741612,-2.41190968985805,-0.365023213124749,2.77705209164294
2.5855,0.230776335883848,-0.461521844552981,0.230784428173872,-1.34271874104927,-0.297637075433107,1.64045906882749
2.586,0.164249614616104,-0.328461016725258,0.16425189532439,-0.266287309353452,-0.217902636234428,0.484271027150704
2.5865,0.0620259778867332,-0.123996110828662,0.06202251823414,0.797981924056575,-0.139613223695182,-0.658317583470395
2.587,0.00935459138240096,-0.0186367202803457,0.00934556748216826,1.82138882784464,-0.057436050962361,-1.76392285653858
2.5875,-0.0579791314906657,0.116031606985231,-0.0579933980934869,2.77499542168426,0.0362096914483122,-2.81120049626979
2.588,-0.164120733876376,0.328323289249281,-0.164139775887038,3.64595753228833,0.11977208520148,-3.76575816645214
2.5885,-0.217193537468254,0.434480675066385,-0.21721679265897,4.41174365126622,0.195310682347079,-4.60710530888725
2.589,-0.265186660949907,0.530462445983733,-0.265213483259111,5.04497592053872,0.279828298072245,-5.32487677088252
2.5895,-0.353945715775979,0.707980440540163,-0.35397535661338,5.53986572416656,0.35336413041478,-5.89333160168474
2.59,-0.396593551322633,0.79328319929556,-0.396625186867499,5.88833144764675,0.407564287439467,-6.2960164246543
2.5905,-0.415147049998058,0.830381607660558,-0.415179833489837,6.07199487819582,0.462248775488559,-6.53437766811936
2.591,-0.468130830560569,0.936338252437564,-0.46816389275703,6.09107422052007,0.508062423418763,-6.59928974962765
2.5915,-0.487097464547884,0.974269157008684,-0.487129912358549,5.95211109167102,0.531276628848451,-6.48355149095513
2.592,-0.473489927553046,0.947042686192008,-0.473520891721302,5.65189628069891,0.545917927026746,-6.19798046078244
2.5925,-0.484397594784824,0.968843099581548,-0.484426261407366,5.19857152835917,0.551384131048928,-5.75012749881544
2.593,-0.470366727218717,0.940772563707808,-0.470392334708314,4.60905532473942,0.537242065111037,-5.14646799546096
2.5935,-0.424615598391908,0.849255079586888,-0.424637450540252,3.89442243441146,0.5118658841014,-4.40644964337509
2.594,-0.398396473558903,0.796799514945514,-0.398413979567283,3.07271736857023,0.476059165508919,-3.54893052332785
2.5945,-0.353145448872305,0.706286333698889,-0.35315813782796,2.16784556923793,0.424395800017538,-2.59238221833792
2.595,-0.279065236264772,0.558109702817754,-0.279072744577052,1.19891400323155,0.365474190394081,-1.56450858589853
2.5955,-0.226008368046814,0.451978874818437,-0.226010458314032,0.191252990091714,0.298718383646348,-0.490073971767564
2.596,-0.623651147464119,0.311055134279415,0.312500818250769,-0.320490031290458,0.219116670398403,0.101326356704309
2.5965,-0.952637245261243,0.182332268994831,0.770214207171801,-0.423895225933006,0.147055186927559,0.276806554533974
2.597,-0.798537892685727,0.00275394926134705,0.795735981760787,-0.429677393363059,0.05173881052582,0.377921052875975
2.5975,-0.685493802361822,-0.15462403428134,0.840129480811853,-0.431251538117382,-0.0302940139962642,0.461541157361379
2.598,-0.704474734765897,-0.286206198807022,0.990714728799908,-0.405677523582932,-0.112463315784705,0.518142253712368
2.5985,-0.532906857184046,-0.429113382163013,0.962032655099871,-0.336284168673809,-0.200913330259965,0.537198036845243
2.599,-0.366074052088505,-0.567266972007692,0.933323946869458,-0.264413290233839,-0.281406609159214,0.545817621830961
2.5995,-0.294018321206124,-0.686171847243228,0.980167854175764,-0.19336154352271,-0.34778643156828,0.541144937892837
2.6,-0.0949301309798496,-0.782280547883177,0.877206787302103,-0.113544756199543,-0.408002901193811,0.521546224834773
2.6005,0.0671766729554624,-0.85485773346713,0.787695117798767,-0.0287123707359273,-0.464420815924368,0.493133538886928
2.601,0.146499767657034,-0.922248728451408,0.775762491016985,0.0651637237438915,-0.506903052086225,0.441739976113038
2.6015,0.360605510213167,-0.968819692097728,0.608213161690866,0.149912429094566,-0.530562717971299,0.380650095422879
2.602,0.520147672609649,-0.966855839843454,0.446695966259344,0.21852169104268,-0.544873828151994,0.326351402215906
2.6025,0.549151727775589,-0.951734123087212,0.402572769746818,0.300761388763602,-0.55149046160813,0.250728837744983
2.603,0.716292841029474,-0.9362658887944,0.219974576566193,0.380924567156685,-0.539206857240533,0.158282994252029
2.6035,0.86867821774845,-0.873775362298118,0.00510613105478058,0.426474313446261,-0.509620056046155,0.0831467659537794
2.604,0.844222976861271,-0.779693891496874,-0.0645224039344567,0.469881703012427,-0.473743792409,0.00386250343666088
2.6045,0.911342943771599,-0.693973154697562,-0.217370786586981,0.522329548984251,-0.427964446489023,-0.0943655593011682
2.605,1.01831602559178,-0.585555134235738,-0.432766708649672,0.542954731144702,-0.365495457979392,-0.17746003396595
2.6055,0.955619306226311,-0.44345216672192,-0.51217136841925,0.542249555921022,-0.294473958437218,-0.24777593096111
2.606,0.920545458998633,-0.303990055060342,-0.616554806930891,0.547853117748275,-0.22110611595889,-0.326746690825328
2.6065,0.944617458313697,-0.163641679720298,-0.780972358149607,0.535820912212702,-0.140524930318173,-0.395295386714441
2.607,0.842262766578559,-0.00815174955449247,-0.834108743764241,0.499136022426895,-0.0533663435808376,-0.44576928977983
2.6075,0.736728112174173,0.145860741202255,-0.882589453546293,0.458465446305199,0.0333781463103556,-0.491843596167317
2.608,0.680288318283742,0.293215830482864,-0.973506123259436,0.408123151638493,0.117299452221093,-0.525422819289506
2.6085,0.530673652199699,0.43515731989561,-0.965831944039587,0.343734165437794,0.199444002908476,-0.543178306741299
2.609,0.383787588149501,0.562787170215788,-0.946574032252566,0.273511235321394,0.27858466546985,-0.552095845157688
2.6095,0.284894985582967,0.681020090369914,-0.965913859406685,0.193341709658385,0.349895802313295,-0.543237364581282
2.61,0.103365972041101,0.785934577580666,-0.889300238791521,0.108904931217401,0.410503749473984,-0.519408589149983
2.6105,-0.429293977005188,0.858729144599401,-0.42929667251257,0.419466754130501,0.461628773740776,-0.881184879804156
2.611,-0.453898056874728,0.907984772665795,-0.453901841777153,0.568500613410338,0.499856431460414,-1.06846315714191
2.6115,-0.481531709376121,0.963217207269075,-0.481536630004845,0.706292183117951,0.53320300943627,-1.23962951162436
2.612,-0.489102595035163,0.978248080512049,-0.489107518166365,0.674724465536263,0.54544157609877,-1.22032710636597
2.6125,-0.476863728774489,0.953691443874406,-0.476867733395772,0.477342194400467,0.546653014699524,-1.0241697035123
2.613,-0.46220680154614,0.924381694165746,-0.462209028267692,0.125599212744969,0.538715510467114,-0.664488395510795
2.6135,-0.437121096074505,0.874257882842406,-0.437120747299893,-0.360658277721072,0.513775075679292,-0.153279539679899
2.614,-0.395201497577109,0.790436345156315,-0.395197933186222,-0.963177053880299,0.473473637370662,0.489554732146931
2.6145,-0.345382796456752,0.690761641878107,-0.345375506059769,-1.66352187581876,0.424501912349052,1.23888377794219
2.615,-0.288472598130307,0.576886124874207,-0.288461144749673,-2.43764456261307,0.366705437722952,2.07081671519525
2.6155,-0.224162767579908,0.448239729778746,-0.224146849196216,-3.25871595966673,0.297595148881028,2.96101731196502
2.616,-0.155187534433215,0.310299207387324,-0.155167031409225,-4.10136804831729,0.219598529847177,3.88168994178411
2.6165,-0.0791894253950017,0.158319911787152,-0.0791643473210421,-4.94146217473389,0.138319156270002,4.80309020096129
2.617,-0.00196333792329316,0.0038622805070107,-0.00193379426262369,-5.75308330439539,0.0552277540304704,5.69782872593482
2.6175,0.070235573319953,-0.140561298320707,0.0702693170160735,-6.50947919062011,-0.0317409238640934,6.54121736005318
2.618,0.145199491498852,-0.290513516518632,0.145237012698808,-7.1881914400315,-0.119164721198646,7.30737892301318
2.6185,0.219917361962729,-0.439957339236512,0.219958153496927,-7.77038671863293,-0.20064474222502,7.97108166160744
2.619,0.282189248819148,-0.564492218040755,0.282232718100678,-8.23638988137633,-0.276801776041563,8.51326787402767
2.6195,0.338284989925317,-0.676669717221386,0.338330428246758,-8.56913564769691,-0.349298229339786,8.91853391503488
2.62,0.392307574913139,-0.784710229300439,0.392354199622427,-8.75876653300425,-0.412423109452621,9.17131082593398
2.6205,0.432479447739455,-0.86505810446259,0.43252645698707,-8.79808912060673,-0.462787505742954,9.26101424145879
2.621,0.45903421914474,-0.918167929513294,0.459080785202084,-8.68074834527062,-0.503390247562719,9.18428898950853
2.6215,0.479199896387095,-0.958489915318059,0.479245158006442,-8.40658592030484,-0.533124631940699,8.93987188287007
2.622,0.487075175419208,-0.974225253894051,0.487118297232005,-7.98103793517283,-0.548005458167884,8.52921212920242
2.6225,0.479938345636709,-0.959935544997794,0.47997855341289,-7.41123659168062,-0.548775999898953,7.96018391586706
2.623,0.463022644446581,-0.926090681957257,0.46305920560572,-6.70761752276893,-0.53730711136008,7.24509429082734
2.6235,0.434910198451172,-0.869854430476665,0.434942443330411,-5.8854948922706,-0.512875191618829,6.39853355789784
2.624,0.39507249760653,-0.790165856708762,0.395099866483684,-4.96327670983468,-0.474980019595957,5.43840982411571
2.6245,0.346779421361122,-0.693563414450387,0.346801472231527,-3.96114493544956,-0.425077141925744,4.38636158147014
2.625,0.28870037228283,-0.577387921311073,0.28871676575523,-2.90114089618678,-0.36536685181504,3.26663013916083
2.6255,0.223127592320732,-0.446226205584336,0.223138112137455,-1.80741613919366,-0.297139169473806,2.10465736378267
2.626,0.154556747919208,-0.309071557043159,0.154561332055055,-0.705605614631092,-0.220795020140647,0.926480152317126
2.6265,0.0804449100610425,-0.160837295732251,0.0804436301695083,0.379141177052502,-0.138502826881431,-0.240583655110395
2.627,0.00263953328881285,-0.0052155945632758,0.00263258046478261,1.42268925189147,-0.0539527282045561,-1.3687081826652
2.6275,-0.0720664260023189,0.14420700213154,-0.0720787221021348,2.40049593139592,0.0317767798051746,-2.43227073222684
2.628,-0.145307098015851,0.290696447455972,-0.145324273947646,3.2893222957448,0.118037801419542,-3.40738464618919
2.6285,-0.217905029685616,0.435897961123841,-0.217926516778737,4.06965371362994,0.200942948004208,-4.27064776356954
2.629,-0.283004281590161,0.566099561622521,-0.283029422061422,4.72396786759013,0.277895418443399,-5.00193930240594
2.6295,-0.339845968079641,0.679782660031308,-0.339874011007527,5.23658761088627,0.348815192358103,-5.58550165983497
2.63,-0.390940084548108,0.781968671125437,-0.390970207591586,5.59632536608826,0.41163229497424,-6.00807739683493
2.6305,-0.431746482162777,0.863578235546337,-0.431777831185489,5.79616724886135,0.463529341439659,-6.25983400387536
2.631,-0.460415413312822,0.920910400574913,-0.460447109741616,5.83199687607166,0.503913255335143,-6.3360615254638
2.6315,-0.479255585721264,0.958582300455128,-0.479286738285138,5.70368662945379,0.532456251079478,-6.2363049226721
2.632,-0.486116788669003,0.972294478336749,-0.486146527142179,5.41575500645801,0.547803318212605,-5.96372703509367
2.6325,-0.480212892298006,0.960474853977827,-0.480240393777353,4.97637331119447,0.549374064153326,-5.52591840039853
2.633,-0.463464474013516,0.92696499046396,-0.463488973523527,4.39712741229952,0.537456058148588,-4.9347527616578
2.6335,-0.434789687117196,0.869601657498458,-0.434810489580004,3.6931274863283,0.512413982810561,-4.20570477524099
2.634,-0.39491039629912,0.789828495049606,-0.394926908115139,2.88251000955795,0.474936527913317,-3.35759975034551
2.6345,-0.346552126558428,0.693097081015348,-0.346563869614494,1.98623355552871,0.425539195748922,-2.41191231873608
2.635,-0.289063505665067,0.578105184406786,-0.289070114987076,1.02713895723896,0.365404464785959,-1.39266578458161
2.6355,-0.223469154174421,0.446901952383029,-0.223470394271967,0.0291900205968886,0.296749593464642,-0.326041600006108
2.636,-0.732008069025308,0.306487008925291,0.425426206560538,-0.355829741247438,0.219699562521552,0.136083122527607
2.6365,-0.979210082446207,0.187961801910703,0.791156562965549,-0.434588593971152,0.147248976440316,0.287305975966406
2.637,-0.763976968092366,0.00291886718419523,0.761009373546823,-0.433596464525776,0.0507989849232482,0.382779840612164
2.6375,-0.698456041207688,-0.160357116051464,0.85882482842015,-0.439918451191632,-0.0300709865346008,0.469985067645964
2.638,-0.726455522217894,-0.282022969749572,1.00851281590784,-0.407332200714494,-0.111787970301936,0.519121663666541
2.6385,-0.50909047747419,-0.426943749783445,0.936047054657924,-0.333681228815907,-0.201618345063688,0.535300152376362
2.639,-0.370762403720468,-0.572594144367394,0.9433394082157,-0.265745324096122,-0.28170147753443,0.547444529414627
2.6395,-0.308266441740539,-0.684070065075476,0.9923137879076,-0.194287309811328,-0.347145647698844,0.541429921549211
2.64,-0.0763851908852665,-0.77941714641114,0.855798157341554,-0.113417655001889,-0.408224500942476,0.521640722929084
2.6405,0.0599262864992979,-0.858824912675458,0.798912813082095,-0.0286737756440646,-0.464822711259381,0.493496845491557
2.641,0.134174705989242,-0.921333167934497,0.787172342848296,0.0668596574767484,-0.506612227436824,0.439753249170848
2.6415,0.382151382922942,-0.966334627091358,0.584182368673391,0.149079742047617,-0.53059607174588,0.381516171069455
2.642,0.513370457745716,-0.969927353768849,0.456544523292523,0.21641655560968,-0.545045822134274,0.328628529083711
2.6425,0.531026159315584,-0.951018611487363,0.419982609624111,0.303578525571082,-0.551366607990519,0.247787822708053
2.643,0.738710933366922,-0.93400909228692,0.195299652237319,0.382132416457419,-0.539377670318472,0.157245964904328
2.6435,0.869640499134275,-0.876740314672771,0.00710889850927975,0.422876300223825,-0.509661685660937,0.0867864491774204
2.644,0.821362996252194,-0.779189601681548,-0.042166620417093,0.47092641479321,-0.47349102066179,0.00256504505693238
2.6445,0.927356400021444,-0.691328718073081,-0.236028638134069,0.525459441574442,-0.428235760766928,-0.0972241420989012
2.645,1.02741269406056,-0.588415978386836,-0.439002553111083,0.540500874634964,-0.365673223295405,-0.174828413867804
2.6455,0.934978512845433,-0.443715714256405,-0.491267105996343,0.541114910857234,-0.294084760056334,-0.24703047184741
2.646,0.928028634180147,-0.300939210416714,-0.627088886391816,0.550581317959195,-0.221241885611232,-0.329339115657274
2.6465,0.955931313434613,-0.16582055411852,-0.790107299413848,0.535373275140471,-0.140883848501752,-0.394488832685906
2.647,0.827386344149365,-0.00930412866597702,-0.818079859310677,0.497724036741956,-0.0530517334578315,-0.444671901389627
2.6475,0.739951520418786,0.148745177693623,-0.888697291809246,0.459616338154727,0.0334569617441247,-0.493073282806752
2.648,0.689616298921046,0.291999047907558,-0.981617385044779,0.408266478084627,0.116939864805286,-0.525206555312576
2.6485,0.519074058025144,0.43359396051439,-0.952669016725684,0.343363811850741,0.199569690367192,-0.542933649433596
2.649,0.38674869918276,0.565088965280743,-0.951836903835674,0.274052492809116,0.278738662392956,-0.552791093184018
2.6495,0.29338118451265,0.680461779781398,-0.973841726305236,0.192754552080822,0.34967056735569,-0.54242495372414
2.65,0.0917477910722306,0.784426209928742,-0.876173704260317,0.108984611903827,0.410530597293307,-0.519515112679867
2.6505,-0.429523629451173,0.859188576909647,-0.429526334061315,0.421319855839232,0.461646315793954,-0.883055576575085
2.651,-0.453871754417858,0.90793227644803,-0.453875580414365,0.575252795358915,0.499823194584707,-1.07518211656441
2.6515,-0.48134229211509,0.96283818374482,-0.48134724533506,0.71268241218891,0.533206748521171,-1.24602347045819
2.652,-0.489319056820028,0.978680842716622,-0.489324011533001,0.680793094657748,0.545436519730297,-1.22639074591799
2.6525,-0.476847189382472,0.953658457875656,-0.476851226376714,0.483123768024293,0.546603459426538,-1.02990172267346
2.653,-0.461994323670794,0.923956854126792,-0.461996578658034,0.1310498624447,0.53874073295938,-0.669964211703597
2.6535,-0.437330205220096,0.87467617344765,-0.437329881365666,-0.355481629328988,0.513791033466166,-0.158472172115545
2.654,-0.395240082108244,0.790513573724754,-0.395236543964096,-0.958221368028851,0.473402769131426,0.484669909260732
2.6545,-0.345140480417442,0.690276936839946,-0.345133215871745,-1.65885656035443,0.424510021207753,1.23421039390241
2.655,-0.288629554856175,0.577199973444359,-0.288618123371633,-2.43323679131432,0.366752343049554,2.06636200623798
2.6555,-0.224269723797389,0.448453746900369,-0.224253826052359,-3.25448133301589,0.297536430643952,2.95684139208822
2.656,-0.15495937655862,0.30984296737448,-0.154938895568551,-4.09736480172913,0.219573746181836,3.87771153049928
2.6565,-0.0792696985838449,0.158480449374407,-0.0792446408510727,-4.93769961247636,0.138368653879958,4.79927812395124
2.657,-0.00210143130338143,0.00413850419755497,-0.00207190488184612,-5.74947595247025,0.055201400861259,5.69424770061017
2.6575,0.0704142130175442,-0.140918582482388,0.0704479392462942,-6.50604993374105,-0.0317775865264364,6.53782480418418
2.658,0.145172499167765,-0.29045958011947,0.145210002241521,-7.18496884350954,-0.119135979588539,7.30412757969622
2.6585,0.219787432057834,-0.439697423849601,0.219828207815568,-7.76731093085606,-0.200652535257447,7.96801364305635
2.659,0.282325754385222,-0.564765163404278,0.282369209709608,-8.23346204419829,-0.276826908314761,8.51036520252794
2.6595,0.338277044987288,-0.67665383977368,0.338322468485531,-8.56637629825354,-0.349283738206425,8.9157600773164
2.66,0.392189517609803,-0.784474102896539,0.392236127760533,-8.75613548974031,-0.412434193961847,9.1686908427217
2.6605,0.43259842039778,-0.865296035636193,0.432645417415733,-8.79559005632385,-0.462802358338204,9.25853005098919
2.661,0.459038255966821,-0.918176021429161,0.459084810404971,-8.6783930415699,-0.503371713827916,9.18191515475985
2.6615,0.479076993862877,-0.958244076186781,0.479122243023573,-8.40433363180535,-0.533141248091469,8.93763619132971
2.662,0.487182077418457,-0.974439023587237,0.487225187825197,-7.97889841738824,-0.548025351729412,8.527092528119
2.6625,0.479967978800123,-0.959994832896968,0.480008176922878,-7.40922872699047,-0.548749795709514,7.95814985165256
2.663,0.46289140826362,-0.925828191129763,0.462927959569133,-6.7056950678586,-0.537316230675495,7.24318093117028
2.6635,0.434990507426263,-0.870015017950838,0.43502274207187,-5.88365967665915,-0.512905393262974,6.39672856328783
2.664,0.395132391412457,-0.790285670687977,0.39515975145863,-4.96156056922789,-0.474957708858115,5.43667138417523
2.6645,0.346655884309434,-0.693316328460207,0.346677927358711,-3.95950833972405,-0.425071941060081,4.38471975972995
2.665,0.288744481629181,-0.577476093796349,0.288760866708767,-2.89956969575115,-0.365398003333961,3.2650901020734
2.6655,0.223203656076736,-0.446378348819477,0.223214167707602,-1.80594480390678,-0.297129240270585,2.1031761167665
2.666,0.154455918492778,-0.308869909330068,0.154460495792198,-0.70421086490017,-0.220782522518915,0.92507288421489
2.6665,0.0804606521471945,-0.160868747390848,0.0804593657096767,0.380482120010468,-0.138525578289572,-0.241901843789152
2.667,0.00271509667239876,-0.00536672098694657,0.0027081368122292,1.42395025755704,-0.0539511910268497,-1.36997070844762
2.6675,-0.0721451128359981,0.144364370693751,-0.0721574153428305,2.40168823604336,0.0317870029459967,-2.43347327342679
2.668,-0.145305871274368,0.290694016655123,-0.145323052599324,3.29046639060297,0.118022334900215,-3.40851327417187
2.6685,-0.217834087050041,0.435756074625212,-0.217855579710003,4.07073143799646,0.200944340076048,-4.27172686669059
2.669,-0.283069775645621,0.566230547230689,-0.283094921897062,4.72498783933109,0.27790230507833,-5.00296617241914
2.6695,-0.339854124587496,0.679798993335074,-0.339882172446053,5.23756620053518,0.348800478264607,-5.58646553484186
2.67,-0.390869055193137,0.781826606798182,-0.390899182633827,5.59724558251157,0.411635286382814,-6.00900059092564
2.6705,-0.431802115431346,0.863689497859696,-0.431833469196252,5.79703761859882,0.463537997715686,-6.26071304159082
2.671,-0.460436091511586,0.920951783382634,-0.460467792546124,5.83283501537216,0.503897172293598,-6.33688358387878
2.6715,-0.479183380996678,0.958437888534537,-0.479214537385109,5.7044743014034,0.532456460381995,-6.23709278805462
2.672,-0.486158135341972,0.972377156685036,-0.486187877493532,5.41649620016377,0.547816116088269,-5.96448103571739
2.6725,-0.480247215742302,0.960543523068503,-0.480274721209162,4.97708968316337,0.549360261363693,-5.52662097656614
2.673,-0.463397169290079,0.926830389233654,-0.463421672387333,4.39780339268904,0.53745070221655,-4.9354233712028
2.6735,-0.434813101689468,0.869648471458536,-0.434833907168069,3.69375956456979,0.512427744460974,-4.20635061879756
2.674,-0.394952873654039,0.789913461754609,-0.394969388621731,2.88312051608942,0.474928261492978,-3.35820199920344
2.6745,-0.346495969847877,0.692984778389694,-0.346507716156898,1.98681329774267,0.425530634141929,-2.41248348838378
2.675,-0.28907175223598,0.578121668026692,-0.289078364322458,1.02767965879921,0.365415283010768,-1.39321730503075
2.6755,-0.223512728327907,0.446989107878329,-0.223513970889147,0.0297101922463704,0.296745767841345,-0.326557953553077
2.676,-0.731641543122559,0.30646373580739,0.425082960954243,-0.355723531927522,0.219696527649799,0.135979947752879
2.6765,-0.979139266480389,0.187959402960005,0.791088148321045,-0.434569035670465,0.147250188206849,0.287285204593168
2.677,-0.764131401053624,0.00294210923507591,0.761140555531101,-0.433573358792073,0.0507980180223733,0.382757700395676
2.6775,-0.698388261535894,-0.160375954832542,0.858775877044771,-0.439875705223361,-0.0300732151062294,0.469944549185539
2.678,-0.726349218917247,-0.282027795245245,1.00841133635129,-0.407335324240839,-0.111786795070098,0.51912361142678
2.6785,-0.509206089498053,-0.426921138937944,0.936140062401178,-0.333696275550388,-0.20161947022461,0.535316324679816
2.679,-0.370766842967136,-0.572609860436091,0.943359568856095,-0.265726438736629,-0.281703754643218,0.547427922142328
2.6795,-0.308178502400042,-0.684078301415732,0.992234083082744,-0.194276716656156,-0.34714408876104,0.541417769784405
2.68,-0.0764433580933424,-0.779394565108621,0.855833738231336,-0.113427897570497,-0.408225142766759,0.521651606737245
2.6805,0.0599150827040313,-0.858836210297302,0.798935312553884,-0.028673394430599,-0.464825497156554,0.493499249837368
2.681,0.134224039231803,-0.921345383960633,0.787135227297638,0.0668668028575181,-0.506610857867713,0.439744734734702
2.6815,0.382104217903161,-0.966313790793666,0.584208699534834,0.149083435138953,-0.530595761239531,0.381512167989761
2.682,0.513380926220475,-0.969933038493512,0.456539740486324,0.216416678067547,-0.545048647991891,0.3286312323688
2.6825,0.531071946476151,-0.951033187557636,0.419951398143009,0.303573244677449,-0.551366017899669,0.247792513332862
2.683,0.738645649796708,-0.933991960035963,0.195347801857079,0.382136966472255,-0.539376753825289,0.15724049865351
2.6835,0.869647248417331,-0.876741273675015,0.00710310655738349,0.422886952470404,-0.50966392056284,0.0867780321203726
2.684,0.821433942419032,-0.779204216979651,-0.0422229507892551,0.470918756365014,-0.473491091110209,0.00257277397572965
2.6845,0.927291952587742,-0.691315479463427,-0.235977427077774,0.525453717864292,-0.428234857757793,-0.0972193211849765
2.685,1.02738720922551,-0.588414164523916,-0.43897888111348,0.540515152517314,-0.365674829628967,-0.174841084918421
2.6855,0.935060966439533,-0.443729366224671,-0.491335908776386,0.541116230446989,-0.294084988546421,-0.247031562705065
2.686,0.927994429397996,-0.300928807925329,-0.627065085163513,0.55056951141855,-0.221241170245062,-0.329328024608933
2.6865,0.955880959104006,-0.165817054781088,-0.790060443888755,0.5353802353665,-0.140885220300543,-0.394494420995042
2.687,0.827450653596057,-0.00931711072650256,-0.818131185836095,0.497732700088152,-0.0530519072999013,-0.444680390344924
2.6875,0.739947812548893,0.148753375212757,-0.888701781395295,0.459608706766724,0.0334577395918558,-0.493066428856869
2.688,0.689568249174302,0.292004318290739,-0.981574605653335,0.408265584703304,0.116938518017865,-0.525204315096727
2.6885,0.519113062289272,0.433581462327186,-0.952695522316866,0.343370746519236,0.199569378988849,-0.542940272568777
2.689,0.386753417313734,0.565094653488659,-0.951847310066892,0.274051495731968,0.278739662797253,-0.552791096072463
2.6895,0.293346973541973,0.680468898461109,-0.973814634417214,0.192753324474899,0.349669417910254,-0.542422576369289
2.69,0.0917774977815635,0.784414812002278,-0.876192012862425,0.108986154447487,0.410529959976519,-0.519516017864851
2.6905,-0.429523946285163,0.859189211275217,-0.429526650896988,0.421321217745293,0.461646502273589,-0.883057124842593
2.691,-0.453872984899562,0.90793473822123,-0.453876810840302,0.575244693777837,0.4998228769956,-1.07517369743062
2.6915,-0.481340996149941,0.962835590980936,-0.481345949336381,0.712674773623331,0.533206347683903,-1.24601543077548
2.692,-0.489319007334923,0.978680742238913,-0.489323962004501,0.680785591043579,0.545436648104658,-1.22638337078404
2.6925,-0.476848395899067,0.953660870920689,-0.476852432842973,0.483116794499745,0.546603286280421,-1.02989457618749
2.693,-0.46199335519841,0.923954917929331,-0.461995610152845,0.131043344085466,0.538740370159688,-0.669957330096297
2.6935,-0.4373299474632,0.874675657983826,-0.437329623582321,-0.355488014978053,0.513791088350328,-0.158465841115857
2.694,-0.395241181584239,0.790515772713306,-0.395237643400428,-0.958227343283102,0.473402651281757,0.484676002179093
2.6945,-0.345139749520197,0.690275475038287,-0.34513248493664,-1.6588621390623,0.42450972606735,1.23421626795357
2.695,-0.288629183084395,0.577199229323818,-0.288617751577246,-2.43324224541394,0.366752382729444,2.06636742087161
2.6955,-0.224270745573145,0.448455790266064,-0.224254847803118,-3.25448643719869,0.297536324417391,2.95684660239884
2.696,-0.154958819379797,0.309841853445581,-0.154938338354744,-4.09736956055903,0.219573475482699,3.87771656018029
2.6965,-0.0792692088050628,0.158479469991155,-0.0792441510455316,-4.93770428597984,0.138368711721757,4.79928273979623
2.697,-0.00210239991225302,0.00414044136876643,-0.00207287347358483,-5.7494803263772,0.0552013329742918,5.69425214234949
2.6975,0.070414580343391,-0.140919317327276,0.0704483065966064,-6.50605397627584,-0.0317778674205053,6.53782912774982
2.698,0.145173114913569,-0.290460811980278,0.145210618015765,-7.18497283724023,-0.119135931485357,7.304131525439
2.6985,0.219786560401314,-0.439695680405666,0.219827336177287,-7.76731469863906,-0.200652534396295,7.96801740987674
2.699,0.282325904499318,-0.564765463266541,0.282369359838665,-8.23346548319191,-0.276827180535114,8.51036891391819
2.6995,0.338277734154104,-0.676655218331098,0.338323157675295,-8.56637969122201,-0.349283737820719,8.91576347010279
2.7,0.392188805826659,-0.784472679503353,0.392235415998876,-8.75613873625008,-0.41243414081054,9.16869403592848
2.7005,0.432598380415073,-0.865295955419401,0.432645377445533,-8.79559299898445,-0.462802584303921,9.25853321965593
2.701,0.459038938228514,-0.918177386075618,0.459085492681152,-8.67839591866434,-0.50337175908802,9.18191807735177
2.7015,0.479076455998672,-0.958243000719484,0.479121705179451,-8.40433641574522,-0.533141184204725,8.93763891132365
2.702,0.487181913853965,-0.974438696255088,0.487225024275698,-7.97890094319663,-0.54802552340269,8.52709522557254
2.7025,0.479968610406064,-0.959996095988489,0.480008808538429,-7.40923117518258,-0.548749856054725,7.95815236036672
2.703,0.462891010706062,-0.925827396178816,0.462927562025614,-6.70569744722612,-0.537316176066559,7.24318325593594
2.7035,0.43499026925224,-0.870014541646476,0.435022503914075,-5.88366183947057,-0.512905531900593,6.39673086472339
2.704,0.395132973357689,-0.790286834595294,0.395160333413843,-4.9615626584699,-0.474957766860974,5.43667353152784
2.7045,0.346655596171969,-0.69331575217637,0.346677639229627,-3.95951037768314,-0.425071885711499,4.38472174232466
2.705,0.288744181906441,-0.577475494237961,0.288760566999169,-2.89957154241667,-0.36539812551037,3.26509207093626
2.7055,0.223204193401922,-0.446379423576927,0.22321470504467,-1.80594658221426,-0.297129304478673,2.10317795941521
2.706,0.154455737634998,-0.308869547748077,0.154460314941198,-0.704212616919434,-0.220782454837016,0.925074568503696
2.7065,0.0804602963023212,-0.160868035523504,0.0804590098728702,0.3804805398905,-0.138525679159903,-0.241900162831889
2.707,0.00271557187982136,-0.00536767138872708,0.00270861203092287,1.42394875137723,-0.0539512732860593,-1.36996911984738
2.7075,-0.0721451801681007,0.144364505137657,-0.0721574826667842,2.40168673117231,0.031787075729036,-2.43347184133517
2.708,-0.145306259397479,0.290694792988386,-0.145323440717417,3.29046503113306,0.118022266559764,-3.4085118464466
2.7085,-0.217833698670849,0.435755298012779,-0.217855191322926,4.07073016320836,0.200944244698689,-4.27172549641385
2.709,-0.283069742325616,0.566230480443919,-0.28309488856814,4.72498655360754,0.277902366403697,-5.00296494796209
2.7095,-0.339854510545525,0.67979976518899,-0.339882558398869,5.23756502789474,0.348800441305465,-5.58646432530699
2.71,-0.390868759816597,0.781826016133826,-0.390898887252753,5.59724449877168,0.411635193214366,-6.00899941396643
2.7105,-0.431802011774331,0.863689290532044,-0.431833365531989,5.79703652437626,0.463538040793129,-6.2607119903969
2.711,-0.460436452361062,0.920952505069344,-0.460468153389096,5.83283400615255,0.503897154696404,-6.33688255708683
2.7115,-0.479183165248203,0.958437457029661,-0.479214321633142,5.70447337678745,0.532456377478947,-6.23709178048367
2.712,-0.486157987876704,0.972376861695156,-0.486187730023838,5.41649526794318,0.54781614689048,-5.96448013428067
2.7125,-0.480247545686452,0.960544183018752,-0.480275051146955,4.9770888166905,0.549360254118395,-5.52662010288809
2.713,-0.463397019122157,0.926830088941359,-0.463421522215073,4.39780260511787,0.537450626017008,-4.9354225073614
2.7135,-0.434812922304826,0.869648112560474,-0.434833727780669,3.69375876834672,0.512427769745513,-4.20634984782007
2.714,-0.394953171464037,0.789914057382897,-0.39496968642724,2.88311977094206,0.474928264436373,-3.35820125706804
2.7145,-0.34649588160333,0.69298460202623,-0.346507627907324,1.9868126291602,0.425530559909706,-2.41248274552709
2.715,-0.289071546738035,0.578121256952214,-0.289078158821566,1.02767897968214,0.365415301854494,-1.39321664468422
2.7155,-0.223512987336578,0.446989625811125,-0.223514229895247,0.0297095490403163,0.296745783043474,-0.326557325599951
2.716,-0.731642034979857,0.306463728277489,0.425083460383339,-0.355723560492784,0.219696498431574,0.135980005569955
2.7165,-0.979139230546202,0.1879592749526,0.791088240464134,-0.434568972999453,0.147250180762753,0.287285149456523
2.717,-0.764131148346622,0.00294222390815809,0.761140188155048,-0.433573395001031,0.0507980174947965,0.382757737255593
2.7175,-0.698388450165128,-0.160375932226004,0.858776043092326,-0.439875745287906,-0.0300732396947932,0.469944613983891
2.718,-0.726349411059348,-0.282027920243295,1.00841165360664,-0.407335233698382,-0.111786805107082,0.519123531104211
2.7185,-0.509205832127689,-0.426921054227852,0.936139720468597,-0.333696203181138,-0.201619468807429,0.535316251117627
2.719,-0.370766788213631,-0.572609817527513,0.943359471307484,-0.265726476929232,-0.281703773925424,0.547427979867437
2.7195,-0.308178744087922,-0.684078415817266,0.992234439261383,-0.194276705863937,-0.347144099751115,0.541417770242817
2.72,-0.0764433020877923,-0.779394506158163,0.855833623379205,-0.113427807061107,-0.408225141120861,0.521651514853529
2.7205,0.0599152369876319,-0.858836155603999,0.798935103694759,-0.0286733691737089,-0.464825512533336,0.493499240253148
2.721,0.134223946914956,-0.921345486239488,0.787135421991289,0.0668667787915034,-0.506610868417327,0.439744769660684
2.7215,0.382104155371941,-0.966313752680627,0.584208724035538,0.149083469323207,-0.530595759223018,0.381512132087796
2.722,0.513380984395145,-0.969932975548425,0.456539619464363,0.216416737514996,-0.545048660899314,0.328631186120207
2.7225,0.531071967491329,-0.951033278313529,0.419951467968981,0.303573255407323,-0.551366028150114,0.247792513149426
2.723,0.738645648264763,-0.933991940863918,0.195347784250981,0.382136957012455,-0.539376750938059,0.157240505505898
2.7235,0.869647205722385,-0.876741204091619,0.00710307969016335,0.422886982725277,-0.50966393106015,0.0867780126100804
2.724,0.821433921624797,-0.779204294921806,-0.0422228520104332,0.470918802942359,-0.473491101780226,0.0025727382944227
2.7245,0.927292044075704,-0.691315478538015,-0.235977519469207,0.525453722125394,-0.428234854457249,-0.0972193285409712
2.725,1.02738719525057,-0.588414091844563,-0.43897893984352,0.540515142401946,-0.365674837107595,-0.174841067154947
2.7255,0.93506085482705,-0.44372942878164,-0.491335734648648,0.541116265154398,-0.294084999589738,-0.24703158624163
2.726,0.927994505464411,-0.300928822655549,-0.627065146538385,0.550569549236626,-0.221241167553889,-0.329328065027651
2.7265,0.955881037449409,-0.165816984203438,-0.790060592865094,0.535380224016922,-0.1408852248375,-0.394494405050978
2.727,0.82745053771224,-0.00931715693739589,-0.818131023822872,0.497732699382412,-0.053051917904289,-0.444680379014604
2.7275,0.739947798650896,0.148753349383185,-0.888701741763168,0.459608747978204,0.0334577411858872,-0.493066471687787
2.728,0.689568357212866,0.292004382912904,-0.981574778403325,0.408265599725568,0.116938515500825,-0.525204327666305
2.7285,0.519113020537003,0.433581430868835,-0.952695449201104,0.34337073306654,0.199569369464061,-0.542940249681519
2.729,0.386753354867211,0.565094620686219,-0.951847214938102,0.274051511518302,0.278739663566348,-0.552791112749344
2.7295,0.293347032527398,0.680468955968611,-0.973814751032501,0.192753352496438,0.349669416550956,-0.542422603189265
2.73,0.0917775085369092,0.784414792848631,-0.876192004563468,0.108986156778537,0.41052995152198,-0.519516011919622
2.7305,-0.0646498245986898,0.862516865083108,-0.797867780463627,0.0296701641532572,0.462469843492644,-0.492140005756266
2.731,-0.156652727166929,0.917427892635543,-0.760775996814632,-0.0608134794609834,0.504732873849457,-0.443919385767619
2.7315,-0.350035392248677,0.961484017542261,-0.611448732699763,-0.150875754473403,0.532993138015967,-0.382117311888071
2.732,-0.51008070892287,0.975142361138657,-0.465061054915763,-0.223927203026642,0.546400334281816,-0.322473041159656
2.7325,-0.57295233206569,0.955932731063499,-0.382979756706959,-0.299432779742155,0.548751898205487,-0.24931906638959
2.733,-0.71259607511701,0.92619594195247,-0.213599781944101,-0.375927167737143,0.538554336190472,-0.162627161350099
2.7335,-0.843497846735491,0.874373059551725,-0.0308756748352236,-0.430185153008859,0.512221848067774,-0.0820367109137552
2.734,-0.863871806670251,0.788239261541025,0.07563207593711,-0.474443888499286,0.473622312282046,0.000821568795177029
2.7345,-0.924403234784354,0.689745444517839,0.234657759418243,-0.517657957580279,0.425734376364899,0.0919236162603839
2.735,-0.992395656498311,0.58093947021078,0.411456500700464,-0.541108763929402,0.366139815803858,0.174969025934237
2.7355,-0.959202083348855,0.448043707536586,0.511158630409179,-0.547671129523084,0.29615124203272,0.2515199570059
2.736,-0.939727015828361,0.305285409125703,0.634441594148748,-0.547923650078334,0.2201875302898,0.327736137436783
2.7365,-0.930910899770366,0.16101938537285,0.769891357035635,-0.532052314213848,0.139404694259856,0.392647606913019
2.737,-0.836648537927228,0.00776567833793988,0.828882749662076,-0.500720404254564,0.0541825895527582,0.446537819117058
2.7375,-0.74889766733611,-0.145158674619793,0.894056344326006,-0.461023001253143,-0.0325659814030816,0.493589011369207
2.738,-0.675564311682106,-0.291903416350553,0.96746780399121,-0.407013578312448,-0.117973060445737,0.524986666629001
2.7385,-0.528157172646651,-0.435331000039682,0.963488243921919,-0.342603494300791,-0.20025760287428,0.542861117650672
2.739,-0.389032366910069,-0.565530835117072,0.95456319420199,-0.274313355727716,-0.277826376416235,0.552139755447062
2.7395,-0.278688840573788,-0.679703879327779,0.958392640160395,-0.194694591585676,-0.349175114722846,0.543869728014281
2.74,-0.105809544414264,-0.782675144315173,0.888484639249843,-0.108882591236967,-0.411464452668419,0.520347054770666
2.7405,0.0599718881631905,-0.864093359853588,0.804121517657233,-0.0269659557940154,-0.462845243973321,0.489811210040081
2.741,0.177485128718302,-0.919545219394019,0.742060164452219,0.0592266384956951,-0.503845754166173,0.444619136943464
2.7415,0.338516545575273,-0.958374457408156,0.619857917697681,0.14807565705864,-0.532767641323664,0.384692004785612
2.742,0.496873550821419,-0.974250638738001,0.477377038570037,0.226856682273147,-0.547385285255681,0.320528609396143
2.7425,0.59389538644794,-0.959629517084723,0.365734101101668,0.300638393935414,-0.548776242180387,0.248137852382976
2.743,0.710480960802194,-0.925346829360864,0.214865875978819,0.372290968569104,-0.537580546192184,0.165289594992878
2.7435,0.826058956943133,-0.871311252764369,0.0452523077649559,0.430725116426813,-0.512571603209075,0.0818465083233558
2.744,0.87762370295611,-0.790358766467955,-0.0872649265024955,0.477059598446519,-0.47438665932979,-0.00267292859624562
2.7445,0.929273659541966,-0.691428473450971,-0.237845169778188,0.515857437078776,-0.42522507998412,-0.0906323518487785
2.745,0.978052053974494,-0.578439240679177,-0.399612810695595,0.539904833182043,-0.365706123147209,-0.174198698322662
2.7455,0.966184901788891,-0.447953079343272,-0.518231846240986,0.549208801369397,-0.296645947049464,-0.252562841459429
2.746,0.944864798481169,-0.30698461675109,-0.637880198524652,0.547884343097511,-0.220472369568841,-0.32741196801695
2.7465,0.921083321326498,-0.160320662346241,-0.760762642267951,0.531296109556421,-0.138977291829493,-0.392318812317222
2.747,0.842144848079942,-0.0073828669349952,-0.834761960535134,0.500837622914745,-0.0540313951704435,-0.446806214525548
2.7475,0.751954776425343,0.144997813002691,-0.896952597708886,0.460849195528126,0.032178598824866,-0.493027781644882
2.748,0.666480278622664,0.291994235917295,-0.958474531290481,0.407398641890315,0.117892703052097,-0.525291341139772
2.7485,0.534569889036423,0.434623990463358,-0.969193874678328,0.34280798877615,0.200530073723094,-0.543338059718308
2.749,0.392897249221367,0.565982373160727,-0.958879610367623,0.273110769281471,0.277926536756848,-0.551037296019841
2.7495,0.267962504482051,0.680582525257964,-0.94854503414406,0.195095589365173,0.348871208116278,-0.543966787307213
2.75,0.11081502628934,0.781548927074471,-0.892363961192401,0.110099387102848,0.411344536262769,-0.521443920507154
2.7505,-0.0528136353072936,0.863629036734587,-0.810815395025238,0.0256138261941023,0.463245976064733,-0.4888598000594
2.751,-0.188074369639837,0.921065246304254,-0.732990870975003,-0.0597948940415398,0.503793759464912,-0.443998857165137
2.7515,-0.33746001107514,0.958097757448795,-0.620637755923634,-0.146499512042595,0.532386521849853,-0.385887001799254
2.752,-0.487774144760651,0.972792456874883,-0.485018319269046,-0.227299186824325,0.547569025426903,-0.320269836765311
2.7525,-0.601591671146977,0.960760219580209,-0.359168538705589,-0.301829633382125,0.549012463194998,-0.247182828007715
2.753,-0.712634001086174,0.926003073355918,-0.213369064051261,-0.371364304424715,0.537371510202476,-0.166007198777127
2.7535,-0.817961379261702,0.869966271524735,-0.0520049008972671,-0.43036432010689,0.512401921942424,-0.0820375957143466
2.754,-0.882186841868634,0.790684330155661,0.0915025031049957,-0.477970409274122,0.474605027024719,0.00336538279816032
2.7545,-0.932096158360347,0.692101534023987,0.239994630670018,-0.51563889138309,0.425302672372195,0.0903362200538008
2.755,-0.971924335149393,0.577896525201464,0.394027816399517,-0.539570703193054,0.365484225286928,0.174086483886877
2.7555,-0.969387902327448,0.447953306235371,0.52143458962683,-0.549588818776975,0.29666976494697,0.252919058973391
2.756,-0.947243043347699,0.307137881548372,0.64010515615846,-0.547701861301617,0.220577994480188,0.327123867045843
2.7565,-0.915682679100962,0.160187221214742,0.755495464071464,-0.531369706762546,0.13896641481371,0.392403292721954
2.757,-0.845093224960613,0.00756848875890744,0.837524740711489,-0.501148998545012,0.0539733160345077,0.44717568751363
2.7575,-0.754762590788432,-0.144988256591879,0.899750840667493,-0.460335287471819,-0.0322523158893834,0.492587607431278
2.758,-0.660742971820867,-0.292407451129707,0.953150418471808,-0.407523492458129,-0.117762180550129,0.525285672933331
2.7585,-0.536718148600235,-0.434304131876875,0.971022286889727,-0.343418020070144,-0.200506225432193,0.543924246284887
2.759,-0.396994408331311,-0.565579293214297,0.962573705659237,-0.272560316032665,-0.278088640262116,0.550648960815334
2.7595,-0.262398583877646,-0.68135772728969,0.943756304972916,-0.194852087240378,-0.34882398463282,0.543676075339422
2.76,-0.111316227113012,-0.781418843699664,0.892735066984423,-0.11084595419671,-0.411238206432016,0.522084160487435
2.7605,0.047958923701479,-0.862893394985331,0.814934477213886,-0.0254254855366563,-0.463298927104921,0.488724413503982
2.761,0.192336253665356,-0.921739085953067,0.729402835988538,0.0603420351552413,-0.503902987683726,0.443560956680608
2.7615,0.338440826840025,-0.95824703465954,0.619806202619373,0.145962710355576,-0.532301119203741,0.38633841188709
2.762,0.483327076263059,-0.972192574438512,0.488865495360373,0.227154246754107,-0.547487345286391,0.320333098430589
2.7625,0.604270224278036,-0.961001945406838,0.356731726530592,0.302322779903461,-0.549155091109332,0.246832312164455
2.763,0.714226950145511,-0.926254725647668,0.212027778374103,0.371103616038511,-0.537351111082424,0.166247498856021
2.7635,0.814350926242674,-0.869708374061887,0.0553574431067348,0.430204478724029,-0.512326592116988,0.0821221160636744
2.764,0.883932482791515,-0.790639276772894,-0.0932932080032279,0.478242033340494,-0.474653785602057,-0.0035882477826277
2.7645,0.933781092090608,-0.692315382050665,-0.241465704896086,0.515456816833309,-0.425303442883454,-0.0901533729233272
2.765,0.968708093090529,-0.577735493951187,-0.390972596788392,0.539551076605826,-0.365507587975368,-0.174043485185889
2.7655,0.970791103713712,-0.447957922879168,-0.522833185179128,0.549780131692094,-0.296635799091464,-0.253144330354147
2.766,0.949145848729984,-0.307342076270355,-0.641803774047266,0.547462802579996,-0.220560370621553,-0.326902432080346
2.7665,0.912474095246911,-0.159850000856877,-0.752624089793925,0.531354076093068,-0.139026338217843,-0.392327736936944
2.767,0.846091889336151,-0.00773290972413962,-0.838358977814144,0.501436011837636,-0.053954697766225,-0.447481311083127
2.7675,0.757084815393495,0.144738031119958,-0.901822850502562,0.460106779067427,0.0322742811927823,-0.492381058490529
2.768,0.657778018897362,0.292853597625784,-0.950631617798209,0.407348486594445,0.117769710175305,-0.525118197068914
2.7685,0.536962948152568,0.434149401861142,-0.971112346025349,0.343784337674386,0.200456735081624,-0.544241072036521
2.769,0.399560040928938,0.565315556129926,-0.964875595869597,0.27245650325703,0.278091277692801,-0.550547778510404
2.7695,0.260144570924877,0.681647607425854,-0.941792182109441,0.194554210562355,0.34890172063475,-0.543455929967136
2.77,0.11076992055084,0.781456692499972,-0.89222661411065,0.111150731493147,0.411159436832317,-0.522310168881791
2.7705,-0.0455151229808778,0.862667826567096,-0.81715270016242,0.0254417645516943,0.463291996258617,-0.488733760382358
2.771,-0.193794789336381,0.921783023156703,-0.727988233164223,-0.0606056357540273,0.503965049714146,-0.443359412084907
2.7715,-0.339436565260219,0.958460736340842,-0.619024174649572,-0.145792281497088,0.532259304596668,-0.386467022390804
2.772,-0.481170540545205,0.971985391255278,-0.490814851624385,-0.227105980944251,0.54749098349421,-0.320385003357637
2.7725,-0.605250349801479,0.960974928536906,-0.3557245758098,-0.302484247403259,0.549149789821906,-0.246665542263137
2.773,-0.715332253805565,0.926478656986222,-0.211146402909442,-0.371014249070199,0.537363354875304,-0.166349104416831
2.7735,-0.812412746150277,0.869476543593951,-0.0570638007458951,-0.430167080968941,0.512332885603849,-0.0821658043389443
2.774,-0.884694560697966,0.790721751440726,0.0939728085248406,-0.478373513187859,0.474622756178854,0.00375075604490304
2.7745,-0.934922046355203,0.69243094201705,0.242491106875807,-0.515367911201106,0.425330595035712,0.0900373161532103
2.775,-0.966937158174258,0.577508263335159,0.389428894866417,-0.539492968791782,0.365493133220103,0.173999836626001
2.7755,-0.971276206867858,0.448110510058463,0.52316569385369,-0.549962369160557,0.296646491660179,0.253315877559596
2.776,-0.950411886764953,0.30738480749056,0.643027078800492,-0.547361262362256,0.220558943745768,0.326802317655668
2.7765,-0.910958492983832,0.159704690358326,0.751253804928356,-0.531246963966908,0.138993382532101,0.392253581415674
2.777,-0.846126461756945,0.00778174861846617,0.838344713079613,-0.501649022736028,0.0540108692402553,0.447638154405673
2.7775,-0.758494375321264,-0.144650290041017,0.90314466282718,-0.460036179646376,-0.0323062473046506,0.492342426966073
2.778,-0.656613485953128,-0.292905475588142,0.949518961376737,-0.407217349529969,-0.117791095009267,0.525008443744191
2.7785,-0.536568973196469,-0.434268694804377,0.970837670179444,-0.343948328804868,-0.200412068655373,0.544360397585349
2.779,-0.400989173590025,-0.56512841859595,0.966117592154899,-0.272449075790036,-0.278118672438852,0.550567749158725
2.7795,-0.259303394806862,-0.681687786691993,0.940991179419723,-0.194438683856407,-0.348896027398173,0.543334711377514
2.78,-0.110173437673394,-0.781622119719694,0.891795557543171,-0.111233458011572,-0.411165586777922,0.522399044270779
2.7805,0.0442224686014823,-0.862449259508375,0.81822679300829,-0.025484549040166,-0.463285050549309,0.488769599946601
2.781,0.194404508500852,-0.921877096886896,0.7274725884212,0.0607034522877356,-0.503955247516516,0.44325179626514
2.7815,0.340049340014003,-0.958528669041042,0.618479327368642,0.145746690750307,-0.532290949805426,0.386544259349142
2.782,0.480083458339575,-0.971845143861868,0.491761685930054,0.227048975123103,-0.54745786529711,0.32040888994912
2.7825,0.605655280118121,-0.961079160093444,0.355423881978679,0.302588658721161,-0.549166192322467,0.246577534181794
2.783,0.715966564259466,-0.926458119142782,0.210491554948031,0.370953634614606,-0.537368821494601,0.166415188007699
2.7835,0.811502905281613,-0.869443399847835,0.0579404932265816,0.430118482650679,-0.512308807824195,0.0821903255987678
2.784,0.88485504704369,-0.790741068976273,-0.0941139775157967,0.478488061370545,-0.474659946657798,-0.00382811472447094
2.7845,0.935670388627345,-0.692451602089785,-0.243218784708462,0.515295927510942,-0.425298415030654,-0.0899975117774951
2.785,0.966150789853004,-0.57750329714323,-0.388647492699409,0.53944941988006,-0.365499678144906,-0.173949740618864
2.7855,0.971196010350552,-0.448031222588715,-0.523164788916239,0.550060388040387,-0.296668922813751,-0.253391464789615
2.786,0.951268828517485,-0.307519400829221,-0.643749427128814,0.547321248618998,-0.220528151368042,-0.326793097197249
2.7865,0.910284025808781,-0.159638549113083,-0.750645475135055,0.53119236721857,-0.139014389578168,-0.392177976970142
2.787,0.845897233391727,-0.00769724590437431,-0.838199987623675,0.501711376922111,-0.0540001389750401,-0.447711236986727
2.7875,0.759328624146569,0.144476895647048,-0.90380552088855,0.460049339825399,0.0322989553305972,-0.492348294854386
2.788,0.656090129376249,0.293025983959597,-0.949116112882628,0.407143531326538,0.117789218408437,-0.524932749773828
2.7885,0.536285142724316,0.434275886124378,-0.970561027622115,0.343989397540831,0.200432435377884,-0.544421832429721
2.789,0.401680832528899,0.565039361541574,-0.966720194410936,0.272488846660506,0.278084448809037,-0.55057329479017
2.7895,0.258974415622171,0.681770208842974,-0.940744625578398,0.194355772928899,0.348923367441335,-0.543279140317438
2.79,0.109844535426719,0.781584746263794,-0.891429281398955,0.111278752280896,0.411161174234967,-0.522439926755602
2.7905,-0.0436693999036595,0.862462994376411,-0.818793593586001,0.0255118518853076,0.463266075749994,-0.488777927413433
2.791,-0.194546173924576,0.921858149799168,-0.72731197641351,-0.0607748211719152,0.503985950006153,-0.443211128488427
2.7915,-0.340465786119309,0.958547432554774,-0.618081647573131,-0.145696980548723,0.53226169043883,-0.386564710117918
2.792,-0.47958432218988,0.971861371105602,-0.492277048767886,-0.227040583946152,0.547473601971533,-0.320433018483884
2.7925,-0.605673636668223,0.961003844488349,-0.355330207210326,-0.30263663001217,0.549170029513076,-0.246533399536214
2.793,-0.716463327758197,0.926566198038195,-0.210102870944836,-0.370923735319169,0.537348727709203,-0.16642499233315
2.7935,-0.811019285756042,0.869375601434414,-0.0583563167798331,-0.430102451559043,0.512333710542274,-0.0822312594262133
2.794,-0.884818329443827,0.790708425483916,0.0941099040437873,-0.478521048973664,0.474639395514479,0.00388165286047763
2.7945,-0.936163860758318,0.692568892516122,0.243594968689995,-0.515299341778334,0.425310905558472,0.0899884360295649
2.795,-0.965740211964711,0.577385888998582,0.388354322290903,-0.539405009130824,0.365497617606851,0.173907391420676
2.7955,-0.971118875363529,0.448073611075216,0.523045263320341,-0.550096621038361,0.296655750904844,0.253440869615822
2.796,-0.951682043986494,0.307554317798736,0.644127726315385,-0.547340796161384,0.220555806522243,0.326784989044394
2.7965,-0.910023001607788,0.159578247825932,0.750444754196689,-0.531131874299392,0.138984182130671,0.392147691978973
2.797,-0.845745096149378,0.00774339041089676,0.8380017051703,-0.501756506931929,0.0540155595718892,0.447740947263708
2.7975,-0.759669110354962,-0.144512123290792,0.904181232903033,-0.460058724190402,-0.0322914971719108,0.492350220934095
2.798,-0.655976625017658,-0.292986398139044,0.948963023419583,-0.407096883714091,-0.117813758722573,0.524910641999625
2.7985,-0.536038697389511,-0.434308232722951,0.970346930592974,-0.344028623505069,-0.200404200703873,0.544432824169286
2.799,-0.402009894309794,-0.56504811709416,0.967058011020478,-0.272485508164767,-0.278105115277183,0.550590623497394
2.7995,-0.258929411646276,-0.681703175924811,0.940632587099581,-0.194334978610225,-0.348916681224488,0.543251659623022
2.8,-0.109546879421597,-0.781683391094313,0.891230270951526,-0.111294490963076,-0.411152753099179,0.52244724388648
2.8005,0.043332005355814,-0.862390423449398,0.819058418675811,-0.0255174965342283,-0.463286094459215,0.488803591190535
2.801,0.194587216464407,-0.921857851559935,0.727270634907124,0.0607872168575888,-0.503961950275378,0.443174733694871
2.8015,0.340740362814987,-0.958620118771263,0.617879755733401,0.145702692054599,-0.532281379570968,0.386578687563955
2.802,0.479293875520711,-0.971763905652888,0.492470030708077,0.227011054054671,-0.547465179694614,0.3204541257383
2.8025,0.605695295472868,-0.961069575880049,0.355374281055534,0.302663146010211,-0.549163181383949,0.246500035798454
2.803,0.716683142447905,-0.926555637045705,0.209872494544825,0.37093051943706,-0.537370290485441,0.166439771517628
2.8035,0.810837022139993,-0.869347049617893,0.0585100274169294,0.430061949444383,-0.512305470369149,0.082243521174886
2.804,0.884762193213179,-0.790750316582562,-0.0940118760054892,0.478560730536751,-0.47466102741775,-0.00389970283016198
2.8045,0.93636421910057,-0.692522585471299,-0.243841633004748,0.515292847149059,-0.425306928618771,-0.0899859179792011
2.805,0.965655067499359,-0.577437700821785,-0.38821736670077,0.539378485738273,-0.365482918424402,-0.17389556676796
2.8055,0.970971217564956,-0.448029156485504,-0.522942061099781,0.550127029517149,-0.296680698895253,-0.253446330302912
2.806,0.951908243537041,-0.307561843678061,-0.644346399300875,0.547329759093576,-0.220532072583261,-0.326797686180148
2.8065,0.909965582814858,-0.159626796347857,-0.750338785972505,0.531125430377467,-0.138998437049025,-0.392126992805474
2.807,0.845565159960898,-0.00765600589400735,-0.837909154170528,0.501762108116376,-0.0540147143312278,-0.447747393318157
2.8075,0.759909330681105,0.144433429289862,-0.904342760063933,0.460062840323049,0.0323039696155998,-0.49236680970974
2.808,0.655904864812245,0.293012327294863,-0.948917191713711,0.407091792236375,0.117791952678175,-0.524883744701594
2.8085,0.535895356646657,0.434345339738241,-0.970240696098797,0.344019666007166,0.200427427661224,-0.544447093321988
2.809,0.402203120157692,0.564974263404284,-0.967177383818361,0.272509289843336,0.278089685354987,-0.550598974944952
2.8095,0.258874914427089,0.681773596670221,-0.940648511328159,0.194313246580835,0.348917470945555,-0.543230717510592
2.81,0.109444904285361,0.781643972618246,-0.891088876716905,0.111293648648793,0.411167617148073,-0.522461265809242
2.8105,-0.0432230721236004,0.862393704749841,-0.819170632566258,0.0255434282957048,0.463261291607084,-0.488804719818416
2.811,-0.194568979279601,0.921882842939537,-0.727313864075749,-0.0608193676139926,0.503985934184168,-0.443166566591454
2.8115,-0.340853590880244,0.958574745755708,-0.617721155238978,-0.145688306740435,0.532268961193433,-0.386580654690104
2.812,-0.479237935429753,0.971822171577793,-0.492584236138572,-0.22700127550735,0.547460795786876,-0.320459520534367
2.8125,-0.605603982297088,0.961014969668203,-0.355410987485148,-0.30268349136262,0.549181410371008,-0.246497919175656
2.813,-0.716841800116906,0.926579822071711,-0.209738022468154,-0.370917027291843,0.53734676232844,-0.16642973529536
2.8135,-0.810774515613205,0.86937349351752,-0.0585989783293813,-0.43006518265443,0.512324927107048,-0.0822597448837658
2.814,-0.884659509043563,0.790680090193269,0.0939794187720384,-0.478559397704406,0.474652215280131,0.00390718200668904
2.8145,-0.936535270486516,0.692601422597419,0.243933847705592,-0.515298191663444,0.425302283718696,0.0899959076283953
2.815,-0.965572219460253,0.577391240786925,0.388180978169166,-0.539375166797444,0.365499598902507,0.173875567520875
2.8155,-0.970909096839616,0.44802317594445,0.522885920516113,-0.550118503759663,0.296657793634725,0.253460709634884
2.816,-0.952029354563875,0.307610598759719,0.644418755753716,-0.547350664381984,0.220552120785657,0.326798543161539
2.8165,-0.909908306855303,0.159562407380199,0.750345899341292,-0.531105191721467,0.138989896947643,0.392115294464201
2.817,-0.845528010639805,0.00770992958996386,0.837818080665361,-0.501766313488241,0.0540077150987388,0.44775859806155
2.8175,-0.759963727516414,-0.144461627737268,0.904425355021706,-0.460078830344746,-0.0322843166174469,0.492363146573083
2.818,-0.655916088048175,-0.293015347607481,0.948931435730813,-0.40706693139012,-0.117815790621621,0.524882721715008
2.8185,-0.535828374215562,-0.434311707864515,0.970140082085814,-0.344036928589712,-0.200409610848977,0.544446539285588
2.819,-0.402237023313607,-0.565030836428782,0.967267859549504,-0.272508056395029,-0.278094232861747,0.550602289114685
2.8195,-0.258936132287442,-0.681712391188338,0.940648523445246,-0.194303172442958,-0.348927502350595,0.543230674628912
2.82,-0.109329966671874,-0.781683313003929,0.891013279919307,-0.111305177144635,-0.411147768811472,0.522452945902596
2.8205,0.0431608147739596,-0.862398058653414,0.819237244052669,-0.0255353899579641,-0.463282806091102,0.488818196139302
2.821,0.194517817305,-0.921833303468643,0.727315486167935,0.0608125325086381,-0.503970905278043,0.443158372878566
2.8215,0.340971386225685,-0.958646265006997,0.617674878937547,0.145695873514753,-0.532272055593382,0.386576182178407
2.822,0.479156819792689,-0.971763560686162,0.492606741277101,0.226997106390634,-0.547470920254059,0.320473814067633
2.8225,0.605592585154182,-0.961034941965388,0.355442357108639,0.302677132921204,-0.549161644709508,0.246484512112805
2.823,0.716908811183002,-0.926602573697263,0.209693762652474,0.370934602893833,-0.537368487547748,0.166433884980941
2.8235,0.810727935596489,-0.86932259207183,0.0585946567388946,0.430045640144429,-0.512310336049798,0.0822646962106112
2.824,0.88465492549351,-0.790737539534686,-0.0939173855230163,0.478568068124369,-0.474653309003926,-0.00391475874059234
2.8245,0.936554097870006,-0.69255677544134,-0.243997322103785,0.515305905656323,-0.425315181456702,-0.089990723742113
2.825,0.965587765419972,-0.577409190857751,-0.388178574398499,0.539356848026539,-0.365478377115981,-0.1738784704846
2.8255,0.970862752417985,-0.448039047804859,-0.522823704357087,0.550135705813527,-0.296678315285088,-0.253457390153158
2.826,0.952052055303578,-0.307563853620068,-0.6444882013093,0.547342733402595,-0.22054063885106,-0.326802094143665
2.8265,0.909951643689543,-0.159624066458524,-0.750327576990995,0.531103443081506,-0.138988079502002,-0.392115363143542
2.827,0.845440959941191,-0.0076590432704669,-0.837781916593918,0.501773281237801,-0.0540216741499723,-0.447751606721553
2.8275,0.760023947364682,0.14444552153962,-0.90446946876321,0.460070059133368,0.0323046358127271,-0.492374694661066
2.828,0.655933035725739,0.292987954224116,-0.948920989732974,0.407076835865065,0.117797082029126,-0.524873917615373
2.8285,0.535752054718933,0.434369999017273,-0.970122053665054,0.344026716122684,0.200419474105748,-0.544446189962599
2.829,0.402307849144003,0.564968873757921,-0.967276722985974,0.272514350033923,0.278097109295778,-0.55061145916047
2.8295,0.258918457724295,0.681751133268253,-0.94066959102623,0.194306331970392,0.348912835912016,-0.543219167811678
2.83,0.109302940584233,0.781681529841721,-0.890984470407109,0.111291337210794,0.411168479275236,-0.522459816443028
2.8305,-0.0431312188826494,0.862365692303071,-0.819234473540951,0.0255534674192275,0.46326453418674,-0.488818001595919
2.831,-0.194525850630751,0.921885358696909,-0.727359508318763,-0.0608245341353515,0.503979046552034,-0.44315451250784
2.8315,-0.340969566729476,0.958593607549035,-0.617624041018057,-0.145696605383544,0.532277430377693,-0.38658082517827
2.832,-0.479178772358987,0.971798349580803,-0.492619577370688,-0.226985317595381,0.547454468850687,-0.320469151463996
2.8325,-0.605553584212522,0.961031503710728,-0.355477919762771,-0.302692414637227,0.549182138028354,-0.246489723626693
2.833,-0.716928936797074,0.926571322743671,-0.209642386306575,-0.370923214047871,0.537352343354968,-0.166429129623514
2.8335,-0.810757331551421,0.869377869932555,-0.0586205386691237,-0.430050115229392,0.512315838416913,-0.0822657235681773
2.834,-0.884587464343619,0.790680864868123,0.0939065992489955,-0.478569905548596,0.474660341589711,0.00390956357938609
2.8345,-0.936611667252916,0.692589809892751,0.244021857052109,-0.515299215978389,0.425298586678979,0.0900006289205327
2.835,-0.96558157909122,0.57741467480832,0.388166903921813,-0.539367303467582,0.365497930511479,0.173869372534828
2.8355,-0.970818752508992,0.447998061562272,0.522820690680645,-0.550123725475267,0.296663527665031,0.253460197367819
2.836,-0.952108085376802,0.30762145631891,0.64448662886959,-0.547351650260476,0.220544741383091,0.326806908473682
2.8365,-0.909920463083411,0.159574573405132,0.750345889442247,-0.531102880667073,0.138996392081353,0.392106488219052
2.837,-0.845441453028084,0.00768128608167711,0.83776016669461,-0.501763635160189,0.0540042369358368,0.447759397858081
2.8375,-0.760035164035108,-0.144433708883719,0.904468872779116,-0.460085821878236,-0.0322852023706794,0.492371023904369
2.838,-0.655924853688236,-0.29302780807666,0.948952661712556,-0.407063118927785,-0.117810479520422,0.524873598176505
2.8385,-0.53576298498324,-0.434317406941864,0.97008039184781,-0.344031515822397,-0.2004176111309,0.544449126748336
2.839,-0.402281369896356,-0.565014656662482,0.967296026488324,-0.272519868554462,-0.278086838356231,0.550606706737832
2.8395,-0.258955937126067,-0.681730014163682,0.940685951333723,-0.194294507182516,-0.348930814506459,0.543225321565703
2.84,-0.109280418303884,-0.781668476468803,0.89094889489891,-0.111303671333996,-0.411150212936236,0.522453884236556
2.8405,0.0431476383448139,-0.862408897036405,0.819261258798192,-0.0255448781036675,-0.463275808060599,0.488820686207517
2.841,0.194474613904053,-0.921829504925816,0.727354891138313,0.0608215777191233,-0.503979091781583,0.443157514147224
2.8415,0.341023082211269,-0.958638204563627,0.617615122567956,0.145693393526813,-0.532266232756855,0.386572839367966
2.842,0.47915713191893,-0.971784147628479,0.492627015985875,0.22699423019091,-0.547472314645355,0.320478084674061
2.8425,0.605534911216202,-0.961009947704967,0.355475036733505,0.302680104329041,-0.549164768271149,0.246484664224181
2.843,0.716968339867701,-0.926618399978955,0.20965006035194,0.370934240011065,-0.537362252254704,0.166428012551626
2.8435,0.810723313335284,-0.869325441956035,0.0586021289308716,0.430045760987647,-0.512317430448254,0.082271669800815
2.844,0.88460471270941,-0.79071776414961,-0.093886948221739,0.478564751139882,-0.474647882449338,-0.00391686829903549
2.8445,0.936606643354795,-0.692582024147288,-0.244024618923553,0.515311796984036,-0.425316795543867,-0.0899950010208511
2.845,0.965580088656063,-0.577391171482666,-0.38818891691653,0.539353413378791,-0.365481467784337,-0.173871945183051
2.8455,0.970830172885642,-0.4480435821503,-0.522786590443535,0.550132367599061,-0.296671528194232,-0.253460838997677
2.846,0.952080773403231,-0.307571378687567,-0.644509394430113,0.547351572532684,-0.220548345416212,-0.326803226700096
2.8465,0.909957849872763,-0.159609462413467,-0.750348387250304,0.531095415621539,-0.138982837138935,-0.392112578080904
2.847,0.845414558966839,-0.00767613553576784,-0.837738423269958,0.50177482723465,-0.0540221172680531,-0.447752709611147
2.8475,0.760031180094456,0.144461110052668,-0.904492289979326,0.460075144587427,0.0323001909485351,-0.492375335222033
2.848,0.655961040063281,0.292978907549644,-0.948939947476108,0.40706991895598,0.117804304572864,-0.524874223244147
2.8485,0.535715728323272,0.434367207267194,-0.970082935542081,0.34403077493556,0.20041260622556,-0.544443380925924
2.849,0.402312199719386,0.564984901649302,-0.967297101376774,0.272513860685373,0.278100960449921,-0.550614820973813
2.8495,0.258955126756569,0.68172781288016,-0.940682939651213,0.194305638086099,0.348913258206253,-0.543218896195541
2.85,0.109257804293281,0.781700754478827,-0.890958558825274,0.111291622607561,0.411164118113865,-0.522455740674713
2.8505,-0.043117838414191,0.86236050188967,-0.819242663611953,0.0255524520849483,0.463271192851808,-0.48882364495402
2.851,-0.194499804238165,0.92187444309717,-0.727374639043406,-0.0608209173631356,0.503972557612658,-0.443151640345907
2.8515,-0.341005927773343,0.958614117343329,-0.617608189755487,-0.145702112473453,0.532281194358979,-0.386579082046215
2.852,-0.479164879866952,0.971778367389026,-0.492613487735474,-0.226981598936665,0.547455092821639,-0.320473494091724
2.8525,-0.605541159066789,0.961043216412674,-0.355502057620783,-0.302690895487742,0.549177222366498,-0.246486327138591
2.853,-0.716944286088577,0.92657063038401,-0.209626344594409,-0.370929650994076,0.537359546938862,-0.166429896264379
2.8535,-0.810759420742011,0.869368702425774,-0.0586092819638244,-0.430042919639722,0.512309435624075,-0.08226651634405
2.854,-0.884573726851691,0.79069671931831,0.0938770072492704,-0.478573305659411,0.474663212317382,0.0039100929630409
2.8545,-0.936614056789642,0.692571936811527,0.244042119664304,-0.515300938696552,0.425300364808084,0.0900005734880946
2.855,-0.965601841700446,0.577428315265027,0.388173526128677,-0.539362737900975,0.365492418127731,0.173870319350439
2.8555,-0.970791479177944,0.447994951352575,0.522796527563117,-0.550127933357526,0.296670390957526,0.253457541976249
2.856,-0.952115284635307,0.307611232477244,0.644504051918542,-0.547349183040896,0.220539271456929,0.326809911179643
2.8565,-0.90994301585818,0.15959452570009,0.750348489919958,-0.531104140564349,0.138998430556151,0.392105709622552
2.857,-0.845407539261126,0.00766073655061974,0.837746802506952,-0.501763064395495,0.0540063234636783,0.447756740565321
2.8575,-0.760052416826178,-0.144422309376517,0.904474726063545,-0.460084916376667,-0.0322906006750962,0.492375516723775
2.858,-0.655934830133455,-0.293025233177528,0.948960063213255,-0.407066545966295,-0.117803824511762,0.524870370204846
2.8585,-0.535740131245935,-0.434331697746251,0.970071828915696,-0.344026275817326,-0.200422892645369,0.544449168241034
2.859,-0.402295628170309,-0.564995734921765,0.967291363064228,-0.272524048750761,-0.278085134910295,0.550609183488991
2.8595,-0.258956930401266,-0.68174588215537,0.940702812598605,-0.194294336262637,-0.348928149710025,0.543222485864018
2.86,-0.109275194768179,-0.781660913298917,0.890936108153243,-0.111299396548529,-0.411156165054391,0.522455561567062
2.8605,0.0431502304165986,-0.862406143812926,0.819255913505996,-0.0255509911485873,-0.463269092331452,0.488820083508643
2.861,0.194466611927755,-0.921841592667598,0.727374980893998,0.0608259578684717,-0.50398374620684,0.44315778842471
2.8615,0.34102286919906,-0.958620652677258,0.617597783689804,0.14569265486831,-0.532265505372733,0.386572850655217
2.862,0.479173085429743,-0.971800767441319,0.492627682252659,0.226991945883875,-0.547468948599077,0.320477002932141
2.8625,0.60551285570766,-0.96100133807295,0.355488482614814,0.302683561352384,-0.549170748029786,0.246487186946673
2.863,0.716977731967335,-0.926614582999882,0.20963685130624,0.370930972134992,-0.537356081537381,0.166425109712531
2.8635,0.810735832610893,-0.869340557456063,0.0586047251498282,0.430048410856617,-0.512321391813701,0.0822729813085707
2.864,0.884579916952672,-0.790698043943272,-0.0938818727022264,0.478563061994089,-0.47464764033863,-0.00391542126697322
2.8645,0.936624622750942,-0.692597437605846,-0.244027184855093,0.515311644798475,-0.425313226315315,-0.089998418074993
2.865,0.965579719930145,-0.577386567379027,-0.388193152265379,0.539356190212481,-0.365487464378239,-0.173868725420268
2.8655,0.970818249297576,-0.448036195784879,-0.522782053227424,0.550127568607101,-0.296665491219843,-0.253462076970264
2.866,0.952092149058896,-0.307586871116579,-0.64450527768373,0.547356100423975,-0.220551947645511,-0.326804152365335
2.8665,0.909953428866796,-0.159592321840539,-0.750361106810331,0.531093784018966,-0.138983185474915,-0.392110598152025
2.867,0.845416145731955,-0.00768862845407168,-0.837727517091607,0.501772566290847,-0.0540179580280083,-0.447754607904538
2.8675,0.76002633393964,0.144464625338606,-0.904490959117712,0.460079918330981,0.0322939806247157,-0.492373898633214
2.868,0.655967454041778,0.292985731144792,-0.948953185073204,0.407065291882607,0.117809969997956,-0.524875261599239
2.8685,0.53571636139229,0.434352243349122,-0.970068604685503,0.344033189476053,0.200409782819323,-0.544442972068543
2.869,0.40229940742766,0.565002430573153,-0.967301837987066,0.272514125515241,0.278099881208843,-0.550614006559584
2.8695,0.258973855885492,0.681714956012851,-0.940688811920539,0.194303430846414,0.34891771147532,-0.543221142217522
2.87,0.109246633031647,0.781703175234718,-0.89094980833984,0.111294801962842,0.41115811748279,-0.522452919402332
2.8705,-0.0431228271534883,0.86236980118917,-0.819246974164308,0.025549082611382,0.463276361420881,-0.488825444056728
2.871,-0.194482733265582,0.921857508790771,-0.727374775690716,-0.0608182195304992,0.503970251376605,-0.443152031939389
2.8715,-0.341022549849022,0.958631219829243,-0.61760867017366,-0.145703008161309,0.532279723257622,-0.386576715250627
2.872,-0.479158366137004,0.971768270359755,-0.492609904453666,-0.226983357353095,0.547459768535451,-0.320476411392501
2.8725,-0.605537663265677,0.961042592190074,-0.355504929191318,-0.302686821673421,0.549171218055791,-0.246484396648378
2.873,-0.71695126341801,0.926581121392165,-0.209629858256889,-0.370934239663873,0.537364429629485,-0.166430190282095
2.8735,-0.810753656588202,0.869352821332422,-0.0585991650322594,-0.430040156600367,0.512307685122011,-0.0822675288758758
2.874,-0.884579081412626,0.790711879736229,0.0938672013772406,-0.478572854225909,0.474661123305136,0.00391173053846189
2.8745,-0.936606863044695,0.692563162924974,0.244043699813858,-0.515304187747524,0.425305394769158,0.0899987925727243
2.875,-0.965608819358309,0.577427277467547,0.388181541597937,-0.539358473004777,0.365486547666597,0.173871924918443
2.8755,-0.970790908730005,0.448005663648366,0.522785244811501,-0.550131294637417,0.296674709119999,0.253456585098329
2.876,-0.952105570280351,0.307594880445267,0.644510689582709,-0.547347817115542,0.220538206122983,0.326809610585022
2.8765,-0.909959026947121,0.159609847701378,0.750349179015402,-0.531103372621576,0.138995881251508,0.392107490979949
2.877,-0.845395185406147,0.00765298304895083,0.837742202165505,-0.501765538128713,0.0540114208877316,0.447754116877466
2.8775,-0.76005319294375,-0.144425478038704,0.904478670835629,-0.460081464925815,-0.0322961992889405,0.492377663890723
2.878,-0.655945179003029,-0.293012605787442,0.948957784681807,-0.407069910159446,-0.117799954130507,0.524869864013666
2.8785,-0.535726270078313,-0.434348260505221,0.970074530514587,-0.344024331489695,-0.200423487450555,0.54444781871481
2.879,-0.402305134783056,-0.564982164868882,0.967287299634151,-0.272523507208583,-0.278088059280647,0.550611566320028
2.8795,-0.258954380896059,-0.681751152768999,0.940705533699641,-0.194297397722083,-0.348922889052002,0.543220286668777
2.88,-0.109272941246232,-0.781665677540422,0.890938618863554,-0.111295109545345,-0.41116161368414,0.52245672319071
2.8805,0.0431456877611238,-0.862393493992861,0.819247806348621,-0.0255544746494278,-0.463265685561016,0.488820160235875
2.881,0.194473168568018,-0.921857135495994,0.727383967090621,0.0608270268863153,-0.503983733520026,0.443156706722775
2.8815,0.341014144945946,-0.958608225962427,0.617594081221046,0.145694324160291,-0.532268892995186,0.386574568988484
2.882,0.479181382034658,-0.971805170594598,0.492623788793247,0.226988509267158,-0.547463609362312,0.320475100309348
2.8825,0.605510153835376,-0.961006866561794,0.355496712982792,0.302687210468819,-0.549175853822744,0.24648864362055
2.883,0.716971350338479,-0.926601191047297,0.209629840989619,0.370928460000216,-0.537353253036188,0.166424793348681
2.8835,0.810749040209348,-0.869356368209041,0.0586073282977031,0.430049033113516,-0.512320846715331,0.082271813955627
2.884,0.884567217651994,-0.790686422773654,-0.0938807945776608,0.478564466744591,-0.474651301896232,-0.00391316446244051
2.8845,0.936629656073457,-0.69260001367782,-0.244029642099189,0.515308646716493,-0.425307935122255,-0.0900007111882625
2.885,0.965584246609634,-0.577393977292742,-0.388190269025233,0.539359779283429,-0.36549225911174,-0.173867519755313
2.8855,0.970808035244827,-0.44802208141952,-0.522785953546271,0.550124793329394,-0.296663119673127,-0.253461673237354
2.886,0.952102263336995,-0.307601781805651,-0.644500481278138,0.547356784964554,-0.220550941674994,-0.326805842878816
2.8865,0.909947046246252,-0.159582577969252,-0.750364468055055,0.531095634837032,-0.138987153144078,-0.392108481302729
2.887,0.84541814861466,-0.00768951521784255,-0.837728633205654,0.501768942217305,-0.0540126551738986,-0.447756286682873
2.8875,0.760028274054795,0.144456485664729,-0.904484759564796,0.460083670576061,0.0322895112007374,-0.492373181452746
2.888,0.655961652785008,0.292999623753196,-0.948961276429268,0.407063076590651,0.117811795260117,-0.524874871571646
2.8885,0.535725409165592,0.434338070786327,-0.970063479890415,0.344033015240956,0.200411311781084,-0.54444432679667
2.889,0.402289967490199,0.565011237015435,-0.967301204487889,0.272516434667422,0.278095660244083,-0.55061209474494
2.8895,0.258978939612651,0.681715128332849,-0.940694067973074,0.194300051434102,0.348922887917428,-0.54322293924605
2.89,0.109249493160551,0.781694009748137,-0.890943502985765,0.111297934191912,0.411154075529848,-0.522452009680484
2.8905,-0.0431328852914035,0.862384225337757,-0.81925134016982,0.0255473046427158,0.463277663592694,-0.488824968261051
2.891,-0.194470658630566,0.921843805419409,-0.72737314695113,-0.0608184201828233,0.503972183754484,-0.443153763663047
2.8915,-0.341030396497588,0.958638543886009,-0.617608147586811,-0.145700851628683,0.532275354788237,-0.386574503312855
2.892,-0.479158047506938,0.971770235286673,-0.49261218801355,-0.226986723503412,0.547464804453633,-0.320478081162217
2.8925,-0.605531510146598,0.961032329125374,-0.355500819240954,-0.302683563662629,0.549167547696131,-0.246483984300442
2.893,-0.716960230728725,0.926595361357193,-0.209635130908617,-0.370935987916111,0.537365255430627,-0.166429267829264
2.8935,-0.810745429950901,0.869340365950266,-0.0585949362919378,-0.430040733176185,0.512310025516763,-0.0822692926940146
2.894,-0.884584375744346,0.790717658502673,0.0938667169402144,-0.478570182146837,0.474656586092578,0.0039135956702629
2.8945,-0.936605731790498,0.692566250894876,0.244039480594093,-0.515307764697092,0.425310269492493,0.0899974947982313
2.895,-0.965605074142465,0.577416605923708,0.38818846792797,-0.53935554444571,0.365483315209619,0.173872228817933
2.8955,-0.970799051328553,0.448019660900531,0.522779390153745,-0.550132399251867,0.296675009838243,0.253457388995146
2.896,-0.952095704769877,0.307583172045424,0.644512532470285,-0.547348870453761,0.220540923600288,0.326807946444407
2.8965,-0.909966173999142,0.159614510718989,0.750351663053753,-0.531100686433264,0.138991275328361,0.392109410714231
2.897,-0.845394605741321,0.00765728869889919,0.837737316852302,-0.501768779068523,0.054016043751993,0.447752734954446
2.8975,-0.760046595763829,-0.144436978120116,0.904483573733369,-0.46007888811406,-0.0322989835206048,0.492377871311091
2.898,-0.655955677273899,-0.292998673236251,0.948954350400115,-0.407070850709107,-0.117800110506106,0.524870960937548
2.8985,-0.535717016924058,-0.434358895062568,0.970075911921251,-0.34402542686233,-0.20042047428412,0.544445900920601
2.899,-0.402309184198109,-0.564979109810336,0.967288293991841,-0.272520747811401,-0.278092698442701,0.550613446086191
2.8995,-0.258956507251216,-0.68174552653631,0.940702033818716,-0.194300736807675,-0.348918505338773,0.543219242041469
2.9,-0.109266299619076,-0.781677567050939,0.890943866745905,-0.111292587350433,-0.411163970459716,0.522456557770135
2.9005,0.0431373150004002,-0.862380192559791,0.819242877679495,-0.0255550907370203,-0.463266297496502,0.488821388258664
2.901,0.194480524215536,-0.921866539058484,0.727386015006453,0.0608254787466948,-0.50398042257303,0.44315494391656
2.9015,0.341010150635616,-0.958606420892265,0.617596270458158,0.145697342378936,-0.532273538785543,0.38657619656042
2.902,0.479180357137152,-0.971798700578503,0.49261834367394,0.226985319084993,-0.547459521183252,0.32047420231134
2.9025,0.605516380688941,-0.961018998699545,0.355502618269876,0.302689273796241,-0.549177739070232,0.246488465540426
2.903,0.716961999646624,-0.926588293241743,0.209626293876508,0.370928291864048,-0.537354306908248,0.166426015357947
2.9035,0.810757529328522,-0.869364798323293,0.058607269290043,0.4300473106898,-0.512317309244645,0.0822699989087948
2.904,0.884563614306727,-0.790685886776413,-0.0938777272301104,0.478567371529231,-0.474655875534956,-0.00391149560934834
2.9045,0.936626614948202,-0.692592473542116,-0.24403414110705,0.515305686525047,-0.425304173491936,-0.090001512627246
2.905,0.96559237963822,-0.577406452409343,-0.388185926936845,0.53936164485346,-0.365493702235094,-0.173867942201063
2.9055,0.9707986891484,-0.448009802753069,-0.522788886118744,0.55012477882987,-0.296664559476078,-0.253460218934812
2.906,0.952108817577786,-0.307608892085998,-0.644499925238857,0.547354905247133,-0.220547218615479,-0.326807686221792
2.9065,0.909945578670853,-0.159583425171906,-0.750362153274691,0.531098667760863,-0.138991641273854,-0.392107026096829
2.907,0.845414469283823,-0.00768116869525525,-0.837733300397214,0.501766010312296,-0.054009221615836,-0.447756788335104
2.9075,0.760035457536051,0.144444079078071,-0.90447953646157,0.460085270414863,0.032288513656602,-0.492373783747402
2.908,0.655953534545327,0.293011089406509,-0.948964623843019,0.407063465682593,0.117809972793341,-0.524873438197594
2.9085,0.535731593830799,0.434332122716374,-0.970063716483615,0.344030837392199,0.200415192287009,-0.544446029453833
2.909,0.402288174249049,0.565009313448199,-0.967297487679453,0.272519463756273,0.278091309088323,-0.550610772677303
2.9095,0.258975285325912,0.681724120440747,-0.940699405796165,0.194297413266285,0.348925949203421,-0.543223362364259
2.91,0.109257411549734,0.781681603530268,-0.890939015157066,0.111299150259226,0.411153525099223,-0.522452675317864
2.9105,-0.043141780740079,0.862395003174851,-0.819253222556424,0.0255479516728092,0.463275506012013,-0.488823457710419
2.911,-0.194464746332833,0.921839028669508,-0.727374282499026,-0.0608206491978437,0.50397615586643,-0.443155506759331
2.9115,-0.341030706681128,0.958635418080749,-0.617604711599716,-0.145697921794737,0.532271182632511,-0.386573260991142
2.912,-0.479163300172789,0.971779921715868,-0.492616621776788,-0.226989197230693,0.547467494749563,-0.320478297731474
2.9125,-0.605523202968492,0.961020080739317,-0.355496878031397,-0.302682542982913,0.549167412723477,-0.246484870007428
2.913,-0.716968031019261,0.926605191431024,-0.209637160692062,-0.370935124617972,0.537362798836383,-0.166427674532594
2.9135,-0.810741117531819,0.869336881384797,-0.0585957641470534,-0.430043140605394,0.512314063078104,-0.0822709228262391
2.914,-0.884583800613894,0.790713476822355,0.0938703234902653,-0.478567223280742,0.474652610925183,0.00391461197103001
2.9145,-0.936610805785262,0.692576337180666,0.244034468304472,-0.515310046634597,0.425312575880027,0.0899974703483007
2.915,-0.965597394979808,0.577404713056059,0.388192681632751,-0.539354872230875,0.365483595749894,0.173871276063317
2.9155,-0.970806487586966,0.448028574282131,0.52277791302924,-0.550131216742076,0.296672278801885,0.253458937521604
2.916,-0.95209145489499,0.307580805395613,0.64451064924545,-0.547351387435963,0.220544979831527,0.326806407194905
2.9165,-0.909965342373291,0.159609408597615,0.75035593355051,-0.531097873500177,0.138987542624178,0.392110330485442
2.917,-0.845400369526212,0.00766776096572596,0.837732608370102,-0.501770766169526,0.0540179514016989,0.447752814406173
2.9175,-0.760038264042309,-0.144448548874388,0.90448681276497,-0.460078497168677,-0.0322983142964263,0.492376811141406
2.918,-0.655962982228686,-0.292990703943356,0.948953686062286,-0.407069507566809,-0.11780306440518,0.524872571693919
2.9185,-0.535713861411829,-0.434360059983287,0.970073921330816,-0.344027964956351,-0.200416444831109,0.544444409561736
2.919,-0.402306991871934,-0.564985156447906,0.967292148302941,-0.272518027984158,-0.27809617076815,0.550614198584772
2.9195,-0.258962911757557,-0.681734790135202,0.940697701922945,-0.194302541151755,-0.348916986356027,0.543219527402672
2.92,-0.109258441989749,-0.781688608762555,0.890947050828502,-0.111292436812795,-0.411162937774524,0.522455374546953
2.9205,0.0431311139150277,-0.862373294253556,0.819242180459564,-0.0255535236191099,-0.463269445398145,0.488822969042528
2.921,0.194482773743423,-0.921866565563514,0.727383791983279,0.0608228429650284,-0.503976447666346,0.443153604791865
2.9215,0.341012629487198,-0.958613210105247,0.617600580818692,0.145699956558747,-0.532276728157596,0.386576771752528
2.922,0.479174093238341,-0.971787881256626,0.492613788251194,0.226983794235181,-0.547458398772656,0.320474604750255
2.9225,0.605524044509658,-0.961029466782763,0.355505422533186,0.30268910862994,-0.549176359738109,0.246487251374738
2.923,0.716955980702247,-0.92658239186876,0.209626411447575,0.370930049266084,-0.537357608670007,0.166427559717949
2.9235,0.810759376964455,-0.869363778222093,0.0586044015521606,0.430044693014914,-0.512313434238163,0.0822687415770628
2.924,0.884566799441454,-0.790693373699139,-0.0938734254417799,0.47856979375797,-0.474658756438683,-0.00391103693461862
2.9245,0.936619699349583,-0.692581593313954,-0.244038105735901,0.515304419914389,-0.42530343906362,-0.0900009804447697
2.925,0.965600084491166,-0.577416294839889,-0.388183789359573,0.539361260675996,-0.365492012484071,-0.173869247774383
2.9255,0.970793436403143,-0.448004972863621,-0.522788463263581,0.550126654087926,-0.29666797227088,-0.2534586813982
2.926,0.952109523185514,-0.307606804262111,-0.644502718670144,0.547352294446653,-0.220543472823985,-0.326808821213028
2.9265,0.909949545662805,-0.159591517358496,-0.750358028079455,0.531100957655691,-0.138994206223965,-0.392106751041414
2.927,0.845407569947836,-0.00767039729751299,-0.837737172459299,0.501764972561041,-0.0540088634983405,-0.447756108701141
2.9275,0.760042507806788,0.144434993255974,-0.90447750091076,0.460084636360865,0.0322904894262356,-0.492375125463168
2.928,0.655949062229058,0.293014850279296,-0.948963912399213,0.407065502132612,0.117806479953696,-0.524871981808157
2.9285,0.535731780665111,0.434335152200081,-0.970066932801126,0.344028242326317,0.200418779116564,-0.544447021217379
2.929,0.402292356907937,0.565000767767369,-0.967293124657829,0.27252155641593,0.278089077103794,-0.550610633352257
2.9295,0.258968348907639,0.681734699236008,-0.940703048173626,0.194296661409255,0.348925937484448,-0.543222598788381
2.93,0.109264331372951,0.781673272166911,-0.890937603616608,0.111298279407413,0.411155755843149,-0.522454035210136
2.9305,-0.0431458348948443,0.86239773824274,-0.819251903469115,0.0255500730829337,0.463271975614901,-0.488822048723308
2.931,-0.194465266607978,0.921842956138637,-0.727377689693319,-0.060823158092465,0.503979551020314,-0.443156393018447
2.9315,-0.34102583058853,0.958626466272617,-0.617600635884578,-0.145696031359559,0.532269290395415,-0.386573259189343
2.932,-0.479170462869571,0.971790236781731,-0.492619774145568,-0.226989716761913,0.547467133752603,-0.320477417203427
2.9325,-0.605516746587106,0.961012583973626,-0.355495837646727,-0.302683597000302,0.549169862859912,-0.246486266126358
2.933,-0.7169711712026,0.92660686844474,-0.209635697522735,-0.370932926892303,0.53735926478977,-0.166426338211527
2.9335,-0.810742463630866,0.869341644362853,-0.0585991810263981,-0.430045588871881,0.51231724634652,-0.0822716578282819
2.934,-0.884578618468536,0.790704256566832,0.0938743616007189,-0.478565519736809,0.474651060384873,0.00391445896729509
2.9345,-0.93661770579309,0.692586258229673,0.244031447263598,-0.515310316854109,0.425311881100157,0.0899984353477923
2.935,-0.965591506415452,0.577398092561836,0.38819341356234,-0.539356133747333,0.36548623673476,0.173869896595011
2.9355,-0.970809052087253,0.448029256211136,0.522779795600241,-0.550128951168899,0.296668774145019,0.253460176605187
2.936,-0.952093238738865,0.307586289420097,0.644506949065109,-0.547353728198685,0.22054792628177,0.326805801507291
2.9365,-0.909959900339886,0.159600016220782,0.750359883894195,-0.531096402589951,0.138986338402596,0.3921100637969
2.937,-0.845407283639583,0.00767724316629507,0.83773004028264,-0.501770787025031,0.0540169428375357,0.447753843825925
2.9375,-0.76003270701402,-0.144454291315275,0.904486998177337,-0.460079917479513,-0.0322955189832982,0.492375436139014
2.938,-0.65596489055489,-0.292990992866525,0.948955883311914,-0.407067230090415,-0.1178065037977,0.524873733609969
2.9385,-0.535716367910255,-0.434353904629703,0.970070272475868,-0.344030179277312,-0.200413753826014,0.544443932877696
2.939,-0.402301152902354,-0.564994641644124,0.967295794529337,-0.272516765816915,-0.278097034348023,0.550613799997471
2.9395,-0.258969645124796,-0.681725835490009,0.940695480644798,-0.194302347875008,-0.348918283481692,0.543220631251499
2.94,-0.109253553222195,-0.781693423331155,0.890946976629785,-0.111294000680697,-0.411160020912938,0.522454021553207
2.9405,0.0431299886769368,-0.862374523257082,0.819244534701355,-0.0255512289746461,-0.46327279177686,0.488824020776867
2.941,0.1944797595782,-0.92185984435383,0.72738008493859,0.0608207522157855,-0.503974025813104,0.443153273687922
2.9415,0.341018527745688,-0.958622665438542,0.617604137893342,0.145700996760748,-0.532277255662963,0.38657625905581
2.942,0.479167675234407,-0.971779525411557,0.492611850410276,0.226984217017845,-0.547459962628138,0.320475745823023
2.9425,0.605528426582349,-0.961033364918484,0.355504938596358,0.30268740890146,-0.549173353420062,0.246485944785252
2.943,0.716955389744967,-0.92658448737697,0.209629097912856,0.370932325223972,-0.537360831966408,0.166428507056508
2.9435,0.810755930981394,-0.869356580846387,0.0586006501593878,0.430042764591767,-0.512311296290495,0.0822685320524647
2.944,0.884572887742787,-0.79070272902002,-0.0938701584220302,0.478570602893701,-0.474658955965002,-0.00391164654407051
2.9445,0.936613458620884,-0.692573874087119,-0.244039584233924,0.5153050435965,-0.425305241794185,-0.089999801396242
2.945,0.965603921102684,-0.577419273496647,-0.388184647314526,0.539359467732372,-0.365488951636881,-0.173870515677914
2.9455,0.970793553120338,-0.448007898638913,-0.522785654205584,0.550128886459523,-0.296671046081118,-0.253457839959629
2.946,0.952105549969638,-0.307599206080582,-0.644506343635614,0.547350524234502,-0.220541626039443,-0.326808897785451
2.9465,0.90995570564205,-0.159600679569047,-0.750355025848059,0.53110155461582,-0.138994091112418,-0.392107463113023
2.947,0.845401740904211,-0.00766338201553122,-0.837738358697832,0.501765783087519,-0.054010877887026,-0.447754904838906
2.9475,0.760045676918277,0.144432934976101,-0.904478611742455,0.460082755137838,0.032293574580259,-0.492376329394229
2.948,0.655949779026561,0.293011165915253,-0.948960944832506,0.407067684774743,0.117803577924102,-0.524871262420717
2.9485,0.535727507132286,0.434343043831365,-0.970070550899518,0.344026644430918,0.20042032840907,-0.544446972614426
2.949,0.402298455061008,0.564991885838049,-0.967290340881736,0.272521928397795,0.278089494360073,-0.550611422590381
2.9495,0.258962876163559,0.681740982210446,-0.940703858404044,0.194297653479906,0.348923738761035,-0.543221392135678
2.95,0.109266977415945,0.781672101206231,-0.890939078698773,0.11129633773035,0.411158833672343,-0.522455171362286
2.9505,-0.0431445877344603,0.862393365377601,-0.819248777764307,0.0255521721819463,0.463269267917452,-0.488821440124817
2.951,-0.194469891889528,0.92185106394189,-0.727381172215167,-0.0608245682268817,0.503980799463181,-0.443156231326883
2.9515,-0.341019725063991,0.958617926623864,-0.617598201760407,-0.145695870988918,0.532269992381959,-0.386574121546581
2.952,-0.479175550498931,0.971795756920418,-0.49262020665476,-0.226988573471056,0.547464780990796,-0.320476207732491
2.9525,-0.605514736987563,0.961012286601594,-0.355497549874202,-0.302685573641698,0.549172903468956,-0.246487330093958
2.953,-0.716969325008788,0.926601867908444,-0.20963254318038,-0.370930919481739,0.53735676868858,-0.166425849520891
2.9535,-0.810747367187846,0.869349878524941,-0.0586025116315392,-0.43004681673359,0.512318195424868,-0.0822713790449686
2.954,-0.884572673127582,0.790696139190706,0.0938765336360167,-0.478565562180691,0.474652028420958,0.00391353337508378
2.9545,-0.93662229534634,0.692590985921583,0.244031309124964,-0.515309030412104,0.42530940250342,0.0899996275025681
2.955,-0.965590093725839,0.577398631477151,0.388191461957295,-0.539358134183479,0.365489213104617,0.173868920661305
2.9555,-0.970806751930523,0.448023713081574,0.522783038573054,-0.550127051685503,0.296666505220662,0.253460546046105
2.956,-0.952098304202902,0.307594559516499,0.644503744432855,-0.547354760109666,0.220548578199324,0.326806181500712
2.9565,-0.909954119722182,0.159592377044741,0.750361742452551,-0.531096646505879,0.138987552809855,0.392109093305608
2.957,-0.845411444632508,0.00768117490310717,0.837730269538648,-0.501769378132587,0.0540143679521667,0.447755009818853
2.9575,-0.760031843530184,-0.144452959165728,0.904484802543939,-0.46008191237744,-0.032292633993335,0.49237454604694
2.958,-0.655962121739442,-0.292997008531793,0.948959130161832,-0.407065458018245,-0.117808532419691,0.524873990159788
2.9585,-0.535721621606058,-0.434345672011614,0.97006729355359,-0.344031016954227,-0.200413392671032,0.544444409399664
2.959,-0.402295567904739,-0.565001749667572,0.967297317555079,-0.272517192234591,-0.27809559639462,0.550612788461744
2.9595,-0.258973293919615,-0.681722711487207,0.940696005436809,-0.194300838979266,-0.348920925361483,0.543221764235514
2.96,-0.109253294084978,-0.781691336786008,0.890944630947508,-0.111295975456769,-0.411157250997317,0.522453226413658
2.9605,0.0431331825121485,-0.862380933328281,0.819247750937346,-0.0255495888668924,-0.463274571111844,0.488824160004129
2.961,0.194474439089355,-0.921851734166829,0.727377295240351,0.060820106781786,-0.503973946722399,0.443153840031215
2.9615,0.341023814821081,-0.958629189849971,0.617605375229379,0.145700394434761,-0.532275616809457,0.38657522252826
2.962,0.479164542496344,-0.971777204516048,0.492612662252907,0.226985813455109,-0.547462643735487,0.320476830493109
2.9625,0.605528165272686,-0.961030581861942,0.355502416849476,0.302685471914449,-0.549170720659075,0.246485249011303
2.963,0.716958917007803,-0.926591209243734,0.209632292516714,0.370933817583858,-0.537362354504141,0.166428537234352
2.9635,0.810750577612838,-0.86934866421587,0.0585980868974288,0.43004231489465,-0.512311488867522,0.0822691743265825
2.964,0.884577895692327,-0.790708636653099,-0.0938692587384215,0.478569838316103,-0.474657140516438,-0.00391269741503381
2.9645,0.936610820537298,-0.692572342765619,-0.244038477471843,0.515306703159826,-0.425307933942116,-0.0899987688116128
2.965,0.965603135572084,-0.577415846586923,-0.388187288693714,0.539357589813091,-0.365486476281474,-0.173871113114043
2.9655,0.970797418121239,-0.448014859532321,-0.522782558313068,0.550130224191618,-0.296672307867957,-0.253457915904908
2.966,0.952100198138594,-0.307591550162845,-0.644508647722248,0.547350261476419,-0.22054207664752,-0.326808184419287
2.9665,0.909960364744245,-0.159605935055382,-0.750354429463926,0.531100644874862,-0.138992124263649,-0.392108520220813
2.967,0.845399648273475,-0.00766262703956164,-0.83773702104312,0.501767489256523,-0.0540135547586601,-0.44775393413628
2.9675,0.760044387841888,0.144436946436894,-0.90448133412685,0.460080947415754,0.0322958755102997,-0.492376822602206
2.968,0.655953895028275,0.293004047199711,-0.948957942118624,0.407068863239335,0.117802578163198,-0.524871441124401
2.9685,0.535722247018408,0.43435037176538,-0.970072618719667,0.344026566098453,0.200419634523516,-0.544446200396388
2.969,0.40230273462934,0.564987306200506,-0.967290040812575,0.272520884222015,0.278091587679911,-0.550612471734444
2.9695,0.258961290835293,0.681740989445022,-0.940702280310345,0.194299388797701,0.348921102419481,-0.543220491111936
2.97,0.10926524885266,0.781676631122307,-0.890941880051519,0.111294617792381,0.411160944758003,-0.522455562509971
2.9705,-0.0431402638784874,0.862386163442417,-0.819245899685106,0.0255531830482748,0.463268529382847,-0.488821712456524
2.971,-0.194475047905989,0.921858010023973,-0.727382962280832,-0.0608244687750825,0.503979879100195,-0.443155410415701
2.9715,-0.341015827631882,0.958614037078566,-0.617598209647205,-0.145697030843586,0.53227218630813,-0.386575155618099
2.972,-0.479176621491367,0.971795045787019,-0.492618424528884,-0.226986829888144,0.547462209352353,-0.320475379676954
2.9725,-0.605516902612454,0.961017272926618,-0.355500370574347,-0.302687193167533,0.549174812156051,-0.246487619255203
2.973,-0.71696482775414,0.926594654585572,-0.20962982711219,-0.3709300760619,0.537356287415267,-0.166426211667422
2.9735,-0.810752356810738,0.869356389314562,-0.0586040327982561,-0.430046550017792,0.51231706709621,-0.0822705174321216
2.974,-0.884569209085384,0.79069295187931,0.0938762569052483,-0.478566822612822,0.474654297624028,0.00391252460415082
2.9745,-0.936622853297893,0.692589592244667,0.24403326075342,-0.515307292961781,0.425306917538481,0.0900003750171971
2.975,-0.965592638212709,0.577404004865107,0.388188633056176,-0.539359643319931,0.365490909402967,0.173868733499403
2.9755,-0.970802157439835,0.448016561355129,0.522785595808827,-0.550126378279674,0.296666275379557,0.25346010248137
2.976,-0.952103082010632,0.30760058964627,0.644502492110842,-0.547354333037784,0.220547261191123,0.326807071437037
2.9765,-0.909951084389126,0.159589891637589,0.750361192526633,-0.531097992128622,0.138989872251033,0.392108119487183
2.977,-0.845411526472767,0.00767914253795163,0.837732383744034,-0.501767664985435,0.0540119903500409,0.447755674273822
2.9775,-0.760034727416094,-0.144447266608444,0.90448199387258,-0.460083298771013,-0.032291157976896,0.492374456424065
2.978,-0.655957458110358,-0.293004034003672,0.948961492004656,-0.407064954612705,-0.11780851897029,0.524873473304853
2.9785,-0.535726166763607,-0.434340159513382,0.970066326212892,-0.344030442018632,-0.200414877590215,0.544445319383262
2.979,-0.402292977761731,-0.565003537488269,0.967296515232744,-0.272518604541353,-0.278093251484099,0.550611855857979
2.9795,-0.258972898815374,-0.681725338446995,0.940698237292369,-0.194299165800468,-0.348923176990753,0.543222342685978
2.98,-0.109256487820691,-0.781685392307667,0.8909418802049,-0.111297232495659,-0.411156000276122,0.522453232731359
2.9805,0.0431378594330603,-0.862387768717509,0.81924990940565,-0.0255492517515695,-0.463274324724163,0.488823576501133
2.981,0.194470179339498,-0.921846773225186,0.727376594048544,0.0608208181890405,-0.503975578243055,0.443154760144612
2.9815,0.341025944616935,-0.958630290852093,0.61760434643566,0.145698930187036,-0.532273270049157,0.386574340015678
2.982,0.479165381131551,-0.97178037487821,0.492614993979882,0.22698743327806,-0.547464752879221,0.320477319813897
2.9825,0.605524721836641,-0.96102445520741,0.355499733630975,0.302684351653518,-0.549169698110132,0.246485346723297
2.983,0.716963556475973,-0.926597795723365,0.209634239528158,0.370933990410916,-0.537361887043032,0.16642789694618
2.9835,0.810746621646235,-0.869344278909293,0.0585976575574663,0.430043151060629,-0.512313245173633,0.0822700944667088
2.984,0.884579577597558,-0.790709069992167,-0.0938705073045677,0.478568339267741,-0.474654814834949,-0.00391352404815539
2.9845,0.936612074546582,-0.692576003212469,-0.244036071034288,0.515308254666669,-0.425309885891349,-0.0899983683692177
2.985,0.965599474461328,-0.577409603471865,-0.388189870698031,0.539356612048889,-0.365485682423086,-0.173870929208235
2.9855,0.970801988287136,-0.448021144661564,-0.522780843349709,0.550130238774302,-0.296671633118798,-0.253458605236756
2.986,0.952096572740381,-0.307587759389586,-0.644508813097283,0.547351207857169,-0.220543935411046,-0.326807272036507
2.9865,0.909961589296533,-0.159605722933181,-0.750355866138428,0.531099127235826,-0.138989841361912,-0.39210928548351
2.987,0.84540129740507,-0.00766672266102891,-0.837734574553261,0.501768961215373,-0.0540153371927716,-0.447753623661023
2.9875,0.760040556685827,0.144443240242213,-0.904483796776097,0.460080114671046,0.0322964425487932,-0.492376556895995
2.988,0.655958343258565,0.292998113071153,-0.948956456220343,0.407068725973526,0.117803445084982,-0.524872170780372
2.9885,0.535718980352598,0.434353555217068,-0.970072535505556,0.344027609956768,0.2004176954664,-0.544445305197582
2.989,0.40230351358781,0.564988134465226,-0.967291648035775,0.272519362632385,0.278093807511959,-0.550613169976866
2.9895,0.258963292458551,0.681736517440439,-0.940699809929007,0.194300770014598,0.348919499801482,-0.543220269710837
2.99,0.109261296272267,0.781682912078256,-0.890944208427066,0.111293933115561,0.411161288763037,-0.522455221838182
2.9905,-0.0431359698713396,0.862380622699,-0.819244652948846,0.0255529009104995,0.463269572175214,-0.488822473111113
2.991,-0.194477948119536,0.921860581335477,-0.727382633378797,-0.0608233419593064,0.503977881923646,-0.443154540054932
2.9915,-0.341015480987576,0.958615447762448,-0.617599966975384,-0.145698540554338,0.532274324056009,-0.386575783655229
2.992,-0.479174294914341,0.971790255653082,-0.492615960971964,-0.226985549496102,0.547460794692937,-0.320475245409576
2.9925,-0.605520941036034,0.961023481419135,-0.355502540643294,-0.302687729732684,0.549174939074924,-0.246487209608923
2.993,-0.716960722601703,0.926589544677008,-0.20962882235607,-0.370930493524182,0.537357488601508,-0.166426995391385
2.9935,-0.810754870881563,0.869358348165125,-0.0586034775779853,-0.430045354868647,0.512315033599369,-0.0822696790844269
2.994,-0.884569286589087,0.790694907818279,0.0938743784699879,-0.4785683068301,0.474656336008546,0.00391197043691322
2.9945,-0.936620238608152,0.692584543743964,0.244035694564374,-0.515306120936088,0.425305696709088,0.0900004238208984
2.995,-0.965596713101163,0.577410082975369,0.388186629834361,-0.539360032801745,0.365490826995494,0.173869205388686
2.9955,-0.970798278082375,0.448011914488245,0.522786363318258,-0.550126921986697,0.296667616813868,0.253459304754081
2.996,-0.952105203515752,0.307601942630182,0.644503260632055,-0.547353083390811,0.220545212543595,0.326807870437595
2.9965,-0.90995156142072,0.159592350638265,0.750359210557542,-0.531099437480327,0.138991795605767,0.392107641484157
2.997,-0.845408664522602,0.00767389566465344,0.837734768667165,-0.501766608782394,0.0540109672301504,0.447755641190669
2.9975,-0.760038800574441,-0.144441372113379,0.904480172535868,-0.460083543016383,-0.0322914402923404,0.492374982984878
2.998,-0.655953827063058,-0.293008192510911,0.948962019464598,-0.40706561392704,-0.117807056122083,0.524872669770983
2.9985,-0.535727893668808,-0.434339400241562,0.970067293846266,-0.344029152801951,-0.200416920832914,0.544446073409281
2.999,-0.402293836577367,-0.565000619720509,0.967294456280615,-0.272519998273082,-0.278091457086334,0.550611455191941
2.9995,-0.258969822520231,-0.681730725102389,0.940700547652629,-0.194298230650674,-0.348924000686143,0.543222231231573
3,-0.10926052097445,-0.781679730915925,0.890940251966919,-0.111297335656889,-0.411156471434703,0.522453807051172
3.0005,0.0431412134799062,-0.862391418337294,0.819250204978583,-0.0255500152613952,-0.463272759697256,0.488822774984052
3.001,0.1944688517534,-0.921846590884781,0.727377739294233,0.0608221331105085,-0.503977596517002,0.443155463497088
3.0015,0.341024727961029,-0.958626961617579,0.617602233857057,0.145697599002555,-0.532271616629738,0.386574017780739
3.002,0.479168629203973,-0.971785842872272,0.492617213901524,0.226988243445072,-0.547465377425227,0.320477134192894
3.0025,0.605520769636834,-0.961019072525322,0.355498303148686,0.30268438505049,-0.549170345759701,0.246485960975894
3.003,0.716966613068209,-0.926600922208334,0.209634309420889,0.370933134033417,-0.537360239207647,0.166427105488291
3.0035,0.810745685945805,-0.869344650994219,0.0585989653428287,0.430044477911495,-0.512315219937502,0.082270742379711
3.004,0.884578032385184,-0.790705378869141,-0.0938726532152195,0.478567081281899,-0.474653312631416,-0.00391376826584501
3.0045,0.936615457023619,-0.692581496291758,-0.244033960432042,0.515308936844036,-0.425310313441153,-0.0899986229967802
3.005,0.965595634637558,-0.577404539805801,-0.388191094540328,0.539356775997241,-0.365486492971245,-0.17387028260843
3.0055,0.97080473198392,-0.448023739513264,-0.522780992194788,0.550129302006257,-0.296669921920068,-0.253459379667442
3.006,0.952096023483621,-0.307588659537031,-0.644507363693075,0.547352533022109,-0.220545849286967,-0.326806683325524
3.0065,0.90995974088328,-0.1596017203729,-0.750358020285461,0.531097951531447,-0.138988498675041,-0.392109452466002
3.007,0.845404777096917,-0.00767218660834772,-0.837732590297789,0.50176951439555,-0.0540155717852349,-0.447753942248739
3.0075,0.760036863836751,0.144447948759945,-0.90448481244475,0.46008040199313,0.0322954837235714,-0.492375885392857
3.008,0.655960757573255,0.292996053302162,-0.948956810766041,0.407067721094969,0.117805200441955,-0.524872921258786
3.0085,0.535718807422175,0.434352157556546,-0.970070964914615,0.344028920938443,0.200415858492822,-0.54444477920568
3.009,0.402301394619162,0.564992396515992,-0.967293791117894,0.272518277086798,0.278094984271676,-0.550613261190998
3.0095,0.258966829216812,0.68173113465304,-0.940697963899863,0.194301194007196,0.348919452473612,-0.543220646375565
3.01,0.109257780144883,0.781687234492109,-0.890945014713537,0.111294336171707,0.411160197072453,-0.522454533203741
3.0105,-0.0431338925159441,0.862379095611229,-0.819245203216475,0.0255518404229607,0.463271352841447,-0.488823193289808
3.011,-0.194477760526598,0.92185872049611,-0.72738096013237,-0.0608220574715367,0.503976136507084,-0.443154079126141
3.0115,-0.341017839189232,0.958619917282289,-0.617602078293566,-0.145699528927298,0.532275330320542,-0.386575801546801
3.012,-0.479170735609504,0.971785002653322,-0.49261426727704,-0.226985253472295,0.547460927338038,-0.320475674078482
3.0125,-0.605524255092518,0.961027391921085,-0.355503137088765,-0.302687219830607,0.549173730627243,-0.246486511063319
3.013,-0.716958989178201,0.926588543126976,-0.209629554229541,-0.370931596856433,0.537359276240378,-0.166427679698006
3.0135,-0.810754337499643,0.869356061160285,-0.0586017239550608,-0.430044108212436,0.512313392876308,-0.0822692850175765
3.014,-0.88457185225121,0.790699532959201,0.0938723189911893,-0.478569192651549,0.474657169093727,0.00391202317318235
3.0145,-0.936616693228732,0.692579466226659,0.244037226702257,-0.515305950319413,0.42530600057846,0.0899999493348519
3.015,-0.96559979949757,0.577413560499915,0.388186238706222,-0.539359425365114,0.365489518337732,0.173869906609816
3.0155,-0.970796891771774,0.448011426489632,0.522785465006273,-0.5501280558646,0.296669393815595,0.253458661630257
3.016,-0.952104345002468,0.307599269410038,0.644505075338916,-0.547351884994333,0.220543688086097,0.326808196498616
3.0165,-0.909954299502146,0.15959707993955,0.750357219337679,-0.531100216322248,0.138992454589583,0.392107761342261
3.017,-0.845405167131741,0.0076690356319174,0.837736131309042,-0.501766560197889,0.0540114323059049,0.447755127530408
3.0175,-0.760041640047097,-0.144438343242086,0.904479983137233,-0.460082847911335,-0.0322928323245298,0.49237567991202
3.018,-0.655952785638189,-0.293008183609654,0.948960969138472,-0.407066765991801,-0.117805306564114,0.524872072277776
3.0185,-0.53572673176144,-0.434342417776879,0.970069149474213,-0.344028012432961,-0.200418319036121,0.544446331243497
3.019,-0.402296714644906,-0.564995836309304,0.967292550936949,-0.2725206669777,-0.278090971392083,0.550611638202308
3.0195,-0.258966404016696,-0.681735329612471,0.940701733659179,-0.19429829941351,-0.348923385598673,0.543221684906939
3.02,-0.109263095913794,-0.781677161545142,0.890940257535479,-0.1112965633736,-0.411157929876438,0.522454493209619
3.0205,0.0431419129751706,-0.862390933062257,0.819249020208279,-0.025551173581587,-0.463271053416785,0.488822227023772
3.021,0.194470294002736,-0.92184990928857,0.727379615448689,0.060823206900613,-0.50397886014094,0.443155653330921
3.0215,0.341021744089537,-0.958622172788809,0.61760042889978,0.145697042266396,-0.532271301754295,0.386574259641457
3.022,0.479171937797768,-0.971790157657579,0.492618220093037,0.226988062840681,-0.547464624498458,0.320476561870516
3.0225,0.605518473785678,-0.961016968606198,0.355498495080717,0.302685223932513,-0.549171853727048,0.246486630061218
3.023,0.71696697860365,-0.926599985050888,0.209633006728003,0.370931980878215,-0.537358590956664,0.166426610392509
3.0235,0.810747381934688,-0.869348225523906,0.0586008438836357,0.430045477427527,-0.512316342291386,0.0822708652175635
3.024,0.884574976335018,-0.790700631321732,-0.0938743447124644,0.478566637379371,-0.474653164569103,-0.0039134724256294
3.0245,0.936618628847748,-0.692585491566529,-0.2440331369814,0.515308650726872,-0.425309435678494,-0.0899992146422758
3.025,0.965593627722382,-0.577402902393615,-0.388190725037338,0.539357670536513,-0.365488033782184,-0.173869636336763
3.0255,0.970804773944412,-0.448022378271861,-0.522782395396681,0.550128165077414,-0.296668345293341,-0.253459819365325
3.026,0.95209794697944,-0.307592444997058,-0.644505501728867,0.547353451611114,-0.220546825328732,-0.326806625872763
3.0265,0.9099566445658,-0.15959705837678,-0.750359585964102,0.531097620041662,-0.138988511951488,-0.39210910769977
3.027,0.845407786990527,-0.00767583683322252,-0.837731949966523,0.501769129986473,-0.0540145828754467,-0.44775454674945
3.0275,0.760035154084573,0.144449123015688,-0.904484276948313,0.460081341194718,0.0322939263746829,-0.492375267245557
3.028,0.655960488379526,0.292997807925963,-0.948958296196114,0.407066610687846,0.11780669312278,-0.524873303532487
3.0285,0.535720930163612,0.434348206637922,-0.970069136737428,0.344029753105819,0.200415032168093,-0.544444785048326
3.029,0.402298290422963,0.564996931210634,-0.967295221616338,0.272518056572712,0.278094816462471,-0.550612872867706
3.0295,0.258969654271732,0.681727850641422,-0.940697504943165,0.194300719041283,0.34892053834469,-0.54322125728073
3.03,0.109256371553135,0.781687953404752,-0.890944325034432,0.111295309129862,0.411158638970671,-0.522453948060114
3.0305,-0.043134456739715,0.862381210251263,-0.81924675363274,0.0255507662228904,0.46327275057071,-0.488823516819001
3.031,-0.194475467652202,0.921854649314212,-0.727379181824866,-0.0608213162805349,0.503975461723966,-0.443154145534025
3.0315,-0.341020921184477,0.95862428599923,-0.617603365015261,-0.145699640880253,0.532275015998525,-0.386575375271829
3.032,-0.479168114581413,0.971782101494179,-0.492613987145989,-0.226985810618016,0.547462095622082,-0.320476285216806
3.0325,-0.605525361476736,0.961027667375793,-0.355502306159256,-0.302686224006347,0.549172186922488,-0.246485963182824
3.033,-0.716959831145146,0.926590982414229,-0.209631151549847,-0.370932625901189,0.537360569388128,-0.166427943800999
3.0335,-0.810751903292474,0.869351914133572,-0.0586000111355147,-0.430043461392928,0.512312869904474,-0.0822694088652503
3.034,-0.884574883112376,0.790703700194291,0.093871182617263,-0.478569199501087,0.474656717376916,0.00391248173953211
3.0345,-0.936614293619616,0.692576960258123,0.244037333061676,-0.515306580823083,0.425307236531155,0.089999343885826
3.035,-0.965600605056614,0.577413408140643,0.388187196624538,-0.539358417247311,0.365488003403861,0.173870413425885
3.0355,-0.97079799177124,0.448014153319019,0.522783838176353,-0.550129031685242,0.296670574171745,0.253458457094748
3.036,-0.952101799332952,0.30759508994528,0.644506709134159,-0.547351334907642,0.220543315714394,0.326808018783629
3.0365,-0.909957251640897,0.159601013581945,0.750356237834034,-0.531100122317041,0.138991875542405,0.392108246384232
3.037,-0.845403002932534,0.00766693278929186,0.837736069952461,-0.501767254943855,0.0540127211417919,0.447754533440487
3.0375,-0.760042149807676,-0.144438904190169,0.904481053845896,-0.460081837788846,-0.0322943049836133,0.492376142448614
3.038,-0.655954122098814,-0.293005207609257,0.948959329598697,-0.407067681290862,-0.117804245783901,0.524871926796624
3.0385,-0.535724103761643,-0.434346587817799,0.970070691515336,-0.344027560439714,-0.200418543426311,0.544446103640442
3.039,-0.402299563040981,-0.56499216470972,0.96729172773344,-0.272520477212233,-0.278091666881859,0.550612143926616
3.0395,-0.258964486332264,-0.681737025630233,0.94070151199251,-0.194299048970054,-0.348922058573158,0.543221107437968
3.04,-0.109263316964835,-0.781678108752958,0.890941425794337,-0.111295561148568,-0.411159347724218,0.522454908832367
3.0405,0.0431403624896744,-0.862387747038285,0.819247384669802,-0.0255520219993993,-0.463270117550909,0.488822139575708
3.041,0.194472975508116,-0.921854029853416,0.727381054508154,0.0608235605077758,-0.503978940501237,0.443155380084055
3.0415,0.341019023000843,-0.95861878802421,0.617599765223874,0.145697321973533,-0.532272102119876,0.3865747802999
3.042,0.479173600303561,-0.97179144721153,0.492617847141195,0.226987267995552,-0.547463273733704,0.320476005950892
3.0425,0.605518531652015,-0.961018276898581,0.355499745506763,0.302686208893861,-0.549173205282404,0.246486996655226
3.043,0.7169652382281,-0.926596628624536,0.209631390677201,0.370931204794574,-0.537357783911855,0.166426579431341
3.0435,0.810750088505499,-0.869352258671412,0.0586021704603309,0.430045733271702,-0.512316283801563,0.0822705508835659
3.044,0.884572403641625,-0.79069755434568,-0.0938748489951237,0.478567000616642,-0.474654057708905,-0.00391294252309777
3.0445,0.936620030844006,-0.692586378996222,-0.244033651547966,0.515307820174541,-0.42530807525884,-0.0899997445095983
3.045,0.965593952234633,-0.577404544119628,-0.388189407823575,0.539358629374783,-0.365489308677202,-0.173869320280014
3.0455,0.970802868343846,-0.448018891042891,-0.522783977025086,0.550127465881701,-0.296667669567745,-0.253459795895207
3.046,0.952100651545243,-0.307596355248093,-0.644504296043635,0.547353611258843,-0.220546634303387,-0.326806976545836
3.0465,0.90995423896179,-0.159594306284638,-0.750359932452236,0.531098059808404,-0.138989485360399,-0.3921085740576
3.047,0.845408925556781,-0.00767633016280796,-0.837732595203191,0.501768273276499,-0.0540132263975643,-0.447755046517359
3.0475,0.760035731258274,0.144447177560457,-0.904482908666783,0.460082265696173,0.0322927373323803,-0.492375002704708
3.048,0.655958442802122,0.293001386725297,-0.948959829418045,0.407065991960408,0.117807236412116,-0.524873228094385
3.0485,0.535723606451204,0.434344452138213,-0.970068058525311,0.344029819001548,0.20041534838943,-0.544445167165393
3.049,0.402296068500645,0.56499934515382,-0.967295413637205,0.272518565443985,0.278093775547502,-0.550612340824011
3.0495,0.258970529232617,0.681727739887882,-0.94069826915051,0.194299845548396,0.348921877888443,-0.543221723331595
3.05,0.109257185199222,0.781685735676023,-0.890942920951789,0.111296191755932,0.411157543760266,-0.522453735475778
3.0505,-0.043136616512164,0.862384842103334,-0.819248225712361,0.0255502306446436,0.463273161634444,-0.488823392304487
3.051,-0.194472844432978,0.92185108053569,-0.727378236265567,-0.0608213409112923,0.503975894893855,-0.443154554073156
3.0515,-0.341022945611671,0.958626352389338,-0.617603406978176,-0.145699070696441,0.532273920467703,-0.386574849924819
3.052,-0.479167500684114,0.971782358544797,-0.492614858093907,-0.226986691715477,0.547463405938327,-0.32047671443559
3.0525,-0.605524329012148,0.961025210150399,-0.355500881398449,-0.302685390096966,0.54917119228478,-0.246485802454497
3.053,-0.716962079569515,0.92659462990944,-0.20963255062069,-0.370933076575797,0.537360849711837,-0.166427773450101
3.0535,-0.810749356299815,0.869348557996592,-0.0585992019911936,-0.430043572552822,0.512313410979653,-0.0822698387805343
3.054,-0.884576698535703,0.790705413367587,0.0938712848672939,-0.478568576083924,0.474655580118069,0.0039129955812168
3.0545,-0.936613936059003,0.692577567409132,0.244036368350054,-0.515307460665516,0.42530850612027,0.0899989541391446
3.055,-0.965599372782323,0.577410745159662,0.388188627331229,-0.539357638115404,0.365487114822601,0.173870522875238
3.0555,-0.970800303307343,0.448017780423581,0.522782522607892,-0.550129396607427,0.296670726448477,0.253458669740202
3.056,-0.952099350228388,0.307591970213328,0.644507379761546,-0.547351527940506,0.220543954980916,0.326807572549972
3.0565,-0.909958849064214,0.159602371537577,0.750356477301719,-0.531099453905876,0.138990709312488,0.392108744202983
3.057,-0.845402894495265,0.00766786965319427,0.837735024651289,-0.501768125055175,0.0540139393754892,0.447754185318109
3.0575,-0.760040738043295,-0.144441738570966,0.904482476462312,-0.460081118729395,-0.0322950832785871,0.492376201684137
3.058,-0.65595647169742,-0.293001635233919,0.948958106821964,-0.407067960460351,-0.117804217732384,0.524872177914596
3.0585,-0.535721772172152,-0.434349450677448,0.970071222785495,-0.344027830088441,-0.200417816232837,0.544445646095694
3.059,-0.402300936073735,-0.564991160433105,0.96729209648958,-0.272519772158583,-0.278092849571108,0.550612621562214
3.0595,-0.258964617761422,-0.681735781786487,0.94070039957792,-0.194299901304549,-0.348920901386585,0.543220802585891
3.06,-0.109261746755293,-0.781681079955198,0.890942826787034,-0.111294906651777,-0.411160012748292,0.52245491935965
3.0605,0.0431379991297625,-0.862384261771378,0.819246262762807,-0.0255522162640819,-0.463270208854375,0.488822425143857
3.061,0.19447517181359,-0.921856618701643,0.727381447050909,0.0608232200371591,-0.503978136074299,0.443154916127734
3.0615,0.341017878464146,-0.958618132536919,0.617600254273281,0.145698055314003,-0.532273289115598,0.386575233955152
3.062,0.479173240162552,-0.971789921153938,0.492616681224611,0.22698644096278,-0.547462186291109,0.320475745541069
3.0625,0.605520238489569,-0.961021350436375,0.355501112207003,0.302686795157823,-0.549173755273912,0.246486960382772
3.063,0.716962884669836,-0.926593260673612,0.20963037628454,0.370931093805901,-0.537357988744807,0.166426895252966
3.0635,0.810752133790039,-0.869354559735593,0.0586024262399731,0.430045328206401,-0.512315413139773,0.082270085287076
3.064,0.884571489208353,-0.790697239565333,-0.0938742493421985,0.47856775396461,-0.474655237319891,-0.00391251626008106
3.0645,0.936619455013044,-0.692584597213994,-0.244034857499232,0.515307025420324,-0.425307065221593,-0.0899999597926298
3.065,0.965595773470468,-0.577407685943638,-0.3881880872354,0.539359144537371,-0.365489743061945,-0.17386940105786
3.0655,0.970800546968246,-0.448015668215568,-0.52278487847681,0.550127435802075,-0.29666798124475,-0.253459454138577
3.066,0.95210253227485,-0.307598358125417,-0.644504173895919,0.547353148204323,-0.220545708593594,-0.326807439201109
3.0665,0.909953553970737,-0.159594321162433,-0.750359232583387,0.531098825023025,-0.138990646449954,-0.392108178182667
3.067,0.845408148504242,-0.00767432051814024,-0.837733827795319,0.501767517175675,-0.054012300359044,-0.447755216455055
3.0675,0.760037644536717,0.14444400074667,-0.904481645131438,0.46008270770682,0.032292417982479,-0.492375125365454
3.068,0.655956174796795,0.293004439174763,-0.948960613862185,0.40706603972795,0.117806825336919,-0.52487286478673
3.0685,0.535725311150057,0.434342754537748,-0.970068065623698,0.344029304850338,0.200416317889719,-0.544445622514472
3.069,0.402295610134508,0.564999014403195,-0.967294624520444,0.272519334615551,0.278092643474509,-0.550611977922584
3.0695,0.25896956683541,0.681729948469635,-0.940699515335056,0.194299133830933,0.348922714423087,-0.543221848148776
3.07,0.109259168110132,0.781682556138964,-0.890941724325639,0.111296559355032,0.411157337781571,-0.522453897096184
3.0705,-0.0431388113315526,0.862387701616775,-0.819248890406414,0.0255503525777726,0.463272659261969,-0.488823011865142
3.071,-0.194471324996476,0.921849692040861,-0.727378367207239,-0.0608218990605218,0.503976896968707,-0.443154997998779
3.0715,-0.341023182325979,0.95862572205188,-0.61760253992641,-0.145698305193128,0.532272827191069,-0.386574522151499
3.072,-0.479168631402528,0.971784736405779,-0.492616105236476,-0.226987353979499,0.547464148559164,-0.320476794792404
3.0725,-0.605522298562508,0.961022058840651,-0.35549976053834,-0.302685097397596,0.549171096983062,-0.246485999852148
3.073,-0.716964182978001,0.926597276739721,-0.209633094042485,-0.370932884730798,0.537360264693816,-0.166427380277079
3.0735,-0.810748029186196,0.869347479280779,-0.0585994503890004,-0.430044167461726,0.512314434560723,-0.0822702674527005
3.074,-0.88457672045183,0.790704501954439,0.0938722181965685,-0.478567821523844,0.474654534636556,0.00391328650264873
3.0745,-0.936615217194144,0.692580084481588,0.244035132412738,-0.515308069100998,0.425309151511405,0.0899989171834911
3.075,-0.965597316453363,0.577407651475334,0.388189664686597,-0.539357420051666,0.365487126541065,0.173870293093034
3.0755,-0.970802298660671,0.448020197697599,0.522782100687202,-0.550129139606028,0.296670067880107,0.253459071307173
3.076,-0.95209822037443,0.307591198920463,0.644507021200453,-0.547352152319252,0.220544989249946,0.326807162659687
3.0765,-0.909958664862788,0.15960119952316,0.75035746511471,-0.531098717152342,0.138989719788381,0.392108996973557
3.077,-0.84540430736969,0.00767049575793408,0.837733811420974,-0.501768675988884,0.0540144853011911,0.447754190326116
3.0775,-0.760038676870782,-0.144444747005571,0.904483423724405,-0.460080974329444,-0.0322949690828875,0.492375943088487
3.078,-0.655958344121035,-0.292999461460674,0.948957805472334,-0.407067643489916,-0.117804940419249,0.524872583631026
3.0785,-0.535720842348517,-0.434349919792696,0.970070762077108,-0.344028476660961,-0.200416781750257,0.544445258185634
3.079,-0.402300556086362,-0.564992570893247,0.967293126962349,-0.272519059622993,-0.278093775855624,0.550612835311141
3.0795,-0.258966143228743,-0.681733076633254,0.940699219892009,-0.194300391770828,-0.348920456104934,0.543220847770518
3.08,-0.109259700910304,-0.781683977490106,0.890943678476954,-0.111294834266829,-0.411159801424561,0.522454635650971
3.0805,0.0431362627006797,-0.862382342504506,0.819246079925017,-0.0255518448832869,-0.463270985995896,0.488822830904583
3.081,0.194475900854285,-0.921856793594598,0.727380892903169,0.0608225584622898,-0.503977111421221,0.443154553049525
3.0815,0.34101844246765,-0.958619757894667,0.617601315627525,0.145698737723512,-0.532274145793469,0.386575408223515
3.082,0.479171621554305,-0.971787166462595,0.492615545141515,0.226986013216607,-0.547461841806762,0.320475828802894
3.0825,0.605522249783375,-0.961024113555156,0.355501864031979,0.302686797807231,-0.549173452892074,0.246486655351526
3.083,0.716961295465712,-0.926591603997015,0.209630308812068,0.370931513743825,-0.537358810549271,0.166427297119506
3.0835,0.810752663285765,-0.869354450887599,0.0586017878962532,0.43004465866541,-0.512314407847926,0.0822697495362195
3.084,0.884572224126428,-0.790699055159275,-0.0938731686663321,0.478568400876347,-0.474656018962695,-0.00391238152901353
3.0845,0.9366177628322,-0.69258182175567,-0.244035940776714,0.515306661948456,-0.425306820704093,-0.0899998408382607
3.085,0.965597732136522,-0.577410293408836,-0.388187438436254,0.539359080310367,-0.36548935632369,-0.173869723569111
3.0855,0.970799114295826,-0.448014279328389,-0.522784834691569,0.550127898214315,-0.296668837892398,-0.253459059903169
3.086,0.952102865359075,-0.307597978337149,-0.644504886768411,0.547352477522458,-0.220544731612707,-0.326807745500132
3.0865,0.909954445605461,-0.159596301508771,-0.750358143871773,0.531099431630194,-0.138991348581598,-0.392108082658192
3.087,0.845406402195893,-0.0076715520718547,-0.837734849933257,0.501767218843266,-0.05401215404252,-0.44775506443917
3.0875,0.760039533762292,0.144441567783365,-0.904481101393707,0.460082579995605,0.032292881834335,-0.492375461506095
3.088,0.655954906080038,0.293005557883799,-0.948960463854463,0.407066538370323,0.11780594359748,-0.524872481689663
3.0885,0.535725452709047,0.434343390369659,-0.9700688430146,0.344028639579851,0.200417258255123,-0.544445897609389
3.089,0.40229664335557,0.564996895331684,-0.967293538669994,0.272519896703667,0.278092024373383,-0.550611920909574
3.0895,0.258967785585931,0.681732683340401,-0.940700468956344,0.194298900834891,0.34892276518398,-0.543221665913627
3.09,0.109260972433773,0.781680314054908,-0.890941286565225,0.111296372025438,0.411157871056204,-0.522454243041224
3.0905,-0.0431399105704049,0.862388550479001,-0.819248640029789,0.0255508811151807,0.4632717620217,-0.488822643162281
3.091,-0.194471368400469,0.921850567150682,-0.727379198913068,-0.060822552691206,0.50397779311298,-0.443155240512369
3.0915,-0.341022023409713,0.958623490552057,-0.617601467342851,-0.1456977912341,0.532272293688982,-0.38657450260844
3.092,-0.479170428869343,0.971787412563543,-0.492616983927426,-0.226987522082473,0.547464107226968,-0.320476585357234
3.0925,-0.605520593119641,0.96102002148192,-0.355499428622477,-0.302685340061223,0.549171691634556,-0.246486351840017
3.093,-0.716965109098679,0.926597858691044,-0.209632749873131,-0.370932332662992,0.537359361297252,-0.166427028948321
3.0935,-0.810748249478173,0.869348575276895,-0.05860032609314,-0.430044803593578,0.512315279621815,-0.0822704763819419
3.094,-0.884575452275717,0.790702184323502,0.0938732676513931,-0.478567358687138,0.474654088365372,0.00391326993712736
3.0945,-0.936617012777887,0.692582678399274,0.244034334078795,-0.515308173366976,0.425309022298791,0.0899991506620826
3.095,-0.965595722343631,0.577405830130388,0.388189891921812,-0.539357713404654,0.365487774261103,0.173869938725985
3.0955,-0.970803049837795,0.448020518139838,0.522782531422088,-0.550128570336498,0.296669167344643,0.253459402573106
3.096,-0.95209860810023,0.30759249603011,0.644506111816606,-0.547352765507009,0.220545777145471,0.326806987951919
3.0965,-0.909957304253662,0.159598821806603,0.750358482222142,-0.531098307810846,0.138989361466265,0.392108945954177
3.097,-0.845406083724927,0.00767298567870217,0.837733097855442,-0.5017687180485,0.0540142730987755,0.447754444588147
3.0975,-0.76003720495079,-0.144446343610885,0.904483548409726,-0.460081313429044,-0.0322942767733567,0.492375589878556
3.098,-0.655958920313713,-0.292999394811468,0.948958315015807,-0.40706706325195,-0.117805829477216,0.524872892451028
3.0985,-0.535721386811344,-0.434348442475584,0.970069829222823,-0.344029061906281,-0.200416056296566,0.544445117977262
3.099,-0.402299120068396,-0.564994983145499,0.967294103196636,-0.272518705533634,-0.278094046393191,0.550612751759349
3.0995,-0.258967883926087,-0.681730710555797,0.940698594511895,-0.194300373790565,-0.348920745803982,0.543221119489304
3.1,-0.109258360394729,-0.781685343171686,0.890943703642959,-0.11129521393011,-0.411159073086253,0.522454286975945
3.1005,0.0431358598388885,-0.86238251979048,0.819246660072782,-0.0255512597594916,-0.463271855427837,0.488823115212728
3.101,0.194475211418003,-0.921855157857631,0.727379946602483,0.0608220056796641,-0.503976452861559,0.443154447272489
3.1015,0.341019936848486,-0.958622179855659,0.61760224320768,0.145699035413458,-0.532274329555779,0.386575294295878
3.102,0.479169931924132,-0.971784942052822,0.492615010361914,0.226986088576867,-0.547462202984879,0.320476114620751
3.1025,0.605523451326185,-0.961025244623752,0.355501793557765,0.302686382941789,-0.549172697080807,0.246486314405701
3.103,0.716961062671327,-0.926592013402487,0.209630951011924,0.37093209787616,-0.537359652734383,0.166427555172283
3.1035,0.81075184156543,-0.86935267915393,0.0586008378829184,0.430044142363274,-0.512313819801323,0.0822696777917532
3.104,0.884573759955298,-0.790701462934624,-0.0938722967198521,0.478568641613683,-0.4746561177589,-0.00391252347014412
3.1045,0.936616138546376,-0.692579754726136,-0.244036383520422,0.515306791583219,-0.425307246899546,-0.0899995442775709
3.105,0.965598788806331,-0.577411188604287,-0.388187599910613,0.539358635723518,-0.36548858150761,-0.173870053798342
3.1055,0.970799046784001,-0.448014907274574,-0.522784139233559,0.550128475730232,-0.296669645789523,-0.253458829521962
3.106,0.952101924801435,-0.307596093420857,-0.644505831127062,0.547352001199214,-0.22054421686453,-0.326807783925065
3.1065,0.909956006272468,-0.159598672331394,-0.750357333716158,0.531099615436898,-0.138991364970101,-0.392108250076393
3.107,0.845404856301471,-0.007669655957735,-0.837735200152956,0.501767399248547,-0.0540126384303177,-0.447754760456654
3.1075,0.760040441306481,0.144440907381415,-0.904481348535948,0.460082111230169,0.0322936673531723,-0.492375778259497
3.108,0.655954997667368,0.293004726532743,-0.948959724090737,0.407067103941863,0.117805176405484,-0.524872280069208
3.1085,0.535724407353014,0.434345365501301,-0.970069772790208,0.344028206200733,0.200417697745824,-0.544445903720973
3.109,0.402298212694624,0.56499458292845,-0.967292795605812,0.272520024153515,0.2780920871407,-0.550612111126739
3.1095,0.258966329835645,0.681734397221343,-0.940700727086999,0.194299128159402,0.348922229710771,-0.54322135776493
3.11,0.109261728219573,0.781679885134326,-0.890941613430444,0.111295884628773,0.411158659215608,-0.522454543803962
3.1105,-0.0431396673580027,0.86238753220578,-0.819247864968971,0.0255514297511398,0.463271041291513,-0.488822471068053
3.111,-0.194472504075168,0.921852609605408,-0.727380105693096,-0.0608229407000247,0.503978156198183,-0.443155215588752
3.1115,-0.341020460981145,0.958621256579841,-0.617600795799203,-0.145697719044973,0.532272431727102,-0.386574712835687
3.112,-0.479171784087359,0.971788935129983,-0.492617151275849,-0.226987251985455,0.547463527976615,-0.3204762762039
3.1125,-0.60551999013944,0.961019818621921,-0.355499828742678,-0.302685840590373,0.549172474680382,-0.246486634356692
3.113,-0.716964722897038,0.926596671109237,-0.209631948492963,-0.370931805583446,0.537358692096673,-0.166426886827287
3.1135,-0.810749460719012,0.869350662457351,-0.0586012020327567,-0.430045144346261,0.512315565942103,-0.0822704219495469
3.114,-0.884573911624422,0.790700047204544,0.0938738641190576,-0.478567340171644,0.474654297219946,0.00391304256705899
3.1145,-0.936618258480116,0.69258400280136,0.244034255378937,-0.515307864887836,0.42530840670174,0.0899994577799935
3.115,-0.965595271694654,0.577405845942261,0.388189425460963,-0.539358221667694,0.365488544809744,0.173869676440384
3.1155,-0.970802530309339,0.448019179775952,0.522783350257518,-0.55012806903352,0.296668554031865,0.253459514582906
3.116,-0.952099880031171,0.307594605840268,0.644505273937389,-0.547353057654486,0.220545987100928,0.326807070143938
3.1165,-0.909955799423586,0.159596798261599,0.750359000937071,-0.531098340926987,0.138989636180418,0.392108704356164
3.117,-0.845407212359824,0.00767410727201875,0.837733104897023,-0.50176837576786,0.0540136286304407,0.447754746775843
3.1175,-0.76003690469908,-0.144446118331262,0.904483022878394,-0.46008182417608,-0.0322935256786601,0.492375349530895
3.118,-0.655958278017556,-0.293000864734851,0.948959142643033,-0.407066591521081,-0.117806383266464,0.524872974509405
3.1185,-0.535722704582028,-0.434346331436823,0.970069035954745,-0.344029304626445,-0.200415921581737,0.544445225982597
3.119,-0.402297664172755,-0.56499687818976,0.967294542345255,-0.272518787823326,-0.278093711209963,0.550612498865813
3.1195,-0.258968889393165,-0.681729794255967,0.940698683679143,-0.194300002427452,-0.348921411697533,0.543221414019741
3.12,-0.109258207226883,-0.78168491927929,0.890943126582717,-0.111295722104145,-0.411158347925658,0.522454069989384
3.1205,0.0431366135920675,-0.862384101570554,0.819247488099677,-0.0255508209524748,-0.463272346785649,0.488823167763524
3.121,0.194473862485379,-0.921853066117251,0.727379203794726,0.0608218126953026,-0.503976391579864,0.443154578975155
3.1215,0.341021331713993,-0.958623933336601,0.617602601823117,0.145698906783792,-0.532273939657425,0.386575033027191
3.122,0.479169054280451,-0.971784231437327,0.492615177390101,0.226986484216582,-0.547462882957945,0.320476398954102
3.1225,0.605523462011029,-0.961024634450544,0.355501172699713,0.302685882163305,-0.549172003814688,0.246486121918066
3.123,0.71696191595755,-0.926593687066914,0.209631771390129,0.370932500865885,-0.537360079478795,0.166427578926971
3.1235,0.810750475845644,-0.86935062620236,0.0586001506511337,0.430043998927992,-0.512313829507803,0.082269830933515
3.124,0.884575082785997,-0.790703063703289,-0.0938720187818848,0.478568469809627,-0.474655679191912,-0.00391279023307585
3.1245,0.936615391948414,-0.692579248174498,-0.244036143474099,0.515307206657291,-0.425307933773913,-0.0899992724772755
3.125,0.965598662802735,-0.577410405778883,-0.388188256732421,0.539358146891814,-0.365487925540286,-0.173870220933962
3.1255,0.970799987206263,-0.448016652786318,-0.522783334144076,0.550128840476207,-0.296670006455587,-0.253458833601872
3.126,0.952100556236133,-0.307594097565475,-0.644506458417144,0.547351906653559,-0.220544294526878,-0.326807611717061
3.1265,0.909957247219774,-0.159600111181715,-0.750357135813142,0.531099403911841,-0.138990884002782,-0.392108519518655
3.127,0.845404242566387,-0.00766934993714507,-0.83773489243846,0.501767828926461,-0.0540133252579172,-0.447754503306968
3.1275,0.760040185493824,0.144441848119949,-0.904482033461824,0.460081638592331,0.0322942812028403,-0.492375919471327
3.128,0.655956012498247,0.293002929078121,-0.948958941466995,0.407067428489087,0.117804882581138,-0.524872310792086
3.1285,0.535723049334077,0.434347287264684,-0.970070336534655,0.344028159438167,0.200417555693571,-0.544445714906154
3.129,0.402299363110546,0.564993313251094,-0.967292676344379,0.272519776603264,0.278092604088214,-0.550612380524002
3.1295,0.258965849418063,0.681734508042407,-0.940700357490482,0.194299567669019,0.348921549589967,-0.543221117153743
3.13,0.109261350451585,0.78168096812526,-0.890942318653389,0.111295432098879,0.411159226736749,-0.52245465879521
3.1305,-0.0431385910421784,0.862385702392849,-0.819247111471863,0.025551712615479,0.46327081439232,-0.488822527033199
3.131,-0.194473838811316,0.921854441702985,-0.727380603054525,-0.0608229412036105,0.503977953798941,-0.443155012685924
3.1315,-0.341019408508291,0.958620161388859,-0.617600753081076,-0.145697998728277,0.532272978151421,-0.386574979576702
3.132,-0.47917213204602,0.971788857755869,-0.492616725943073,-0.226986807314111,0.547462860881926,-0.320476053780555
3.1325,-0.605520481150318,0.961021027472842,-0.355500546582721,-0.302686269455176,0.549172992285769,-0.246486723097277
3.133,-0.716963598080967,0.926594828025775,-0.209631230225572,-0.370931565420493,0.537358531553474,-0.166426966447042
3.1335,-0.810750760190118,0.869352390829752,-0.0586016309340526,-0.430045100500603,0.5123153076568,-0.0822702075099011
3.134,-0.884572963248953,0.790699129900921,0.093873833047212,-0.478567647945166,0.474654866600928,0.00391278095959899
3.1345,-0.93661847608711,0.692583745771862,0.24403473001543,-0.515307419581599,0.42530775856459,0.0899996606109068
3.135,-0.965595866499238,0.577407163718543,0.388188702489264,-0.539358623687062,0.36548900954479,0.173869613724705
3.1355,-0.970801369910365,0.448017341848396,0.5227840277861,-0.550127872134008,0.296668458655421,0.253459413059838
3.136,-0.952101133092289,0.307596218016054,0.64450491482272,-0.547352971720507,0.220545677747935,0.326807293562953
3.1365,-0.909954960036312,0.159596060380206,0.75035889943119,-0.531098672642805,0.138990222045119,0.392108450207281
3.137,-0.845407302899397,0.00767368051605228,0.837733622192562,-0.501767934172267,0.0540130049528656,0.447754928857825
3.1375,-0.760037593231786,-0.144444708919942,0.90448230199978,-0.460082196561731,-0.0322931161334253,0.492375312371311
3.138,-0.655957094764293,-0.29300267989266,0.94895977454758,-0.40706643800422,-0.117806415248257,0.524872852974337
3.1385,-0.535723900999682,-0.434344846285833,0.970068747221409,-0.344029179179646,-0.200416276888152,0.544445455842213
3.139,-0.402296937404174,-0.564997436917985,0.967294374304899,-0.272519139272987,-0.278093115226458,0.550612254331969
3.1395,-0.258968857246747,-0.681730379574096,0.940699236850854,-0.194299568672247,-0.348922005878466,0.54322157444547
3.14,-0.10925897892978,-0.781683435696419,0.890942414702743,-0.111296062470569,-0.411157995258392,0.522454057688542
3.1405,0.0431378072768764,-0.862385877294738,0.819248070139054,-0.025550710511748,-0.463272317686453,0.488823028223601
3.141,0.194472731971229,-0.921851717138931,0.727378985330556,0.0608219748026968,-0.503976787491371,0.443154812779268
3.1415,0.341021943475732,-0.958624314907268,0.617602371632045,0.145698539826023,-0.532273339754745,0.386574800082279
3.142,0.479169203723431,-0.971784963077475,0.492615759587268,0.22698690624864,-0.547463443099759,0.320476537063858
3.1425,0.605522618065291,-0.961023094156212,0.355500476351118,0.302685575792249,-0.549171709091975,0.246486133566409
3.143,0.716963108063797,-0.926595407765757,0.209632299982724,0.370932568942173,-0.537359992108977,0.166427423480864
3.1435,0.810749419473125,-0.869349420845193,0.0586000016664856,0.430044194606236,-0.512314260503586,0.0822700662510548
3.144,0.884575578366928,-0.790703271747756,-0.0938723063183497,0.47856809154495,-0.474655081351095,-0.00391300980921606
3.1445,0.936615652383463,-0.692580112983824,-0.244035539099821,0.51530761335789,-0.425308455852311,-0.0899991570994769
3.145,0.965597757790472,-0.577408826060644,-0.388188931438396,0.539357876080761,-0.365487689222527,-0.173870186440668
3.1455,0.97080116623618,-0.448018304047155,-0.522782861913156,0.550128867281162,-0.296669864074392,-0.253459002788023
3.146,0.952099581182832,-0.307593041576541,-0.644506539352777,0.547352132615184,-0.220544754974323,-0.326807377231241
3.1465,0.909957626621859,-0.15960015086422,-0.750357475532722,0.531099018477274,-0.138990293937317,-0.392108724149553
3.147,0.845404606873398,-0.00767033401551274,-0.837734272667103,0.501768216985299,-0.0540138057843614,-0.447754410839362
3.1475,0.760039230720665,0.144443450307708,-0.904482680876424,0.460081404496245,0.0322944592408054,-0.492375863413206
3.148,0.655957167557122,0.293001360397864,-0.948958527845613,0.407067415470922,0.117805076315773,-0.524872491508556
3.1485,0.535722161691844,0.434348189824977,-0.970070351452716,0.344028412237996,0.200417071479622,-0.544445483492033
3.149,0.402299627462149,0.564993435347052,-0.96729306279194,0.272519388034142,0.278093180976734,-0.550612568843399
3.1495,0.258966309764359,0.681733419176654,-0.940699728971024,0.19429993409366,0.348921113556583,-0.543221047545
3.15,0.109260357238055,0.781682576311925,-0.890942933626525,0.11129523546877,0.411159347180195,-0.522454582608546
3.1505,-0.0431374701659943,0.862384228090819,-0.819246758046017,0.02555166154873,0.463271055475746,-0.488822717049876
3.151,-0.194474634050453,0.92185518843047,-0.727380554542872,-0.0608226651284465,0.503977451498861,-0.443154786461009
3.1515,-0.341019257009357,0.958620437383058,-0.61760118057421,-0.14569838653326,0.532273536812787,-0.386575150433084
3.152,-0.479171584100807,0.97178767900143,-0.492616095133848,-0.226986465182417,0.547462471729414,-0.320476006759736
3.1525,-0.605521501579296,0.961022625811312,-0.355501124492214,-0.302686428262755,0.549173056350247,-0.246486628354175
3.153,-0.716962520844677,0.926593458495865,-0.209630937931952,-0.370931652465699,0.537358815687533,-0.166427163535895
3.1535,-0.810751459137313,0.869352980931318,-0.058601522088423,-0.430044804791285,0.512314792891286,-0.0822699884537044
3.154,-0.884572921401182,0.790699550746541,0.0938733703538194,-0.478568031256062,0.474655402370747,0.00391262850067592
3.1545,-0.936617849483434,0.692582492282647,0.244035356900969,-0.515307104055937,0.425307418127205,0.0899996855226297
3.155,-0.965596903119591,0.577408737113171,0.388188165714989,-0.5393587446972,0.365489018942399,0.173869725337236
3.1555,-0.970800344956477,0.448016086038051,0.522784258642557,-0.55012799282422,0.296668781302273,0.253459211103199
3.156,-0.952101732953406,0.307596652250601,0.64450508044929,-0.547352660057957,0.220545156025954,0.326807503622384
3.1565,-0.909955023707318,0.159596615999887,0.750358407482515,-0.531099047927659,0.138990730674101,0.392108316863154
3.157,-0.845406606970698,0.00767236754366616,0.83773423923625,-0.501767647211891,0.0540127145164236,0.447754932333892
3.1575,-0.760038635318442,-0.144443174698082,0.904481809864576,-0.460082280165098,-0.0322931592312039,0.492375439072458
3.158,-0.655956129870621,-0.293003814509346,0.948959944270594,-0.407066589776247,-0.117806058812188,0.524872648310296
3.1585,-0.535724400057431,-0.434344565678951,0.970068965672276,-0.34402885524716,-0.200416800218171,0.544445655239746
3.159,-0.402297101608904,-0.564996757491786,0.967293859083431,-0.272519503223876,-0.278092637548475,0.550612140604875
3.1595,-0.258968101612672,-0.681731736832336,0.94069983847502,-0.194299311878269,-0.348922245566357,0.543221557339383
3.16,-0.109260016148674,-0.781681953907349,0.890941970132567,-0.111296109404483,-0.411158088260767,0.522454197624832
3.1605,0.0431387052371874,-0.862386884728572,0.819248179612576,-0.0255508906069979,-0.463271932316981,0.48882282294938
3.161,0.194472334385261,-0.921851586522912,0.727379252300506,0.0608223073552429,-0.503977307286769,0.44315500002212
3.1615,0.341021684491004,-0.958623523389016,0.617601839098521,0.145698190270185,-0.532272896380009,0.386574706263382
3.162,0.479170009262427,-0.971786349623718,0.492616340594516,0.226987131633991,-0.547463631814675,0.320476500393423
3.1625,0.605521595573278,-0.96102167700255,0.35550008168947,0.302685564465289,-0.549171849031331,0.246486284832725
3.163,0.716963933151166,-0.926596283509046,0.209632350638645,0.370932363442846,-0.537359582741579,0.166427219612794
3.1635,0.810749123015576,-0.869349435278923,0.0586003125577639,0.430044532196432,-0.512314771868843,0.0822702400261156
3.164,0.884575231037135,-0.790702380454311,-0.0938728502820028,0.478567759178908,-0.474654675160376,-0.00391308363389329
3.1645,0.936616497948363,-0.692581514156878,-0.244034983491667,0.515307806448453,-0.425308593873537,-0.0899992121688137
3.165,0.965596759333647,-0.57740748461302,-0.388189274429195,0.539357898996872,-0.365487872798807,-0.173870025780499
3.1655,0.970801913463744,-0.448019045056132,-0.522782868131742,0.550128639422479,-0.296669435673038,-0.253459203330692
3.166,0.952099384543516,-0.30759319491647,-0.644506189373531,0.54735247176003,-0.22054525329831,-0.3268072180521
3.1665,0.90995719797258,-0.159599172570441,-0.750358025177222,0.531098705813381,-0.138989927331483,-0.392108778091494
3.167,0.8454054826059,-0.00767173561913758,-0.83773374679598,0.50176837724483,-0.0540138938713312,-0.447754483011923
3.1675,0.76003826498882,0.144444706171207,-0.904482971008078,0.460081460015846,0.032294235614333,-0.492375695306334
3.168,0.655957832899679,0.293000755734112,-0.948958588524416,0.407067168388472,0.117805518807946,-0.524872686918279
3.1685,0.535722062646676,0.434347904815445,-0.970069967398015,0.344028749583565,0.200416590490686,-0.544445339848666
3.169,0.402299125016841,0.564994487551192,-0.967293612550772,0.272519097289654,0.278093506080146,-0.550612603202325
3.1695,0.258967205921596,0.681732030755299,-0.940699236706906,0.194300061326567,0.348921074191524,-0.543221135412848
3.17,0.109259432243974,0.781683737952184,-0.890943170272702,0.111295321703895,0.41115908733028,-0.522454408993756
3.1705,-0.0431368897728796,0.862383759994041,-0.819246870342353,0.025551398434781,0.463271507183521,-0.488822905643702
3.171,-0.194474638580132,0.92185477996556,-0.727380141548283,-0.0608223327798026,0.503976991792896,-0.443154659103688
3.1715,-0.341019825322755,0.958621550232461,-0.617601725110215,-0.145698653445467,0.532273818978164,-0.386575165686254
3.172,-0.479170677056627,0.971786316683899,-0.492615639860496,-0.22698637084329,0.547462479451516,-0.320476108820965
3.1725,-0.605522378549633,0.961023685860718,-0.355501307571283,-0.302686313419851,0.549172764296606,-0.246486451143438
3.173,-0.71696202751455,0.926593125853975,-0.20963109862019,-0.370931928395507,0.537359271848087,-0.16642734376664
3.1735,-0.810751373019549,0.869352458082744,-0.0586010853576132,-0.430044480456403,0.512314358046373,-0.0822698779436737
3.174,-0.884573547343998,0.790700710936915,0.0938728361062618,-0.478568272733445,0.474655640638376,0.00391263171042961
3.1745,-0.93661694080087,0.692581168202473,0.24403577229858,-0.515307042164186,0.425307470912651,0.0899995708454329
3.175,-0.96559772554761,0.577409689494446,0.388188035761734,-0.539358603544513,0.365488698850737,0.17386990427621
3.1755,-0.970799939870961,0.448015886471139,0.522784053123953,-0.550128278363029,0.296669237306724,0.253459040637557
3.176,-0.952101560775335,0.30759602482408,0.64450553569774,-0.547352346551077,0.220544749230936,0.326807596910522
3.1765,-0.909955698822911,0.159597810318407,0.750357888279588,-0.531099262680717,0.138990924549784,0.392108337740529
3.177,-0.845405705531447,0.00767109296129718,0.837734612379368,-0.501767617024859,0.0540128099880646,0.447754806675219
3.1775,-0.760039397484359,-0.144442334766343,0.904481732098753,-0.460082115160705,-0.0322935030956387,0.492375617932499
3.178,-0.655955813306504,-0.293003884573467,0.948959697770598,-0.40706688175673,-0.117805607380449,0.52487248885904
3.1785,-0.535724147051122,-0.434345287269189,0.970069434256206,-0.34402855516101,-0.200417176178509,0.544445731113935
3.179,-0.402297817313646,-0.564995542042104,0.967293359338491,-0.272519690275692,-0.278092488107897,0.550612178216113
3.1795,-0.258967215860563,-0.681732951602626,0.9407001674932,-0.194299312376519,-0.34892211010132,0.543221422372595
3.18,-0.109260713154005,-0.781681229917929,0.890941943148478,-0.111295923136073,-0.411158451578678,0.522454374674332
3.1805,0.0431389338732343,-0.862386829970367,0.819247896218323,-0.0255511859304353,-0.463271489647408,0.488822675603243
3.181,0.194472662420297,-0.921852391380327,0.727379729122885,0.0608225916654159,-0.503977650041988,0.443155058467166
3.1815,0.341020936819122,-0.958622299472177,0.617601362853564,0.145698031587401,-0.532272790984906,0.386574759551061
3.182,0.479170871385238,-0.971787495274714,0.492616624122701,0.226987101725344,-0.54746345932551,0.320476357812905
3.1825,0.605520967792255,-0.961021071179075,0.355500103647018,0.302685769310874,-0.549172227473501,0.24648645842931
3.183,0.716964075280743,-0.926596109625982,0.209632034626004,0.370932067779342,-0.537359152765235,0.166427085299953
3.1835,0.810749519792136,-0.869350312150315,0.0586007926525957,0.430044798625889,-0.512315079468692,0.0822702811965069
3.184,0.884574459973356,-0.790701160292295,-0.0938732993802397,0.478567629230137,-0.474654613010018,-0.00391301583548117
3.1845,0.936617329057601,-0.692582582437015,-0.244034746320767,0.515307748636793,-0.425308387565733,-0.0899993606649574
3.185,0.965596204001018,-0.577406997940915,-0.388189205768671,0.539358119663809,-0.365488262068506,-0.173869857177737
3.1855,0.970801971288717,-0.448018758665331,-0.522783212347516,0.550128346300806,-0.296669022035163,-0.253459323846895
3.186,0.952099843367823,-0.307594132315896,-0.644505710798412,0.547352718464581,-0.220545524214251,-0.326807193840711
3.1865,0.909956411964115,-0.159597967842944,-0.750358443896254,0.531098604669792,-0.138989907238825,-0.392108697040562
3.187,0.845406275923768,-0.00767271936884979,-0.837733556364136,0.501768293245799,-0.0540136571457332,-0.44775463573849
3.1875,0.760037784492482,0.144445073903027,-0.904482858243559,0.460081693708911,0.0322938397410182,-0.492375533126085
3.188,0.655957809348499,0.293001147198127,-0.948958956437252,0.407066880546595,0.117805912771463,-0.524872793039919
3.1885,0.535722576500193,0.434346918485627,-0.970069494921715,0.344028974986674,0.200416357368105,-0.544445332129194
3.189,0.402298332306213,0.564995665797599,-0.967293998086552,0.272519024740067,0.27809348566096,-0.550612510233551
3.1895,0.258967955317381,0.681731137579336,-0.940699092926728,0.194299953038808,0.34892133777979,-0.543221290713356
3.19,0.109259028147129,0.78168398809974,-0.890943016323414,0.111295565617209,0.411158688966491,-0.522454254543281
3.1905,-0.0431369911036658,0.862384248385288,-0.819247257402814,0.025551118446127,0.463271878465696,-0.488822996937223
3.191,-0.194474076959221,0.92185375629758,-0.727379679501214,-0.0608221299828022,0.503976797160626,-0.443154667268418
3.1915,-0.341020616769144,0.958622691665277,-0.617602075096642,-0.145698697880841,0.532273759921957,-0.386575062194673
3.192,-0.479169977033873,0.971785518996348,-0.492615542195699,-0.226986501364129,0.547462766233911,-0.320476265082522
3.1925,-0.605522705489538,0.961023820864432,-0.355501115635092,-0.302686062075164,0.549172367409398,-0.246486305600918
3.193,-0.716962202422801,0.926593702423474,-0.209631500281438,-0.370932198140196,0.537359617786395,-0.166427419960259
3.1935,-0.810750771055831,0.869351408551201,-0.0586006377897883,-0.430044301296911,0.512314202199177,-0.0822699012559703
3.194,-0.88457432990175,0.790701806008373,0.0938725235925558,-0.478568289787233,0.474655545117141,0.00391274428545352
3.1945,-0.936616294897565,0.69258046978838,0.244035824809369,-0.515307192731886,0.425307777147502,0.0899994151782818
3.195,-0.965597975352878,0.577409712810581,0.388188262250866,-0.539358347513984,0.365488307228652,0.173870039867766
3.1955,-0.970800183614804,0.44801654197673,0.522783641362205,-0.550128535671324,0.296669555594665,0.253458979657911
3.196,-0.952100925977388,0.30759496067951,0.644505965044363,-0.547352191788525,0.220544632075177,0.326807559303729
3.1965,-0.909956465269413,0.159598850325604,0.750357614718891,-0.531099253320816,0.138990794999309,0.392108457931102
3.197,-0.845405117772636,0.00767049648613165,0.837734621095723,-0.501767785349241,0.0540131318998824,0.447754653087783
3.1975,-0.760039570924531,-0.144442418741248,0.90448198951383,-0.460081857121676,-0.032293885871938,0.492375742669769
3.198,-0.655956120672644,-0.293003159757067,0.948959280320337,-0.407067124647575,-0.117805318685711,0.524872443055147
3.1985,-0.535723486935244,-0.434346355100164,0.970069841971302,-0.344028425286759,-0.200417255107885,0.544445680169059
3.199,-0.40229856088149,-0.564994564907756,0.967293125771986,-0.272519655686138,-0.278092649022568,0.55061230454123
3.1995,-0.258966689540709,-0.681733444572486,0.940700134143206,-0.194299496089959,-0.34892177628382,0.543221272268536
3.2,-0.109260811707498,-0.781681415928627,0.890942227712669,-0.111295665674555,-0.41115882216253,0.522454487796666
3.2005,0.0431385684994332,-0.86238604574234,0.819247477364099,-0.0255514126446141,-0.463271232121253,0.488822644791267
3.201,0.194473340403339,-0.921853452387573,0.72738011214709,0.0608226964217495,-0.503977691561567,0.443154995230412
3.2015,0.341020222395319,-0.958621392086233,0.617601169891422,0.14569809002686,-0.532272980404812,0.386574890531509
3.202,0.479171333703965,-0.971787884241683,0.492616550770943,0.22698690504174,-0.547463117333001,0.320476212503999
3.2025,0.60552094198185,-0.961021353198119,0.355500411476466,0.302686023721505,-0.549172582775023,0.246486559320201
3.203,0.71696365784417,-0.926595276052062,0.209631618488656,0.370931858771327,-0.537358927615517,0.166427069158251
3.2035,0.810750208326653,-0.869351356324898,0.0586011482926632,0.430044878287828,-0.512315084724124,0.0822702067900004
3.204,0.884573780416977,-0.790700328569199,-0.0938734515469566,0.478567709965523,-0.47465482791804,-0.00391288166284423
3.2045,0.936617725539858,-0.692582867932892,-0.244034857307148,0.515307541427612,-0.425308041053771,-0.089999499967738
3.205,0.965596248173253,-0.577407369259089,-0.388188878622733,0.539358368682141,-0.365488599273937,-0.173869768990638
3.2055,0.970801507993206,-0.448017885873269,-0.522783621844067,0.550128156293402,-0.296668830105703,-0.253459325768951
3.206,0.952100535338568,-0.307595150226416,-0.644505384858636,0.54735277329808,-0.220545494655516,-0.326807278232944
3.2065,0.909955772423454,-0.159597216718445,-0.750358555480091,0.531098705995185,-0.138990144495497,-0.392108561109283
3.207,0.845406605448771,-0.00767290290705139,-0.837733702350938,0.501768077956539,-0.0540133096624109,-0.447754767932552
3.2075,0.76003789532235,0.144444620583417,-0.904482515753819,0.460081935142746,0.0322935231534546,-0.492375457972357
3.208,0.655957306585918,0.293002049119359,-0.948959355595903,0.407066710596377,0.117806070993993,-0.524872781312231
3.2085,0.535723265053093,0.434345935625457,-0.970069200614444,0.344029005487505,0.200416420013357,-0.544445425275277
3.209,0.402297737328335,0.564996332373817,-0.967294069684892,0.272519144820439,0.278093229281937,-0.5506123739349
3.2095,0.25896821746019,0.681731053559081,-0.940699271049282,0.194299732092124,0.348921682823813,-0.543221414810694
3.21,0.109259201800701,0.781683460569721,-0.890942662446967,0.11129579743865,0.411158395214209,-0.52245419261244
3.2105,-0.0431375268231899,0.862385169481758,-0.81924764277976,0.0255509693713889,0.463272002841712,-0.488822972238501
3.211,-0.194473398361406,0.921852816570412,-0.727379418371861,-0.0608221231033676,0.503976890915324,-0.443154767902551
3.2115,-0.341021163257608,0.958623270727091,-0.61760210766999,-0.145698560986484,0.532273487698828,-0.386574926865902
3.212,-0.479169782027027,0.971785531190004,-0.4926157493962,-0.226986725590982,0.5474631055928,-0.320476380214558
3.2125,-0.605522473296883,0.961023227312378,-0.355500754275693,-0.302685841716845,0.549172098396543,-0.246486256946381
3.213,-0.716962764538918,0.92659463296724,-0.209631868709087,-0.370932325757512,0.537359708510386,-0.166427383066936
3.2135,-0.810750108583205,0.869350519286778,-0.0586004109979907,-0.430044317127922,0.512314324866332,-0.0822700080921148
3.214,-0.884574824607027,0.790702295561282,0.0938725287449225,-0.478568138102636,0.474655260346146,0.00391287737185139
3.2145,-0.936616166139448,0.692580574095424,0.244035591744206,-0.515307417928227,0.42530810776491,0.0899993097572144
3.215,-0.965597689296223,0.577409061726342,0.388188627278451,-0.539358140281725,0.365488064540591,0.173870075323568
3.2155,-0.97080076558266,0.448017472550855,0.522783292755937,-0.550128641481491,0.296669613179486,0.253459027883256
3.216,-0.952100285388268,0.307594128414727,0.644506156720026,-0.547352229236453,0.220544781268292,0.326807447558542
3.2165,-0.909956905536331,0.159599249325866,0.750357655985548,-0.531099088929423,0.138990500961968,0.39210858757705
3.217,-0.845405053770149,0.00767068808229714,0.83773436549707,-0.501768009290624,0.0540134509307521,0.447754557998296
3.2175,-0.760039236007921,-0.144443118661176,0.904482354517149,-0.46008166448227,-0.0322941009707926,0.492375765129218
3.218,-0.65595671602572,-0.293002238180054,0.948958954096401,-0.407067208526862,-0.117805293426997,0.524872501675719
3.2185,-0.535722873537353,-0.434347124651842,0.970069998125089,-0.34402848309366,-0.200417081933824,0.544445564801898
3.219,-0.402298944692804,-0.564994256582365,0.967293201257909,-0.272519480708411,-0.278092949090674,0.55061242963161
3.2195,-0.258966688234448,-0.681733171158463,0.940699859422923,-0.194299716656182,-0.348921471454405,0.543221188005343
3.22,-0.109260433201788,-0.781682155873999,0.890942589152332,-0.11129548889254,-0.411159008727705,0.522454497579826
3.2205,0.0431379660898434,-0.862385141729,0.819247175760349,-0.0255514746871319,-0.463271238095684,0.488822712808215
3.221,0.194473921785706,-0.921854154357453,0.727380232734603,0.06082261965923,-0.503977497078842,0.443154877510206
3.2215,0.341019896425762,-0.95862117367336,0.617601277448107,0.14569827345554,-0.532273283343528,0.386575010041545
3.222,0.479171274896297,-0.971787535048218,0.492616260385146,0.226986689850391,-0.547462829073978,0.320476139436325
3.2225,0.605521358601166,-0.961022124335114,0.355500765994145,0.302686183587741,-0.549172740177904,0.246486556856845
3.223,0.716963054513277,-0.926594397644028,0.209631343411515,0.370931818263553,-0.537358963472418,0.166427145522925
3.2235,0.810750753379417,-0.869351986701319,0.0586012336163203,0.430044784098821,-0.512314871701099,0.082270087955982
3.224,0.884573513056914,-0.790700198465931,-0.0938733142901618,0.478567899716187,-0.474655130670162,-0.00391276866138707
3.2245,0.936617609676759,-0.692582449483502,-0.244035159893439,0.515307333475947,-0.425307771475303,-0.0899995615945416
3.225,0.965596697287624,-0.577408162816966,-0.388188534179227,0.539358510782093,-0.365488727194788,-0.173869783169739
3.2255,0.97080090963122,-0.448017040530973,-0.522783868824378,0.55012813682197,-0.296668894260454,-0.253459242142768
3.226,0.952101040278588,-0.307595705858186,-0.644505334166888,0.547352663317456,-0.220545265925807,-0.32680739698203
3.2265,0.909955563840357,-0.159597172531642,-0.750358391083798,0.53109889996566,-0.138990444132167,-0.392108455443088
3.227,0.845406436015566,-0.0076724221270057,-0.837734013697778,0.501767878961963,-0.0540130606061264,-0.447754817994261
3.2275,0.760038371230583,0.144443813229858,-0.904482184308492,0.460082058833436,0.0322934247351696,-0.492375483244761
3.228,0.655956718791063,0.293002854564995,-0.948959573246684,0.407066711479467,0.117805980334902,-0.524872691536231
3.2285,0.535723726642892,0.434345457034111,-0.970069183612898,0.344028881435642,0.200416661581067,-0.544445542791125
3.229,0.402297587112631,0.564996293771603,-0.967293880866974,0.272519340954629,0.278092935538133,-0.550612276325287
3.2295,0.258967998317558,0.681731589426562,-0.940699587774131,0.194299543614078,0.348921909791566,-0.543221453300401
3.23,0.109259698777682,0.781682647822498,-0.890942346676724,0.111295902282275,0.411158326032013,-0.522454228273869
3.2305,-0.0431380987868964,0.862385928869521,-0.819247830203816,0.0255509897579725,0.463271887654642,-0.488822877438015
3.231,-0.194472982804829,0.921852416472977,-0.727379433831003,-0.0608222594408116,0.503977142446562,-0.443154883096345
3.2315,-0.341021256064684,0.958623153136883,-0.617601897272708,-0.14569836468056,0.53227320245319,-0.386574837926188
3.232,-0.479170046696037,0.971786114667168,-0.492616068204355,-0.226986902159605,0.547463309184755,-0.320476407237889
3.2325,-0.605521960943666,0.96102241727807,-0.3555004565946,-0.302685755957156,0.549172057911409,-0.246486302220936
3.233,-0.71696331577889,0.926595340837672,-0.209632025339547,-0.370932286872418,0.53735957092781,-0.166427284369453
3.2335,-0.810749741185297,0.86935019831522,-0.0586004574243416,-0.430044463920032,0.512314583508954,-0.0822701199426271
3.234,-0.884574861481396,0.790702103392936,0.0938727577876371,-0.47856794353618,0.474654986013713,0.00391295713782786
3.2345,-0.936616471883332,0.692581197552223,0.244035274031291,-0.515307581367706,0.425308286973815,0.0899992939877879
3.235,-0.965597167172818,0.577408262149687,0.3881889047317,-0.539358073647934,0.365488051957452,0.173870021272916
3.2355,-0.970801291609826,0.448018124170158,0.522783167163798,-0.550128585240701,0.29666945546284,0.253459129359112
3.236,-0.952099967719384,0.307593886407367,0.644506081058502,-0.547352384626688,0.220545044219227,0.326807339997841
3.2365,-0.909956888435353,0.159598987530095,0.750357900680341,-0.531098897917659,0.138990239751969,0.392108657775286
3.237,-0.845405395923239,0.00767134381669994,0.837734051915757,-0.501768158559066,0.0540136050275518,0.447754553169938
3.2375,-0.760038709583108,-0.144443900457426,0.904482609888586,-0.460081616829087,-0.0322940866847354,0.492375703189978
3.238,-0.655957212781361,-0.293001646804129,0.948958859476117,-0.407067136194235,-0.117805468914581,0.524872604830676
3.2385,-0.535722606620501,-0.434347288615915,0.970069895172311,-0.34402864521892,-0.200416817403419,0.544445462396754
3.239,-0.402298876016366,-0.564994582584397,0.967293458583503,-0.272519294956954,-0.278093195187735,0.550612489977213
3.2395,-0.25896706197103,-0.681732490842785,0.940699552843826,-0.194299850892272,-0.348921342925013,0.543221193712041
3.24,-0.109259907759722,-0.78168291304264,0.890942820878906,-0.111295459896584,-0.411158968823124,0.52245442867929
3.2405,0.0431375022125335,-0.862384613839132,0.819247111747791,-0.0255513876302992,-0.463271428916513,0.488822816572212
3.241,0.194474137462137,-0.921854241918025,0.727380104618744,0.0608224526502564,-0.503977233600185,0.443154781040523
3.2415,0.34102001387684,-0.958621558062089,0.617601544385758,0.145698452362694,-0.532273512566118,0.386575060356982
3.242,0.479170874508552,-0.971786837767476,0.492615963492148,0.226986571326509,-0.547462726300456,0.320476155186686
3.2425,0.605521878004575,-0.961022850551223,0.355500972806846,0.302686194417433,-0.549172676102197,0.246486481951447
3.243,0.716962626652912,-0.926593935732888,0.209631309360741,0.370931918590745,-0.537359167140967,0.166427248864282
3.2435,0.810750917844264,-0.86935200017139,0.0586010826215442,0.430044614028191,-0.512314611786301,0.0822699981118133
3.244,0.884573676124644,-0.790700635096337,-0.0938730407274852,0.478568070326989,-0.474655341493337,-0.00391272844901313
3.2445,0.936617187624537,-0.692581742703227,-0.244035444621493,0.515307231163589,-0.425307694388494,-0.0899995363689933
3.245,0.965597205864296,-0.577408852317636,-0.388188353255229,0.53935850409237,-0.365488640569896,-0.173869863104908
3.2455,0.970800520447158,-0.448016646348097,-0.522783873823193,0.550128248897132,-0.296669108269455,-0.253459140208928
3.246,0.952101154056228,-0.307595648173671,-0.644505505629043,0.547352491961512,-0.220545011948436,-0.326807479603456
3.2465,0.909955769054991,-0.159597655006318,-0.750358113823756,0.531099060968632,-0.138990635272567,-0.392108425305661
3.247,0.845405997289297,-0.00767171309588049,-0.837734284002634,0.501767793182533,-0.0540130088905804,-0.447754783930376
3.2475,0.760038864495632,0.144443165612888,-0.904482029956572,0.460082035414306,0.0322935321357177,-0.49237556722618
3.248,0.655956370457448,0.293003179999424,-0.9489595503475,0.40706683372927,0.117805758489241,-0.524872591940372
3.2485,0.535723790727644,0.434345582368639,-0.970069373032177,0.34402871050967,0.200416907403274,-0.544445617687359
3.249,0.402297830739226,0.56499577202995,-0.967293602751915,0.272519491185767,0.278092765119839,-0.55061225613813
3.2495,0.25896754786285,0.681732293738045,-0.940699841630906,0.194299474515314,0.348921936684332,-0.543221411094402
3.25,0.109260172580365,0.781682046637319,-0.890942219294229,0.111295863053317,0.411158452306579,-0.522454315319477
3.2505,-0.0431384045821406,0.862386185244379,-0.81924778078343,0.0255511205755156,0.463271660448496,-0.488822781049411
3.251,-0.194472966977796,0.92185260544182,-0.727379638626878,-0.0608224282966922,0.503977378066762,-0.443154949860664
3.2515,-0.341020977979066,0.958622598814189,-0.617601621035631,-0.1456982262326,0.532273053552316,-0.386574827473273
3.252,-0.479170504024512,0.9717868076228,-0.492616303831512,-0.226986954597877,0.547463312021294,-0.320476357636156
3.2525,-0.605521510393515,0.96102186643416,-0.355500356300843,-0.302685809961075,0.54917220105399,-0.246486391359599
3.253,-0.716963577830309,0.926595528524562,-0.209631950975017,-0.370932149110629,0.537359340786859,-0.16642719199029
3.2535,-0.810749771772138,0.869350446451659,-0.0586006749739381,-0.430044629153663,0.512314807063977,-0.0822701782640183
3.254,-0.884574553060321,0.790701523214435,0.0938730295450645,-0.47856781772659,0.474654859183944,0.00391295815800673
3.2545,-0.936616931365158,0.69258187290061,0.244035058164731,-0.515307617326423,0.425308266722289,0.089999350198032
3.255,-0.965596743282954,0.577407764906421,0.388188978085101,-0.539358141291468,0.365488209881461,0.17386993099244
3.2555,-0.970801509186157,0.448018244191552,0.522783264718735,-0.550128442158322,0.296669224740834,0.25345921699874
3.256,-0.95210004250237,0.307594188855653,0.644505853393202,-0.547352544785289,0.220545254040045,0.326807290335624
3.2565,-0.90995655392596,0.159598388193455,0.750358165507588,-0.531098785443648,0.138990135309994,0.39210864974325
3.257,-0.845405853012492,0.00767199573597637,0.837733857085735,-0.501768178371525,0.0540135628399973,0.447754615169952
3.2575,-0.760038315361644,-0.144444341495482,0.904482656705178,-0.460081696891582,-0.0322939161228965,0.492375612690634
3.258,-0.655957385613,-0.293001592811752,0.948958978315378,-0.407066989399327,-0.117805697955677,0.524872687076865
3.2585,-0.535722723045007,-0.434346937037356,0.970069660018258,-0.344028798959068,-0.200416622783534,0.544445421517016
3.259,-0.402298519743051,-0.56499519447289,0.967293714198681,-0.272519196357524,-0.278093277155489,0.550612473345537
3.2595,-0.258967512333146,-0.681731867706269,0.940699380069426,-0.194299855034584,-0.348921405731471,0.543221260660812
3.26,-0.109259545802495,-0.781683295923892,0.890942841802931,-0.11129555108745,-0.411158787800915,0.522454338847946
3.2605,0.0431373739500268,-0.862384623666566,0.819247249837731,-0.0255512387003782,-0.463271654124659,0.488822892850437
3.261,0.194473982248906,-0.92185384665285,0.7273798645668,0.0608223065541266,-0.503977055439813,0.44315474897628
3.2615,0.341020387557564,-0.958622176047838,0.617601788690783,0.145698536705429,-0.532273572194793,0.386575035642922
3.262,0.479170434963481,-0.971786248266601,0.492615813536344,0.226986582245943,-0.547462808263213,0.32047622623001
3.2625,0.605522205522119,-0.961023173968952,0.355500968707032,0.302686093443311,-0.549172486808412,0.246486393631784
3.263,0.71696254235894,-0.926594006643341,0.209631464565165,0.37093206812275,-0.537359386490374,0.166427318681685
3.2635,0.810750726953265,-0.869351566861687,0.0586008402028404,0.430044476676774,-0.512314451132278,0.082269974809208
3.264,0.884574062867731,-0.79070125293275,-0.0938728096341595,0.478568140185013,-0.47465537912916,-0.00391276067121408
3.2645,0.936616762712219,-0.692581191163766,-0.244035571248635,0.515307256415455,-0.425307793919671,-0.0899994620896813
3.265,0.965597497190804,-0.577409115595978,-0.388188381303394,0.539358394719327,-0.365488445182971,-0.173869949118789
3.2655,0.970800479119504,-0.448016775125566,-0.522783703718069,0.550128397555896,-0.296669319875008,-0.25345907726214
3.266,0.952100930815716,-0.307595182597025,-0.644505747965176,0.547352364325124,-0.220544869634466,-0.326807494281039
3.2665,0.909956164568537,-0.159598266706799,-0.75035789763682,0.531099116263865,-0.138990651460759,-0.392108464412702
3.267,0.845405590525576,-0.00767120329634996,-0.837734387038444,0.501767831928685,-0.0540131242976159,-0.447754707269493
3.2675,0.760039118303276,0.144442962538489,-0.904482080689817,0.460081919050846,0.032293731468412,-0.492375650195414
3.268,0.655956370718619,0.293002996999118,-0.948959367608365,0.407066980109003,0.117805556359522,-0.524872536190386
3.2685,0.535723538641897,0.434346074360799,-0.970069612938591,0.344028593424235,0.200417030755886,-0.544445623954536
3.269,0.402298230823894,0.564995172144698,-0.967293402951331,0.272519531984613,0.27809276964859,-0.550612301465727
3.2695,0.258967162442018,0.681732758580378,-0.940699921052408,0.194299525821408,0.348921807177937,-0.543221332894102
3.27,0.109260387960196,0.781681903244799,-0.890942291281539,0.111295741117451,0.411158653488278,-0.52245439456531
3.2705,-0.04313836445602,0.862385952040527,-0.819247587705698,0.0255512633507191,0.46327146936299,-0.488822732739109
3.271,-0.194473244269751,0.92185311798403,-0.727379873877134,-0.060822534132188,0.503977482046343,-0.44315494800475
3.2715,-0.341020577393141,0.958622016073799,-0.617601438881167,-0.145698199725876,0.532273077896618,-0.3865748783243
3.272,-0.479170865247392,0.9717872248599,-0.492616359845733,-0.226986891749341,0.547463170255267,-0.320476278718666
3.2725,-0.605521333940091,0.961021781644164,-0.355500447964271,-0.302685936055976,0.549172402056779,-0.246486466267486
3.273,-0.716963499878438,0.926595249457054,-0.20963174985938,-0.370932011175631,0.537359162141909,-0.166427151280339
3.2735,-0.810750070537402,0.869350973721901,-0.0586009034789164,-0.430044723178286,0.512314891463806,-0.0822701686392258
3.274,-0.884574155879417,0.790700962561649,0.0938731930169462,-0.478567805177548,0.474654902287512,0.00391290250539764
3.2745,-0.936617265887903,0.692582240455794,0.244035025132291,-0.515307544022788,0.425308114579129,0.0899994290375567
3.275,-0.965596605856321,0.577407737115852,0.388188868449039,-0.539358270150191,0.365488408763094,0.173869860969531
3.2755,-0.970801395730228,0.44801792386551,0.52278347158885,-0.550128310201113,0.29666905975432,0.253459250028044
3.276,-0.952100358954263,0.307594725130019,0.64450563357073,-0.547352626575882,0.220545318851874,0.326807307314389
3.2765,-0.909956163861648,0.159597854152197,0.750358309484534,-0.531098786396308,0.1389901959783,0.392108590027603
3.277,-0.845406158695465,0.00767231210040921,0.837733846404274,-0.501768095756539,0.054013402224938,0.447754693170025
3.2775,-0.76003821667949,-0.144444314376247,0.904482530903788,-0.460081827149854,-0.0322937212037024,0.492375548029711
3.278,-0.655957239222989,-0.293001949581616,0.948959188695231,-0.407066864452423,-0.117805848248766,0.524872712423049
3.2785,-0.535723053382026,-0.4343463973332,0.970069450651121,-0.344028868228653,-0.200416577377619,0.544445445380688
3.279,-0.402298140284254,-0.564995697824063,0.967293838091057,-0.272519210243817,-0.278093200237898,0.550612410314238
3.2795,-0.258967787405003,-0.68173160348244,0.940699390917454,-0.194299764294975,-0.348921572909876,0.543221337099608
3.28,-0.109259485218383,-0.78168321643059,0.890942701725516,-0.111295681423888,-0.411158598570798,0.522454279954266
3.2805,0.0431375504910677,-0.862385011911328,0.819247461541452,-0.0255511216855635,-0.46327178887469,0.488822910585654
3.281,0.194473641805603,-0.921853308895785,0.727379667253037,0.0608222499591975,-0.50397702907703,0.443154779208427
3.2815,0.341020753169197,-0.958622645096858,0.61760189212817,0.145698510555512,-0.532273480446539,0.386574970044585
3.282,0.479170191903854,-0.971786036588173,0.492615844917544,0.226986679893762,-0.547462980111744,0.320476300430721
3.2825,0.605522228997406,-0.961023045040374,0.355500816303165,0.302685964296156,-0.549172304867364,0.246486340837891
3.283,0.716962746090692,-0.926594421294444,0.209631675484516,0.370932176398781,-0.537359505033644,0.166427328948924
3.2835,0.810750380124142,-0.869351036187163,0.058600656357438,0.430044432780853,-0.51231444328015,0.0822700108530015
3.284,0.884574411659035,-0.790701684549772,-0.0938727268084416,0.478568102532703,-0.474655274054001,-0.00391282809406281
3.2845,0.936616552697436,-0.69258103190911,-0.244035520488508,0.515307359738411,-0.425307968578168,-0.08999939075414
3.285,0.965597484865481,-0.577408940528784,-0.388188544045266,0.539358267964909,-0.365488271994059,-0.173869995553283
3.2855,0.970800706940437,-0.448017211068106,-0.522783495596462,0.550128496404602,-0.296669421732481,-0.253459074253372
3.286,0.952100581229191,-0.30759466385924,-0.644505917116437,0.547352333028379,-0.220544879603009,-0.326807453015751
3.2865,0.909956493852553,-0.159598658254593,-0.750357835373043,0.531099067950452,-0.138990534629477,-0.392108532930571
3.287,0.845405414224991,-0.00767109584038025,-0.837734318193828,0.501767939689692,-0.054013299955655,-0.447754639372461
3.2875,0.760039071778665,0.144443180136559,-0.904482251763275,0.460081795819601,0.0322938945875676,-0.492375690083324
3.288,0.655956619421917,0.29300254487486,-0.948959164187404,0.407067068961782,0.117805471485206,-0.524872540168848
3.2885,0.535723189802954,0.434346576624342,-0.970069766363191,0.344028574508759,0.200417003800952,-0.544445578084127
3.289,0.402298538214091,0.564994822805549,-0.967293361002381,0.272519473919977,0.278092896616195,-0.550612370368696
3.2895,0.258967020170263,0.681732815339303,-0.940699835539577,0.194299636791538,0.348921632265542,-0.543221268951836
3.29,0.10926030910306,0.781682159502792,-0.890942468682395,0.111295622458853,0.411158805372266,-0.522454427790699
3.2905,-0.043138098146995,0.862385488789737,-0.819247390763933,0.0255513417594577,0.463271401592156,-0.488822743377014
3.291,-0.194473589008452,0.921853599583429,-0.727380010737832,-0.0608225409953774,0.503977439069531,-0.443154898164748
3.2915,-0.341020293972156,0.958621710584758,-0.617601416813111,-0.145698266574931,0.532273213349471,-0.386574946928098
3.292,-0.47917097351877,0.971787232469565,-0.49261625918402,-0.226986778779281,0.547462997754239,-0.320476219187697
3.2925,-0.605521443026642,0.961022072476361,-0.355500629709917,-0.302686049180245,0.549172541697401,-0.246486492783839
3.293,-0.716963219275475,0.92659478003361,-0.209631561038899,-0.370931943539193,0.537359111424003,-0.166427168198871
3.2935,-0.810750408001731,0.8693514308411,-0.0586010231337877,-0.430044718421456,0.512314833545111,-0.0822701154773595
3.294,-0.884573898184646,0.790700702070908,0.0938731958129174,-0.47856787979903,0.474655044560572,0.00391283485381982
3.2945,-0.936617340515974,0.692582200876654,0.244035139339502,-0.515307430231341,0.425307946062856,0.0899994837623833
3.295,-0.965596742863006,0.57740805827028,0.388188684301295,-0.539358376871931,0.365488535312636,0.173869841141729
3.2955,-0.97080110414669,0.448017453078124,0.522783650792696,-0.550128253547162,0.296669025875474,0.253459227252941
3.296,-0.952100686172028,0.307595154348363,0.644505531570151,-0.54735261072612,0.220545247171522,0.326807363144979
3.2965,-0.909955933327836,0.159597639323957,0.750358293778962,-0.53109886774472,0.138990343409288,0.392108523945028
3.297,-0.845406200348845,0.00767222766948826,0.837733972488575,-0.501767982281436,0.0540132391630371,0.447754742756823
3.2975,-0.760038379121796,-0.144443967269684,0.904482346239532,-0.460081926698902,-0.0322936084308892,0.492375534805947
3.298,-0.655956939941603,-0.293002417110032,0.948959356942261,-0.407066818875922,-0.117805865656901,0.524872684254684
3.2985,-0.535723367603442,-0.434345999024162,0.970069366563498,-0.344028841898828,-0.200416661554766,0.544445503228009
3.299,-0.402297938023313,-0.564995866795998,0.967293804802051,-0.272519297251684,-0.278093049292492,0.5506123463767
3.2995,-0.258967797044474,-0.681731730089801,0.940699527164287,-0.194299652223787,-0.348921729161521,0.543221381280065
3.3,-0.109259670467913,-0.781682847812841,0.890942518357298,-0.111295773131531,-0.411158500098354,0.522454273189467
3.3005,0.0431378542487742,-0.862385471780814,0.819247617653232,-0.025551087170097,-0.463271790324977,0.488822877520475
3.301,0.194473343090455,-0.921852944080179,0.72737960115258,0.0608222860799337,-0.50397712441725,0.443154838427911
3.3015,0.341020926365614,-0.958622768471495,0.617601842306389,0.145698418966373,-0.532273327596287,0.386574908783472
3.302,0.479170213046747,-0.971786202398268,0.492615989584745,0.226986789532095,-0.547463128319424,0.320476339000069
3.3025,0.605522023681482,-0.961022659377228,0.355500635955945,0.302685880994895,-0.54917222105855,0.246486340330339
3.303,0.716963051193113,-0.926594869361441,0.209631818449092,0.370932199976237,-0.537359491172503,0.166427291510326
3.3035,0.810750099170886,-0.869350707017285,0.0586006081408166,0.430044477936902,-0.512314548396645,0.0822700708134482
3.304,0.884574555313956,-0.790701763017673,-0.0938727919954616,0.478568007440289,-0.474655120860334,-0.00391288619531631
3.3045,0.936616603143549,-0.692581233691061,-0.24403536915267,0.515307465981132,-0.425308107637262,-0.0899993579377674
3.305,0.965597262305186,-0.577408542266529,-0.388188719747226,0.539358193530084,-0.365488203054869,-0.173869990057649
3.3055,0.970801010372539,-0.448017643475035,-0.522783366621635,0.550128509268075,-0.296669393328093,-0.253459115521234
3.306,0.95210032002781,-0.307594372052551,-0.644505947721744,0.547352386407775,-0.220544993071554,-0.326807392926602
3.3065,0.909956607795287,-0.159598692913319,-0.750357914657051,0.531098970422123,-0.138990382592528,-0.39210858743919
3.307,0.84540549227217,-0.00767133014812302,-0.837734161933266,0.501768041646831,-0.0540134288959975,-0.447754612389258
3.3075,0.760038834846486,0.144443586613461,-0.904482421307999,0.460081730606225,0.0322939486038984,-0.492375678886279
3.308,0.655956918309656,0.293002131674021,-0.948959049874303,0.407067071429947,0.117805513555392,-0.524872584707201
3.3085,0.535722950069482,0.434346829783872,-0.970069779789248,0.344028635253383,0.200416883426647,-0.544445518454446
3.309,0.402298622569212,0.564994830478935,-0.967293453030886,0.272519375002541,0.278093046069601,-0.550612420904666
3.3095,0.258967123919085,0.681732552124693,-0.94069967607379,0.194299733651527,0.348921514275813,-0.543221247822097
3.31,0.109260060691996,0.78168256991167,-0.890942630680209,0.111295566717799,0.411158844559448,-0.522454411236828
3.3105,-0.0431378065146266,0.862385098007946,-0.819247291614511,0.0255513342386324,0.463271456354454,-0.488822790618487
3.311,-0.194473805837239,0.921853813239835,-0.727380007565452,-0.0608224737795683,0.503977313242876,-0.443154839553902
3.3115,-0.341020238798244,0.958621758763719,-0.617601520165984,-0.145698365864518,0.532273358876625,-0.386574993165665
3.312,-0.479170846138407,0.97178694409761,-0.492616098192427,-0.226986687744978,0.547462891406338,-0.3204762038741
3.3125,-0.605521700031995,0.961022482673662,-0.355500782901865,-0.302686095300365,0.549172566289106,-0.246486471255425
3.313,-0.716962937426903,0.926594414533389,-0.20963147738725,-0.37093196056262,0.537359177821919,-0.16642721757336
3.3135,-0.810750600770689,0.869351604557014,-0.0586010040807431,-0.430044645654269,0.512314703712248,-0.0822700584116829
3.314,-0.884573871519315,0.790700788611622,0.0938730826068717,-0.478567978482293,0.47465518491242,0.0039127931852337
3.3145,-0.936617191717709,0.692581891185702,0.244035300232189,-0.515307345664599,0.425307851906467,0.0899994933520301
3.315,-0.965597005614079,0.577408464286003,0.388188541036644,-0.539358413321975,0.365488545674434,0.173869867229975
3.3155,-0.970800834410792,0.448017115358293,0.522783718776629,-0.550128279514763,0.296669102783381,0.253459176312634
3.316,-0.952100854007197,0.307595288091924,0.64450556566176,-0.547352533343138,0.220545114757594,0.326807418175924
3.3165,-0.90995593424977,0.159597761799236,0.750358172225617,-0.531098964889564,0.138990477438676,0.392108487060484
3.317,-0.845406032462442,0.00767190054580694,0.837734131725854,-0.501767904734831,0.0540131576068411,0.447754746766414
3.3175,-0.760038644832192,-0.144443569200662,0.904482213880905,-0.460081953525558,-0.0322936118105352,0.492375565012249
3.318,-0.655956684433377,-0.293002724923536,0.948959409247539,-0.407066853165626,-0.117805779419983,0.52487263230747
3.3185,-0.535723509908882,-0.434345904895782,0.970069414740558,-0.344028760841681,-0.200416795158565,0.544445555774661
3.319,-0.402297965381747,-0.56499571106143,0.967293676425917,-0.272519391979516,-0.278092922623915,0.550612314435956
3.3195,-0.258967612488417,-0.681732070751704,0.940699683270133,-0.194299582158932,-0.348921797847977,0.543221379901665
3.32,-0.109259936437857,-0.781682461222728,0.890942397737129,-0.111295790472898,-0.411158516617911,0.522454307050391
3.3205,0.0431380936398724,-0.862385747940126,0.819247654421445,-0.0255511291048576,-0.463271695981638,0.488822825111895
3.321,0.194473226638388,-0.921852888840333,0.727379662364799,0.0608223698729491,-0.503977257865766,0.443154888083411
3.3215,0.34102087393024,-0.958622582364791,0.617601708635059,0.145698327474337,-0.532273209212498,0.386574881891718
3.322,0.479170411792387,-0.971786552733761,0.492616141174599,0.226986851745263,-0.547463184002579,0.320476332470055
3.3225,0.60552176004254,-0.961022287540696,0.355500527758354,0.302685872914429,-0.54917225001393,0.246486377366184
3.323,0.716963272812161,-0.926595112498072,0.209631839966675,0.370932151119596,-0.537359389973357,0.166427239167822
3.3235,0.810750008631675,-0.869350689592201,0.0586006812549422,0.430044563539789,-0.512314680401905,0.0822701172158203
3.324,0.884574479348168,-0.790701549601086,-0.0938729294462602,0.47856791993756,-0.474655011566706,-0.00391290798621508
3.3245,0.936616813563715,-0.692581589901639,-0.244035223362258,0.515307520064148,-0.42530815031521,-0.0899993693428348
3.325,0.965597003457964,-0.577408188179604,-0.388188814986928,0.539358194405594,-0.365488243650503,-0.173869950337525
3.3255,0.970801212805493,-0.448017852597446,-0.522783359932179,0.550128454249936,-0.296669286538492,-0.253459167292696
3.326,0.952100255207131,-0.307594391046112,-0.644505863907505,0.54735247291531,-0.220545122412892,-0.326807350092799
3.3265,0.909956510009837,-0.159598455387251,-0.75035805439767,0.531098887592327,-0.138990283072931,-0.392108604128992
3.327,0.845405711842663,-0.00767168853551102,-0.837734023116369,0.501768087411613,-0.0540134586930595,-0.447754628356977
3.3275,0.760038583103377,0.144443920250916,-0.904482503202344,0.460081740058534,0.0322938972435572,-0.492375636978246
3.328,0.655957100387098,0.293001957186406,-0.94895905746413,0.407067011038988,0.117805624668243,-0.524872635429092
3.3285,0.535722910531592,0.434346776063248,-0.970069686530734,0.344028721789032,0.200416757893533,-0.54444547945698
3.329,0.402298504815686,0.564995088812691,-0.967293593611117,0.272519297455688,0.278093135254407,-0.550612432542619
3.3295,0.258967350131428,0.681732195126812,-0.940699545288251,0.194299770998461,0.348921497115524,-0.543221268008742
3.33,0.109259818200775,0.781682880709893,-0.890942698987212,0.111295584300233,0.411158783378122,-0.522454367637936
3.3305,-0.0431376457162751,0.862384958414072,-0.819247312818989,0.0255512692830003,0.463271570533865,-0.488822839842266
3.331,-0.194473820755279,0.921853726750554,-0.727379906158131,-0.0608223880563323,0.503977192577989,-0.443154804612251
3.3315,-0.341020374551212,0.958622034538205,-0.617601660187502,-0.145698437594914,0.532273437289334,-0.386574999847978
3.332,-0.479170615753292,0.971786591894469,-0.492615976374401,-0.226986658829732,0.54746288652624,-0.320476227909248
3.3325,-0.605521931302185,0.961022768563334,-0.355500837521347,-0.302686070094849,0.549172496286716,-0.24648642645855
3.333,-0.716962798586593,0.926594309743028,-0.2096315114372,-0.37093202926395,0.53735929383347,-0.166427264883581
3.3335,-0.810750591943185,0.869351487494267,-0.0586008958455006,-0.430044561541303,0.512314588884498,-0.0822700276968994
3.334,-0.884574023209983,0.790701078430066,0.093872944479095,-0.478568043941214,0.474655252238311,0.00391279131826445
3.3345,-0.936616959567178,0.692581546995086,0.244035412272276,-0.515307325112524,0.425307858845624,0.089999465860798
3.335,-0.965597223884441,0.577408723525056,0.388188500067953,-0.539358381053378,0.365488467895075,0.173869912740736
3.3355,-0.970800717966388,0.448017044947373,0.522783672743146,-0.550128351140382,0.296669219425973,0.253459131295661
3.336,-0.952100822502589,0.307595142856597,0.644505679392478,-0.547352451589657,0.22054500663917,0.326807444540867
3.3365,-0.909956099747145,0.159598062269238,0.750358037252989,-0.531099023701657,0.13899053348359,0.392108489827663
3.337,-0.845405800871337,0.00767156737459735,0.837734233305957,-0.501767892399127,0.0540131758087526,0.447754716228799
3.3375,-0.76003884852364,-0.144443338023692,0.904482186395383,-0.46008191479921,-0.0322936962905467,0.492375610765912
3.338,-0.65595659058739,-0.293002761695006,0.948959352173024,-0.407066926899758,-0.117805663303857,0.524872589925476
3.3385,-0.535723456971345,-0.434346075728912,0.970069532636151,-0.344028682143005,-0.200416895796651,0.544445577714071
3.339,-0.402298142509113,-0.564995403295178,0.967293545787031,-0.272519443849436,-0.278092877936677,0.550612321618637
3.3395,-0.258967383679929,-0.68173239012796,0.9406997738379,-0.194299577819179,-0.348921769026022,0.543221346739957
3.34,-0.109260124178077,-0.781682259188694,0.890942383443315,-0.111295745931714,-0.411158606701815,0.52245435259311
3.3405,0.0431381649125095,-0.862385752107798,0.81924758731648,-0.0255512041450392,-0.46327158149647,0.488822785666909
3.341,0.19447329960828,-0.92185308255477,0.727379783109345,0.0608224448799095,-0.50397735035697,0.443154905567655
3.3415,0.341020687372311,-0.958622270589493,0.617601583417691,0.145698282762377,-0.532273175846297,0.386574893237477
3.342,0.479170635714075,-0.971786855788201,0.492616220307351,0.22698684837792,-0.547463145279701,0.320476297114521
3.3425,0.605521589414341,-0.961022115403037,0.355500526248894,0.302685922597745,-0.549172344596004,0.246486422264942
3.343,0.716963321754431,-0.926595085370976,0.20963176389731,0.370932075555283,-0.537359278162105,0.166427202920883
3.3435,0.810750100097013,-0.869350903361941,0.0586008035593454,0.430044634280293,-0.512314764186294,0.0822701302597045
3.344,0.884574285559541,-0.790701237006776,-0.093873048251944,0.478567882520984,-0.474654989376609,-0.00391289275973631
3.3445,0.936617030628909,-0.692581874370304,-0.244035155958787,0.515307509341363,-0.425308102476802,-0.0899994064584586
3.345,0.965596850888559,-0.577408046370595,-0.388188804226532,0.5393582485363,-0.365488341627159,-0.173869906491575
3.3455,0.970801239866917,-0.448017795733979,-0.522783443857069,0.55012837891613,-0.296669178375011,-0.25345920012237
3.346,0.952100363515217,-0.307594621967591,-0.644505741294111,0.54735253887979,-0.22054519703816,-0.32680734143201
3.3465,0.909956311169466,-0.159598145039873,-0.750358165904676,0.531098857532109,-0.138990271811599,-0.392108585330106
3.347,0.845405920229701,-0.00767195242841927,-0.837733967610499,0.501768069741832,-0.0540134025804221,-0.447754666799834
3.3475,0.760038449325185,0.14444403161107,-0.904482480784307,0.460081797927509,0.0322937969631544,-0.492375594566819
3.348,0.655957106210829,0.293002042003914,-0.948959148105369,0.407066936656858,0.117805728285788,-0.524872664664507
3.3485,0.535723033934766,0.434346530939782,-0.970069564810442,0.344028782535333,0.200416692772131,-0.54444547508188
3.349,0.402298303061334,0.564995393995885,-0.967293697039959,0.272519274738924,0.278093135930079,-0.550612410501527
3.3495,0.25896754817822,0.681731953517701,-0.940699501725932,0.194299746840607,0.348921560615653,-0.543221307351017
3.35,0.109259703733634,0.781682961801305,-0.890942665611483,0.111295645191445,0.411158681862005,-0.522454327013032
3.3505,-0.0431376603077072,0.86238506920592,-0.819247409019405,0.0255511965346352,0.463271668788578,-0.488822865348613
3.351,-0.194473684078759,0.921853470390518,-0.727379786474615,-0.0608223329014469,0.503977137198746,-0.443154804387893
3.3515,-0.341020577141996,0.958622331810798,-0.617601754869311,-0.145698453051822,0.532273427810927,-0.386574974912663
3.352,-0.479170429539747,0.971786373990355,-0.492615944683832,-0.226986688972798,0.547462956492169,-0.32047626773211
3.3525,-0.605522026147262,0.961022819852257,-0.355500793965194,-0.302686006897111,0.549172394570699,-0.246486387940271
3.353,-0.716962832606683,0.926594444359512,-0.209631612033594,-0.37093209974054,0.537359385994283,-0.166427286567803
3.3535,-0.810750443868406,0.869351222849334,-0.0586007792753454,-0.430044512281389,0.512314543381348,-0.0822700314536624
3.354,-0.884574224637525,0.790701365236042,0.0938728591006623,-0.478568052288822,0.474655233118035,0.00391281878614733
3.3545,-0.936616786503308,0.692581353928418,0.244035432275073,-0.515307360700703,0.425307934331093,0.0899994259635068
3.355,-0.965597298999641,0.577408745747518,0.38818855296069,-0.539358316257574,0.365488366974038,0.173869948865969
3.3555,-0.970800770281011,0.448017201096673,0.522783568908468,-0.550128418755629,0.296669304851183,0.253459113485697
3.356,-0.952100664937589,0.307594872836628,0.644505791847446,-0.547352408458528,0.220544971044709,0.326807437004199
3.3565,-0.909956298105822,0.159598336259898,0.750357961621008,-0.531099025153246,0.138990505305978,0.392108519456864
3.357,-0.845405642091537,0.00767139999003909,0.837734241910716,-0.501767932861855,0.0540132558531311,0.447754676647148
3.3575,-0.760038903996984,-0.144443343880194,0.90448224772523,-0.460081849099978,-0.0322937954706122,0.492375644246746
3.358,-0.655956659931913,-0.293002586418711,0.94895924624125,-0.407066991116248,-0.117805585164057,0.524872576002166
3.3585,-0.535723291837241,-0.434346348282354,0.970069640055489,-0.344028645305348,-0.200416921547286,0.544445566627049
3.359,-0.402298336001939,-0.564995144247021,0.967293480231701,-0.27251943867635,-0.278092914523436,0.55061235303231
3.3595,-0.258967240133091,-0.681732531269813,0.940699771432916,-0.194299622562227,-0.348921685387825,0.543221307844809
3.36,-0.109260160284462,-0.781682291905179,0.890942452266186,-0.111295680003704,-0.411158703250958,0.522454383214243
3.3605,0.0431380799155625,-0.862385560196278,0.819247480401907,-0.0255512644805703,-0.463271511098467,0.488822775604438
3.361,0.194473470396469,-0.921853354893162,0.727379884659548,0.0608224753272679,-0.503977366421439,0.443154891184766
3.3615,0.341020500420746,-0.958622028378044,0.617601528157807,0.14569829423577,-0.532273220139274,0.386574926057061
3.362,0.479170763266086,-0.971786970404501,0.49261620737164,0.226986799965702,-0.547463059007692,0.32047625925473
3.3625,0.605521572223544,-0.961022173550446,0.3555006015871,0.302685988105588,-0.549172437686627,0.246486449847723
3.363,0.716963222577344,-0.926594879374223,0.209631657077644,0.370932019525311,-0.537359215868304,0.166427196657054
3.3635,0.810750274648687,-0.869351172852606,0.0586008984983363,0.430044658306516,-0.512314770809684,0.0822701128568715
3.364,0.884574106691858,-0.79070101328453,-0.0938730931065068,0.478567899922628,-0.474655040627222,-0.00391285891076758
3.3645,0.936617141610904,-0.692581962447194,-0.244035178863893,0.51530745788142,-0.425308014516798,-0.0899994429585199
3.365,0.965596851997187,-0.577408128332347,-0.388188723373409,0.539358313005965,-0.365488430499466,-0.173869882088934
3.3655,0.970801128058579,-0.448017578233066,-0.522783549549644,0.550128327556982,-0.29666912445421,-0.253459202684025
3.366,0.952100539981522,-0.307594886114438,-0.64450565361357,0.547352556517599,-0.220545194546988,-0.326807361560992
3.3665,0.909956141786024,-0.159597941211592,-0.750358200349516,0.531098880447849,-0.138990329234765,-0.39210855082268
3.367,0.845406014251023,-0.00767201421004133,-0.837733999850199,0.50176801585945,-0.0540133138554668,-0.447754701642408
3.3675,0.76003846796508,0.144443927615638,-0.90448239542877,0.460081860776635,0.0322937129965979,-0.492375573449388
3.368,0.65595698337854,0.29300226842316,-0.948959251692327,0.407066890273375,0.117805773657134,-0.524872663652371
3.3685,0.535723210524801,0.434346274477699,-0.970069484938395,0.344028793878062,0.200416703976455,-0.544445497628933
3.369,0.40229814441254,0.564995576776547,-0.967293721171828,0.272519302718259,0.278093073146824,-0.550612375697607
3.3695,0.258967625028893,0.681731917542256,-0.94069954260116,0.194299691158688,0.3489216492133,-0.543221340266745
3.37,0.109259738998386,0.781682837692872,-0.890942576767802,0.111295705877492,0.411158603412596,-0.52245430924967
3.3705,-0.0431377925162458,0.862385301978194,-0.81924750958314,0.0255511553707787,0.463271705524242,-0.488822860920421
3.371,-0.19447350908297,0.921853223782716,-0.727379714862601,-0.0608223277032676,0.50397715664691,-0.443154829034237
3.3715,-0.34102072396161,0.958622492642088,-0.617601768880987,-0.145698420489859,0.532273360498407,-0.386574940162106
3.372,-0.479170369894462,0.971786363101931,-0.492615993440693,-0.226986745839679,0.547463044108414,-0.320476298481475
3.3725,-0.605521975287801,0.961022677667095,-0.355500702639492,-0.302685948873246,0.549172322171014,-0.246486373564452
3.373,-0.716962972521019,0.926594680964063,-0.209631708723808,-0.370932135501534,0.537359414095369,-0.166427278907896
3.3735,-0.810750272098273,0.869350988079949,-0.0586007162760934,-0.43004451302386,0.512314570543504,-0.0822700578733484
3.374,-0.88457435869347,0.790701503466432,0.093872854926216,-0.478568015649744,0.47465516211662,0.00391285314848446
3.3745,-0.936616743929824,0.692581367194287,0.244035376435719,-0.515307418151913,0.425308020156712,0.089999397589098
3.375,-0.965597233684248,0.577408587612957,0.388188645779861,-0.539358261348513,0.365488301075932,0.173869959855014
3.3755,-0.970800916225089,0.44801743907991,0.522783476869311,-0.550128448990514,0.296669324402504,0.253459124169262
3.376,-0.952100497925707,0.307594651692848,0.644505845979345,-0.547352414888566,0.220545005338117,0.326807409140829
3.3765,-0.909956418626089,0.159598451484047,0.750357966917124,-0.531098984961188,0.138990431457036,0.392108553113748
3.377,-0.845405616296206,0.00767143628179432,0.83773417982363,-0.501767990315954,0.0540133391297604,0.447754650824617
3.3775,-0.760038825457518,-0.144443515770173,0.904482341075742,-0.460081797709398,-0.0322938544970501,0.492375651882603
3.378,-0.655956810240565,-0.293002349422197,0.948959159553389,-0.40706701576048,-0.117805573998273,0.524872589480615
3.3785,-0.53572313100662,-0.434346554219476,0.970069685161991,-0.344028657125179,-0.200416880750419,0.544445537650014
3.379,-0.402298442377761,-0.564995052194527,0.967293494555028,-0.272519395468215,-0.27809299038574,0.550612385686478
3.3795,-0.258967230671681,-0.681732473257219,0.94069970395891,-0.194299679461814,-0.348921605362435,0.543221284719006
3.38,-0.109260069830064,-0.781682475313977,0.890942545220584,-0.111295632484445,-0.411158755117609,0.522454387561635
3.3805,0.0431379268809227,-0.862385326444425,0.819247399684694,-0.0255512835265054,-0.46327150807945,0.488822791631355
3.381,0.194473623741672,-0.92185354425551,0.727379920676694,0.0608224584553719,-0.503977319786002,0.443154861421225
3.3815,0.341020408635742,-0.958621959431014,0.617601550995782,0.145698339916046,-0.532273297195772,0.386574957433284
3.382,0.479170756977859,-0.971786892132783,0.492616135388148,0.226986744149582,-0.54746298287519,0.320476238938348
3.3825,0.605521673222349,-0.96102236622231,0.355500693260158,0.302686031452837,-0.549172482186744,0.24648645100059
3.383,0.71696306841392,-0.926594651000039,0.209631582866883,0.370932006030701,-0.537359220688146,0.166427214971505
3.3835,0.810750419330901,-0.869351344489461,0.0586009254529773,0.430044636755309,-0.512314719029678,0.0822700826280734
3.384,0.884574029784044,-0.7907009671554,-0.0938730623278207,0.478567947529642,-0.474655118081069,-0.00391282906393367
3.3845,0.936617120285904,-0.692581865514073,-0.244035254472012,0.515307403645317,-0.425307942854515,-0.0899994603846997
3.385,0.965596962124321,-0.577408328015039,-0.388188633817851,0.539358351933432,-0.365488467506312,-0.173869884009554
3.3855,0.970800974308418,-0.448017357229113,-0.522783616803436,0.550128319514823,-0.296669136741713,-0.253459182354362
3.386,0.952100674955941,-0.307595039094636,-0.64450563560779,0.547352530689794,-0.220545138337591,-0.326807391942583
3.3865,0.909956079885617,-0.159597917403377,-0.750358162257323,0.531098929440085,-0.138990406318242,-0.392108522731438
3.387,0.845405978718457,-0.00767190032811842,-0.837734078199555,0.501767963664038,-0.0540132471734797,-0.447754716128982
3.3875,0.760038585774534,0.14444372314914,-0.904482308771725,0.46008189508967,0.0322936835318313,-0.492375578297656
3.388,0.655956831515855,0.293002480218276,-0.948959311624758,0.407066887535998,0.117805754330236,-0.524872641588095
3.3885,0.535723334884025,0.434346140865816,-0.970069475685737,0.344028764201186,0.200416763886702,-0.544445527862303
3.389,0.4022980974988,0.56499557895677,-0.967293676438311,0.272519352563176,0.278092997166068,-0.550612349561768
3.3895,0.258967576221458,0.681732046566866,-0.940699622818335,0.194299641425779,0.348921710474333,-0.543221351794869
3.39,0.109259863029486,0.781682630623813,-0.890942493729842,0.111295735434261,0.411158581463543,-0.522454316857385
3.3905,-0.043137941096566,0.862385502891292,-0.819247561915918,0.0255511577451738,0.463271679636769,-0.488822837407344
3.391,-0.19447339610582,0.921853110033488,-0.727379714090524,-0.0608223607820504,0.503977219523725,-0.443154858832269
3.3915,-0.341020756053928,0.958622474068344,-0.617601718214925,-0.145698370311029,0.532273286311715,-0.386574916154244
3.392,-0.479170430953912,0.971786505390991,-0.492616074670303,-0.226986792729616,0.547463099578655,-0.320476307061778
3.3925,-0.605521846495621,0.961022470111685,-0.355500623876261,-0.302685924162573,0.549172307639501,-0.246486383743611
3.393,-0.716963116513658,0.926594869496763,-0.20963175326387,-0.370932128249972,0.53735938216996,-0.166427254234049
3.3935,-0.810750171127933,0.869350894474596,-0.0586007236410798,-0.430044549042894,0.51231463565422,-0.0822700869650307
3.394,-0.884574376266534,0.790701465177875,0.093872910787837,-0.478567965637536,0.47465509036932,0.00391287488357758
3.3945,-0.93661681614193,0.692581520818638,0.244035295023475,-0.515307461861733,0.425308069537799,0.0899993919178319
3.395,-0.965597101577282,0.577408381604534,0.388188719681317,-0.539358241523042,0.3654882937959,0.173869947309576
3.3955,-0.970801054423255,0.448017613915936,0.52278344023145,-0.550128437133985,0.29666928699873,0.253459149716507
3.396,-0.952100409444595,0.307594578305558,0.644505830885523,-0.547352453376785,0.220545071958726,0.326807381008439
3.3965,-0.909956422110391,0.159598394668048,0.750358027217425,-0.531098935593806,0.138990362744083,0.392108572459319
3.397,-0.845405698498936,0.00767159928217572,0.837734099025978,-0.501768030553313,0.0540133821947428,0.447754647996994
3.3975,-0.760038691454349,-0.144443718297434,0.904482409599835,-0.460081782759233,-0.0322938547551231,0.492375637190512
3.398,-0.655956941543617,-0.29300218941179,0.948959130846034,-0.407066999604587,-0.117805616290863,0.524872615617311
3.3985,-0.535723055356047,-0.434346607513688,0.970069662805629,-0.344028697607064,-0.200416813328606,0.544445510710084
3.399,-0.402298432322634,-0.564995126220032,0.967293558525405,-0.272519347197814,-0.278093055523446,0.550612402553784
3.3995,-0.258967321654191,-0.681732302849918,0.94069962453412,-0.194299715980147,-0.348921568769851,0.543221284644755
3.4,-0.109259935308956,-0.781682672539723,0.890942607925223,-0.111295622352811,-0.411158748641855,0.522454370954246
3.4005,0.0431378034611866,-0.86238518219805,0.819247378858055,-0.0255512634059014,-0.463271554648287,0.488822818079589
3.401,0.194473686358976,-0.921853577771355,0.727379891575235,0.0608224164549983,-0.503977252250113,0.443154835885708
3.4015,0.341020431572378,-0.958622049235712,0.617601617863843,0.145698386666663,-0.532273358274398,0.386574971761292
3.402,0.479170658461454,-0.971786716278016,0.492616058049787,0.226986711550559,-0.547462952842048,0.320476241504229
3.4025,0.605521806935155,-0.961022556452953,0.355500749777996,0.302686036867106,-0.549172469318685,0.246486432718262
3.403,0.716962953748338,-0.926594523264366,0.209631569796792,0.370932029756756,-0.537359270904539,0.166427241461844
3.4035,0.810750468847011,-0.869351358720463,0.0586008901678697,0.430044593706683,-0.512314652039505,0.0822700586865264
3.404,0.884574064846554,-0.790701071215128,-0.0938729933306032,0.478567992369917,-0.474655174676179,-0.00391281730909926
3.4045,0.936617015502999,-0.692581686143035,-0.244035329060147,0.515307375119585,-0.425307919400634,-0.0899994553128488
3.405,0.965597093765317,-0.577408509694938,-0.388188583778948,0.539358352773068,-0.365488448635338,-0.173869903720164
3.4055,0.970800869146873,-0.44801724655976,-0.522783622311244,0.550128346466967,-0.296669189967612,-0.253459156080607
3.406,0.952100711432822,-0.307595034700952,-0.644505676478356,0.547352487053857,-0.220545072520327,-0.32680741412391
3.4065,0.909956126232022,-0.159598034118784,-0.750358091888321,0.531098972014152,-0.138990458066455,-0.392108513557292
3.407,0.845405868944776,-0.00767171932617519,-0.837734149427819,0.501767939319693,-0.0540132302540401,-0.447754708704077
3.4075,0.760038714152604,0.144443551428298,-0.904482265428954,0.46008189153587,0.0322937079742216,-0.492375599186247
3.408,0.655956736485006,0.293002573454227,-0.94895930982986,0.40706691731928,0.117805698735664,-0.524872615776805
3.4085,0.535723358507554,0.434346163070704,-0.970069521514153,0.344028720425499,0.2004168279412,-0.544445548141114
3.409,0.402298154212524,0.56499545124159,-0.967293605436853,0.27251939255188,0.278092950566078,-0.550612342950483
3.4095,0.258967462728329,0.681732227376563,-0.940699690134903,0.194299621325887,0.348921720965677,-0.54322134218632
3.41,0.109259987034463,0.781682470115456,-0.890942457226463,0.111295727703338,0.411158611009669,-0.522454338672589
3.4105,-0.0431380254942605,0.862385578511046,-0.819247553137977,0.0255511899535265,0.463271622310809,-0.488822812289736
3.411,-0.19447338503279,0.921853149097002,-0.727379764227068,-0.0608224042670952,0.503977281267113,-0.443154877090612
3.4115,-0.341020689952086,0.958622337047454,-0.617601647295878,-0.145698333188556,0.532273245098869,-0.386574912063871
3.412,-0.479170546911703,0.971786684262612,-0.492616137584133,-0.22698680856577,0.547463103806196,-0.320476295453165
3.4125,-0.605521727885539,0.961022321908603,-0.355500594283261,-0.302685935822742,0.549172341791535,-0.246486406235477
3.413,-0.716963189899673,0.926594927495964,-0.209631737877054,-0.370932094029329,0.537359323740313,-0.166427230025045
3.4135,-0.810750172193346,0.869350949320064,-0.0586007774211358,-0.430044591827539,0.512314694583268,-0.0822701031094334
3.414,-0.884574301806306,0.790701320565486,0.0938729809399985,-0.478567931622736,0.474655054720395,0.00391287651770282
3.4145,-0.936616933337625,0.692581696097413,0.244035236940394,-0.515307473457018,0.425308067719787,0.0899994053311286
3.415,-0.965596989289274,0.577408246634931,0.388188742362912,-0.539358256836729,0.365488332031946,0.173869924387217
3.4155,-0.970801116541544,0.44801765446132,0.522783461804355,-0.550128401316267,0.296669228077822,0.253459172819697
3.416,-0.952100422135713,0.307594647747795,0.644505774134404,-0.547352495075023,0.220545127618327,0.326807367047077
3.4165,-0.909956340359962,0.159598244181053,0.750358095953993,-0.531098904887985,0.138990332774572,0.392108571723009
3.417,-0.845405815744545,0.00767176941667398,0.837734046137089,-0.501768037970787,0.0540133745990353,0.447754663010175
3.4175,-0.7600385863159,-0.144443839272132,0.904482425436083,-0.460081801426684,-0.0322938129749772,0.492375614077816
3.418,-0.655956992258021,-0.293002165991093,0.948959158139741,-0.407066962603314,-0.117805675111187,0.524872637436362
3.4185,-0.535723079068588,-0.434346524752401,0.970069603756884,-0.344028737859404,-0.200416761343008,0.544445498976827
3.419,-0.402298344376691,-0.564995280878819,0.96729362523825,-0.27251931996185,-0.278093079757918,0.550612399552291
3.4195,-0.25896743781041,-0.681732139297017,0.940699577137439,-0.194299719320781,-0.348921581830443,0.54322130104598
3.42,-0.10925983804395,-0.78168277892535,0.890942617045844,-0.111295644054147,-0.411158703869549,0.522454347883277
3.4205,0.043137764170576,-0.862385175420429,0.819247411371045,-0.0255512256289589,-0.463271612801657,0.488822838456016
3.421,0.194473652311186,-0.921853483045039,0.727379830896709,0.0608223779791417,-0.503977204290692,0.443154826402145
3.4215,0.341020524604364,-0.958622206393492,0.617601681989637,0.145698410312209,-0.532273376776137,0.386574966617486
3.422,0.479170544476205,-0.971786560620706,0.492616016377725,0.22698671215043,-0.547462971014653,0.320476259076962
3.4225,0.605521895709162,-0.961022647821444,0.355500752372479,0.30268601246795,-0.549172422112337,0.246486409911071
3.423,0.716962925789801,-0.926594532506712,0.209631606997676,0.370932067910842,-0.537359327854494,0.166427260257713
3.4235,0.810750425221993,-0.869351253443154,0.0586008285155794,0.430044557306985,-0.512314608404809,0.0822700514515291
3.424,0.884574161851699,-0.790701229244099,-0.0938729323067778,0.478568012344297,-0.474655187503,-0.00391282445665762
3.4245,0.93661690470448,-0.692581539564335,-0.244035364840327,0.515307379491047,-0.4253079422974,-0.0899994367875444
3.425,0.965597173538688,-0.577408585781604,-0.388188587465653,0.539358326024416,-0.365488399553576,-0.173869926053273
3.4255,0.970800852322567,-0.448017271069369,-0.52278358097733,0.550128384612507,-0.296669245211567,-0.253459138982191
3.426,0.952100659050119,-0.307594920330501,-0.644505738466105,0.547352452997449,-0.220545033454598,-0.326807419133231
3.4265,0.909956226104966,-0.159598191450065,-0.750358034429984,0.531098988275569,-0.138990465328825,-0.392108522556339
3.427,0.845405762275792,-0.00767158287208558,-0.837734179212924,0.50176794726424,-0.0540132574573469,-0.447754689445316
3.4275,0.760038784524101,0.144443490728961,-0.904482275101114,0.460081862794418,0.0322937583777012,-0.492375620848274
3.428,0.655956730497278,0.293002534546996,-0.948959264934902,0.407066955086629,0.117805645662943,-0.524872600471433
3.4285,0.535723298237735,0.434346285048586,-0.970069583222216,0.344028688945727,0.200416862248149,-0.544445550968291
3.429,0.402298255865842,0.564995296105174,-0.967293551953755,0.272519405096283,0.278092948708292,-0.550612353637099
3.4295,0.258967361052609,0.681732352801544,-0.940699713884164,0.194299632618571,0.348921689897936,-0.543221322411263
3.43,0.109260047710648,0.781682424755332,-0.890942472542524,0.111295697330349,0.411158662191267,-0.522454359481197
3.4305,-0.0431380210358503,0.862385526179488,-0.81924750526483,0.0255512269920098,0.463271571834241,-0.488822798851651
3.431,-0.194473452278687,0.92185327718431,-0.72737982506848,-0.0608224329715348,0.50397731067948,-0.443154877798539
3.4315,-0.341020587578083,0.958622185519824,-0.61760159814225,-0.145698324328998,0.532273248439993,-0.386574924264553
3.432,-0.479170642814611,0.971786797898398,-0.492616155317011,-0.226986794173061,0.547463069335314,-0.320476275374992
3.4325,-0.605521677091918,0.961022291692788,-0.355500614861068,-0.302685967465134,0.549172393222602,-0.246486426024152
3.433,-0.716963175470731,0.926594862803302,-0.209631687613335,-0.370932058048803,0.537359276242047,-0.166427218507304
3.4335,-0.810750245474325,0.869351082021532,-0.058600836841625,-0.430044617593093,0.512314719018348,-0.0822701017789588
3.434,-0.884574199734435,0.790701173967036,0.0938730254665778,-0.478567926381443,0.474655063012841,0.00391286298396357
3.4345,-0.936617022776434,0.69258179732973,0.244035225146887,-0.515307456232197,0.425308030320973,0.0899994255051215
3.435,-0.965596948461861,0.57740823122969,0.38818871694074,-0.539358289389064,0.365488383203295,0.173869905768203
3.4355,-0.970801092694701,0.448017578546669,0.522783513872163,-0.550128366698909,0.296669183895304,0.253459182384856
3.436,-0.952100500491187,0.307594783585292,0.644505716652381,-0.547352517773416,0.220545147045116,0.32680737031868
3.4365,-0.909956239567777,0.159598103729714,0.750358135613146,-0.531098903166037,0.138990345732974,0.392108557042659
3.437,-0.845405898119279,0.00767185777698029,0.837734040151516,-0.501768018198148,0.054013334756229,0.447754683080342
3.4375,-0.760038555438208,-0.144443840330376,0.904482395616636,-0.460081834535555,-0.0322937625489383,0.492375596760649
3.438,-0.655956959614385,-0.293002251926919,0.94895921143193,-0.407066929628476,-0.117805715686642,0.524872645036979
3.4385,-0.535723161528507,-0.434346387226246,0.970069548690647,-0.344028757397418,-0.200416746905649,0.544445504077482
3.439,-0.40229824578887,-0.564995414075147,0.967293659846757,-0.272519321630285,-0.278093062452374,0.550612383915183
3.4395,-0.258967512614444,-0.681732064133017,0.940699576777472,-0.194299697297563,-0.348921623629626,0.543221320821945
3.44,-0.109259817003668,-0.781682766220148,0.89094258330036,-0.111295677375376,-0.411158654647085,0.522454331982043
3.4405,0.0431378049302804,-0.862385270129111,0.819247465320023,-0.0255511945485025,-0.463271649525776,0.488822844099679
3.441,0.19447356671653,-0.92185334523407,0.727379778680395,0.0608223616602124,-0.503977194776292,0.443154833206674
3.4415,0.341020620122793,-0.958622331343137,0.617601711420854,0.145698405409899,-0.532273355471234,0.386574950214892
3.442,0.479170477655095,-0.971786498835883,0.492616021414013,0.226986736117459,-0.547463014283803,0.320476278379083
3.4425,0.605521907115118,-0.961022622045694,0.355500715190774,0.302685979266355,-0.549172374521074,0.246486395521402
3.443,0.716962973934299,-0.92659463470651,0.209631661052976,0.370932096873856,-0.537359360530473,0.166427263970678
3.4435,0.810750337452583,-0.869351116695873,0.0586007795377062,0.43004454423219,-0.512314603701895,0.0822700598234087
3.444,0.884574253501283,-0.790701345076423,-0.0938729081240392,0.478568004389512,-0.474655162570919,-0.00391284143395402
3.4445,0.936616846184024,-0.692581491204224,-0.244035354679982,0.515307405088962,-0.425307986555981,-0.0899994181268786
3.445,0.965597175598445,-0.577408547726306,-0.388188627580708,0.539358293259547,-0.365488353987614,-0.173869938854366
3.4455,0.970800907079222,-0.448017379458928,-0.522783527344425,0.550128411264788,-0.296669273690011,-0.253459137156028
3.446,0.952100570047298,-0.307594785929278,-0.644505783864506,0.547352443159337,-0.22054503340964,-0.326807409340077
3.4465,0.909956313156871,-0.159598297418901,-0.750358015513054,0.531098977471808,-0.138990437161524,-0.392108539919879
3.447,0.845405712280054,-0.00767154785011564,-0.837734164239156,0.50176797417725,-0.0540133022351165,-0.447754671580558
3.4475,0.760038777604514,0.144443540186442,-0.904482317639007,0.460081830766006,0.0322938015602144,-0.492375632002376
3.448,0.655956791061299,0.293002421275203,-0.948959212227128,0.407066979265301,0.11780562148453,-0.524872600471692
3.4485,0.535723208915844,0.434346415897212,-0.970069624748951,0.344028682305759,0.200416857827504,-0.544445539907678
3.449,0.402298337665991,0.564995200619439,-0.967293538268171,0.272519391666256,0.278092979703695,-0.550612371202476
3.4495,0.258967319713696,0.681732374697729,-0.940699694441437,0.1942996605312,0.348921645056795,-0.543221305482751
3.45,0.109260032250484,0.781682484663347,-0.890942516990375,0.111295666318575,0.411158702670128,-0.522454368948284
3.4505,-0.043137955492277,0.862385409326228,-0.819247453955142,0.0255512485649297,0.463271552012404,-0.488822800602734
3.451,-0.194473541040051,0.921853403358196,-0.727379862481001,-0.0608224364813239,0.503977302020941,-0.443154865630211
3.4515,-0.341020511605751,0.958622101009475,-0.617601589604233,-0.145698340146325,0.532273281845803,-0.386574941853035
3.452,-0.479170675454029,0.971786806999686,-0.492616131778881,-0.22698676557293,0.547463024868366,-0.320476259508175
3.4525,-0.605521700589209,0.961022361037708,-0.355500660708696,-0.302685997201545,0.549172430717084,-0.246486433782223
3.453,-0.716963105789455,0.926594743650242,-0.209631638141552,-0.370932039183034,0.537359260788734,-0.166427221919761
3.4535,-0.810750332837412,0.869351202490326,-0.0586008699473318,-0.430044618068216,0.512314706381303,-0.082270088666791
3.454,-0.884574130085612,0.790701100797525,0.0938730289872667,-0.478567944333839,0.474655098405267,0.0039128455439337
3.4545,-0.936617046759836,0.692581794077416,0.244035252382602,-0.515307427250429,0.425307986644043,0.0899994402002838
3.455,-0.965596979435712,0.577408308948306,0.388188670195974,-0.539358317614467,0.365488417473238,0.173869899723663
3.4555,-0.97080101972286,0.448017458344735,0.522783561102255,-0.550128350611232,0.296669172779594,0.25345917741289
3.456,-0.952100585666483,0.307594897416623,0.644505687996345,-0.547352515334867,0.220545130716809,0.326807384208439
3.4565,-0.909956176656304,0.159598042141366,0.750358134290021,-0.531098922991,0.138990382686497,0.392108539914099
3.457,-0.845405913572302,0.00767184271391981,0.8377340706676,-0.501767989131651,0.0540132922602677,0.447754696509807
3.4575,-0.760038593278734,-0.144443755338486,0.904482348465272,-0.460081861038714,-0.032293731702478,0.492375592417347
3.458,-0.655956884195973,-0.293002371968399,0.948959256054999,-0.407066916359953,-0.117805722536461,0.524872638618276
3.4585,-0.535723243780394,-0.434346280861776,0.970069524578065,-0.344028752189446,-0.200416766614062,0.544445518577923
3.459,-0.402298189946109,-0.564995463964288,0.967293653893136,-0.272519343058017,-0.2780930243608,0.550612367251341
3.4595,-0.258967519740269,-0.681732090371876,0.940699610142156,-0.194299668431778,-0.348921664581303,0.543221332907838
3.46,-0.10925986105962,-0.781682675080412,0.890942536216576,-0.111295701970504,-0.41115862738161,0.522454329311695
3.4605,0.0431378819624698,-0.862385388852424,0.819247507011145,-0.0255511841111492,-0.463271652219827,0.488822836356377
3.461,0.194473488064865,-0.921853247059108,0.727379759157097,0.0608223694724664,-0.503977217533744,0.443154848151872
3.4615,0.34102066864776,-0.958622369533391,0.617601701086139,0.145698382653577,-0.532273316658187,0.386574934158167
3.462,0.479170478580927,-0.971786535533474,0.492616057185771,0.226986764510852,-0.547463053357897,0.320476289059785
3.4625,0.605521857528318,-0.961022525896588,0.355500668628468,0.30268595673885,-0.549172350952833,0.246486394480667
3.463,0.71696305176629,-0.926594751014642,0.209631699529116,0.370932104495981,-0.53735935921463,0.166427255032709
3.4635,0.81075026301502,-0.869351027323717,0.0586007646031151,0.430044554465161,-0.51231462916145,0.082270075049993
3.464,0.884574294540663,-0.790701371681567,-0.0938729225582737,0.478567980580318,-0.474655123442732,-0.00391285675294648
3.4645,0.936616854819279,-0.692581537571711,-0.24403531694775,0.515307432754111,-0.425308023451202,-0.0899994088968061
3.465,0.965597121190689,-0.577408447707775,-0.388188673191482,0.539358272932594,-0.365488334192185,-0.173869938322844
3.4655,0.970800984922971,-0.448017492323697,-0.522783492323405,0.550128416114275,-0.296669268543005,-0.253459147152522
3.466,0.952100500371431,-0.307594705862461,-0.644505794255456,0.547352455613576,-0.220545061212511,-0.326807393991445
3.4665,0.909956346622421,-0.15959831266038,-0.750358033737124,0.531098952884259,-0.13899039811077,-0.392108554383085
3.467,0.845405728221885,-0.00767160303752073,-0.837734124993581,0.501768000875954,-0.0540133366837762,-0.447754663830602
3.4675,0.760038719103074,0.144443642944102,-0.904482361895227,0.46008181274569,0.0322938175469802,-0.492375629968826
3.468,0.655956868161264,0.293002312806022,-0.948959180857912,0.40706698140987,0.117805630254205,-0.524872611385936
3.4685,0.535723144480421,0.434346486267216,-0.970069630683532,0.344028696768528,0.200416828047983,-0.544445524590926
3.469,0.402298363546586,0.564995196419125,-0.967293559948451,0.272519366571059,0.278093018301445,-0.550612384705028
3.4695,0.258967342505056,0.681732311590757,-0.940699654125823,0.194299686044492,0.348921613287573,-0.543221299226822
3.47,0.109259970392238,0.781682589050054,-0.890942559518836,0.111295650684216,0.411158714850802,-0.5224543654946
3.4705,-0.0431378798531511,0.862385306122813,-0.819247426390854,0.0255512480957345,0.463271564169745,-0.48882281229088
3.471,-0.194473599826932,0.921853463750172,-0.727379864086095,-0.0608224202334409,0.503977270635432,-0.443154850492585
3.4715,-0.341020493247205,0.958622107434079,-0.617601614387383,-0.145698365484746,0.532273319634913,-0.386574954303725
3.472,-0.479170646317705,0.971786736913045,-0.492616090828564,-0.226986741443454,0.547462995975831,-0.320476254745116
3.4725,-0.605521765065324,0.961022465973526,-0.3555007011684,-0.302686010397054,0.549172439131053,-0.246486429000682
3.473,-0.716963032284375,0.926594646495681,-0.20963161449207,-0.37093204215326,0.537359276075606,-0.166427234236407
3.4735,-0.810750385639331,0.86935125273148,-0.0586008673865666,-0.430044600266702,0.512314673760705,-0.0822700738477073
3.474,-0.884574119115854,0.79070111734497,0.0938730014700621,-0.478567969659644,0.474655135052668,0.00391283422233729
3.4745,-0.936617011823775,0.692581717979806,0.244035293544151,-0.515307404681541,0.425307960789377,0.0899994434860623
3.475,-0.965597045795949,0.577408413392671,0.388188632111847,-0.539358328344078,0.36548842219479,0.173869905731722
3.4755,-0.970800948976471,0.44801736793103,0.522783580769572,-0.550128355950163,0.296669190918191,0.253459164613224
3.476,-0.952100632218995,0.307594937439772,0.644505694525708,-0.547352496216694,0.22054509722865,0.326807398578425
3.4765,-0.909956172875915,0.15959806823217,0.750358104418828,-0.531098948059061,0.138990417883979,0.392108529784678
3.477,-0.845405873415419,0.00767176159225003,0.837734111632387,-0.501767968277668,0.0540132695685142,0.447754698347578
3.4775,-0.760038660801441,-0.144443652378306,0.904482313027799,-0.460081869300416,-0.0322937305663125,0.492375599542884
3.478,-0.655956816780307,-0.29300245504327,0.948959271714204,-0.407066923917763,-0.117805701840109,0.524872625479734
3.4785,-0.53572328389062,-0.434346251021923,0.970069534848436,-0.344028731994549,-0.200416800609053,0.544445532378017
3.479,-0.402298193094194,-0.564995428978192,0.967293622055126,-0.27251936763585,-0.27809299089463,0.550612358363004
3.4795,-0.258967474968157,-0.681732175522813,0.940699650520981,-0.194299649423997,-0.348921684020953,0.543221333339708
3.48,-0.10925992904174,-0.781682574541659,0.890942503659944,-0.111295707786306,-0.411158629693454,0.522454337439342
3.4805,0.0431379455313648,-0.862385464086417,0.819247518676245,-0.0255511937226924,-0.463271629272332,0.488822823020424
3.481,0.194473454519339,-0.921853227270502,0.727379772914019,0.06082239050364,-0.503977251684851,0.443154861271805
3.4815,0.341020658888501,-0.958622326359525,0.617601667671533,0.145698358784077,-0.532273285176279,0.38657492654576
3.482,0.479170527342973,-0.971786623720978,0.492616096611229,0.226986781564476,-0.547463069491491,0.320476288139755
3.4825,0.605521789765201,-0.96102242865423,0.355500639149226,0.302685953324123,-0.549172356547551,0.246486403490112
3.483,0.716963111031034,-0.926594818002547,0.209631707252277,0.370932093008936,-0.537359334331746,0.16642724163687
3.4835,0.810750236087861,-0.869351017362286,0.0586007815688438,0.430044576094004,-0.512314663130958,0.0822700873906587
3.484,0.884574278538527,-0.790701321077592,-0.0938729571601118,0.478567957621358,-0.474655094168321,-0.00391286306839735
3.4845,0.936616906933144,-0.692581627814713,-0.244035278818613,0.515307447769045,-0.425308036259085,-0.0899994111038579
3.485,0.965597054294787,-0.577408354568589,-0.388188699434768,0.539358271852685,-0.365488342879633,-0.173869928555486
3.4855,0.970801039486867,-0.44801755075706,-0.522783488453939,0.550128402940775,-0.296669242046192,-0.253459160475835
3.486,0.952100480049893,-0.307594705418086,-0.644505774378293,0.547352477605558,-0.220545094678445,-0.326807382517494
3.4865,0.90995632479101,-0.159598255424661,-0.750358069141431,0.531098931020845,-0.138990371236439,-0.392108559394002
3.487,0.845405783043355,-0.00767169437562325,-0.837734088476948,0.501768013790941,-0.0540133461793662,-0.447754667249999
3.4875,0.76003865368736,0.14444373124653,-0.904482384781941,0.460081813914436,0.0322938059790724,-0.492375619569664
3.488,0.655956917689627,0.293002263139917,-0.948959180720171,0.407066966747493,0.117805658041139,-0.524872624510493
3.4885,0.53572313068821,0.434346477584133,-0.970069608208238,0.344028718895306,0.200416795389387,-0.544445514059108
3.489,0.402298336338928,0.564995259456938,-0.967293595778606,0.272519345969914,0.278093042614363,-0.550612388416801
3.4895,0.258967399390316,0.681732220088824,-0.940699619509152,0.194299696821177,0.348921607059285,-0.543221303775219
3.49,0.109259907029954,0.781682671859416,-0.890942578965913,0.11129565399721,0.411158700633861,-0.522454354590652
3.4905,-0.0431378356323066,0.862385265342836,-0.81924742983172,0.0255512321483247,0.463271592923879,-0.488822825097604
3.491,-0.194473607226283,0.921853446401634,-0.727379839338207,-0.0608223981920668,0.503977239067534,-0.443154840966062
3.4915,-0.341020525344686,0.958622175422396,-0.617601650278219,-0.145698384676043,0.532273341256608,-0.386574956734123
3.492,-0.479170588005839,0.971786646141598,-0.492616058368983,-0.226986732821099,0.547462992940025,-0.320476260331666
3.4925,-0.605521825844579,0.961022542713957,-0.355500717129576,-0.302686005060696,0.549172422512618,-0.246486417718605
3.493,-0.716962993580301,0.926594614629587,-0.20963162133005,-0.370932059177832,0.537359305478004,-0.166427246614233
3.4935,-0.810750386838646,0.869351227244421,-0.0586008407001918,-0.43004457852099,0.512314643544559,-0.0822700653772728
3.494,-0.884574155589436,0.790701189419432,0.0938729658691824,-0.478567987313298,0.474655153884806,0.00391283304385324
3.4945,-0.936616952709953,0.692581628789058,0.244035323621076,-0.515307398207981,0.425307960843364,0.0899994369585151
3.495,-0.965597103509549,0.577408483571008,0.38818861964711,-0.539358321119862,0.365488403435451,0.173869917266845
3.4955,-0.970800915936244,0.448017344918968,0.522783570741407,-0.550128373842182,0.296669220656829,0.253459152766604
3.496,-0.95210062746326,0.307594904398256,0.64450572281149,-0.547352474965333,0.220545068601392,0.326807405954322
3.4965,-0.909956213190695,0.159598143524558,0.750358069441219,-0.53109896406748,0.138990433859353,0.392108529817723
3.497,-0.845405814106214,0.00767167478189325,0.837734139133538,-0.501767963926757,0.0540132725838856,0.447754690981296
3.4975,-0.760038715016473,-0.144443589171163,0.904482304035688,-0.460081860336552,-0.0322937511959854,0.492375611208693
3.498,-0.655956789489981,-0.293002469344556,0.948959258725165,-0.40706694246778,-0.1178056720676,0.524872614257242
3.4985,-0.535723273472439,-0.43434629098473,0.970069564393064,-0.344028711423207,-0.200416827435512,0.544445538633135
3.499,-0.402298236700148,-0.564995351331372,0.96729358801426,-0.272519381911855,-0.278092977812734,0.550612359557113
3.4995,-0.258967416046933,-0.681732259209275,0.940699675286219,-0.194299647150083,-0.348921678196016,0.543221325240856
3.5,-0.109259979377142,-0.781682518630263,0.890942498083948,-0.111295697241745,-0.411158651915949,0.522454349117275
3.5005,0.043137967045068,-0.862385469898745,0.819247502974869,-0.0255512127235454,-0.463271599756136,0.488822812505081
3.501,0.194473470264546,-0.921853273480509,0.727379803378818,0.0608224102235735,-0.503977276524839,0.44315486639186
3.5015,0.341020612550555,-0.958622247208868,0.617601634858822,0.145698346307255,-0.532273274994991,0.386574928841294
3.502,0.479170585320761,-0.971786703601113,0.492616118513577,0.226986781825304,-0.547463061029773,0.320476279417209
3.5025,0.605521743637088,-0.96102238027893,0.35550063690204,0.302685965281681,-0.549172380081392,0.246486415066395
3.503,0.716963126798534,-0.926594815620894,0.209631689103124,0.370932073760209,-0.537359305347551,0.166427231901402
3.5035,0.810750256786889,-0.869351069112704,0.0586008126202322,0.430044594806492,-0.512314685825756,0.0822700913729679
3.504,0.884574230031122,-0.790701241253072,-0.0938729884772299,0.478567946990271,-0.474655086866341,-0.00391285973929158
3.5045,0.936616963444182,-0.692581703271259,-0.244035259873105,0.515307446097578,-0.425308025351799,-0.0899994203396776
3.505,0.965597012647251,-0.577408313886694,-0.388188698469125,0.539358285048772,-0.365488367442275,-0.17386991718893
3.5055,0.970801049593055,-0.44801754054367,-0.522783508773516,0.550128383641137,-0.296669213853114,-0.253459169369275
3.506,0.952100505296934,-0.307594761977639,-0.64450574306578,0.547352495170797,-0.220545115096711,-0.326807379664466
3.5065,0.909956274674447,-0.159598175728437,-0.750358098721093,0.531098922262218,-0.13899036676542,-0.392108555106394
3.507,0.845405837600214,-0.007671764859769,-0.837734072549663,0.501768010283368,-0.054013333033528,-0.447754676888264
3.5075,0.760038616738914,0.144443764158848,-0.904482380745814,0.460081828169792,0.032293780668459,-0.492375608514407
3.508,0.655956922270798,0.293002280761824,-0.948959202923248,0.407066947586252,0.117805685202382,-0.524872632510494
3.5085,0.535723160050137,0.434346416963097,-0.970069576949128,0.344028735190402,0.200416777351478,-0.544445512316295
3.509,0.402298285165919,0.564995338257155,-0.967293623405812,0.272519339091201,0.278093044328226,-0.550612383251952
3.5095,0.2589674515447,0.681732155054942,-0.940699606629653,0.194299691587516,0.348921622223513,-0.543221313705785
3.51,0.109259874944492,0.781682697004499,-0.890942572025536,0.111295669129722,0.411158674851738,-0.522454343941041
3.5105,-0.0431378363919125,0.8623852898957,-0.819247453624979,0.025551213305608,0.463271618832541,-0.488822832163549
3.511,-0.194473574204583,0.921853382475219,-0.727379808433492,-0.0608223832725997,0.503977223486422,-0.443154840304417
3.5115,-0.341020577034057,0.958622252599358,-0.617601675765809,-0.145698389685929,0.532273340310809,-0.386574950778437
3.512,-0.479170538660372,0.9717865869632,-0.492616048536053,-0.226986739658642,0.547463009892015,-0.320476270446113
3.5125,-0.605521852957115,0.96102256016939,-0.355500707472473,-0.302685989234113,0.549172396528578,-0.246486407561149
3.513,-0.716962999452262,0.926594645588385,-0.209631646416888,-0.37093207753244,0.537359329934624,-0.166427252716244
3.5135,-0.810750350628948,0.869351160769497,-0.0586008104349667,-0.430044565064928,0.512314630469689,-0.0822700657584645
3.514,-0.88457420727243,0.790701264291738,0.0938729426798715,-0.478567990483114,0.4746551503986,0.0039128396998748
3.5145,-0.936616906535773,0.692581575797797,0.24403533043816,-0.515307406516701,0.425307979344694,0.0899994267659045
3.515,-0.965597125592007,0.577408493485752,0.388188631814823,-0.539358304781448,0.365488377509886,0.173869926853995
3.5155,-0.970800926652007,0.448017381718274,0.522783544657864,-0.550128391550851,0.296669243484286,0.253459147647817
3.516,-0.952100588548732,0.307594836125086,0.644505752170132,-0.547352463042625,0.220545058055852,0.326807404577153
3.5165,-0.90995626436627,0.159598215461364,0.75035804867999,-0.531098965442639,0.138990427971702,0.392108537080533
3.517,-0.845405771419938,0.00767162823568058,0.837734142993476,-0.50176797356517,0.0540132923909731,0.447754680812621
3.5175,-0.760038732062852,-0.144443586581174,0.904482318492078,-0.460081843665967,-0.0322937768140271,0.492375620156149
3.518,-0.655956804745125,-0.293002427303418,0.948959231939169,-0.40706695938548,-0.117805651023294,0.524872610130634
3.5185,-0.535723232342491,-0.434346360319494,0.970069592597879,-0.344028701086034,-0.200416835454121,0.54444553631457
3.519,-0.402298286892923,-0.564995282906328,0.967293569781992,-0.272519381553298,-0.278092985945328,0.55061236733115
3.5195,-0.258967377118238,-0.681732299125715,0.940699676273965,-0.194299657969665,-0.348921657329337,0.543221315193759
3.52,-0.109259991430541,-0.78168252308698,0.890942514594066,-0.111295680414434,-0.411158676990711,0.522454357364726
3.5205,0.0431379475863958,-0.862385423240515,0.81924747577531,-0.0255512287189163,-0.463271580625297,0.488822809369613
3.521,0.194473513119276,-0.921853343160406,0.727379830203985,0.0608224189405695,-0.503977282043328,0.443154863193353
3.5215,0.341020563786754,-0.958622182813932,0.617601619227688,0.145698348324291,-0.532273285200727,0.386574937029993
3.522,0.479170620269807,-0.971786736775012,0.49261611673843,0.226986769978386,-0.547463039349758,0.320476269584111
3.5225,0.605521736486925,-0.961022391447468,0.355500655220741,0.30268598209601,-0.549172404392145,0.246486422562818
3.523,0.716963103499056,-0.926594764989237,0.209631661770945,0.37093205880414,-0.537359288236545,0.166427229746464
3.5235,0.810750300879338,-0.869351138447582,0.058600837862661,0.430044601885818,-0.512314688894077,0.0822700873619628
3.524,0.884574183110141,-0.790701181346046,-0.0938730014632737,0.478567950577579,-0.474655098960422,-0.00391285123251921
3.5245,0.936616994239301,-0.69258172965991,-0.244035264279572,0.515307433380756,-0.425308003102398,-0.0899994298722568
3.525,0.965597010266736,-0.577408331380921,-0.388188678594383,0.539358301687564,-0.365488390784835,-0.173869910485164
3.5255,0.970801022837738,-0.448017486594152,-0.522783535967717,0.550128369826423,-0.296669198844311,-0.253459170563365
3.526,0.952100550148192,-0.307594830309256,-0.644505719585423,0.547352500611567,-0.220545115786514,-0.326807384415435
3.5265,0.909956229975127,-0.159598120704644,-0.750358109045565,0.53109892732001,-0.13899038055238,-0.392108546377226
3.527,0.845405864114635,-0.00767178448805227,-0.8377340794358,0.501767996855995,-0.0540133104541191,-0.4477546860403
3.5275,0.760038618953724,0.144443740770436,-0.904482359572211,0.460081844478924,0.0322937584804333,-0.492375602635513
3.528,0.655956892462193,0.293002337368587,-0.948959229721407,0.407066934999649,0.117805698050412,-0.524872632771922
3.5285,0.535723205193759,0.434346350256008,-0.970069555385661,0.344028739007664,0.200416778948439,-0.544445517730518
3.529,0.402298243029873,0.564995388066119,-0.967293631078731,0.272519345509555,0.278093029052183,-0.550612374394263
3.5295,0.258967473698419,0.681732142097606,-0.940699615826036,0.194299677609242,0.348921644900259,-0.543221322404258
3.53,0.109259881542946,0.781682668192718,-0.890942549812208,0.111295684964645,0.411158653985675,-0.522454338909902
3.5305,-0.0431378688382992,0.862385348500662,-0.819247479783555,0.0255512020183715,0.46327162948461,-0.488822831528381
3.531,-0.194473529218574,0.921853317972453,-0.727379788916734,-0.0608223810486765,0.503977227260009,-0.443154846301927
3.5315,-0.341020616304217,0.958622296926206,-0.617601680822497,-0.145698382025582,0.532273323755487,-0.386574941883463
3.532,-0.47917052090175,0.971786580526384,-0.492616059857858,-0.226986754029431,0.547463032442114,-0.320476278625423
3.5325,-0.605521842220458,0.961022526438174,-0.355500684477913,-0.302685974007364,0.549172377132156,-0.246486403391476
3.533,-0.716963034112536,0.926594705540398,-0.209631671708626,-0.370932087464609,0.537359338378301,-0.166427251227752
3.5335,-0.810750306230377,0.869351099005468,-0.0586007930695101,-0.430044564389967,0.512314636293209,-0.0822700722569458
3.534,-0.884574243414417,0.790701302933417,0.0938729401801784,-0.478567981706481,0.474655132777528,0.00391284854431328
3.5345,-0.93661689316259,0.692581575674055,0.244035317188717,-0.515307421124368,0.42530800155466,0.0899994191636059
3.535,-0.965597110992564,0.577408455365892,0.388188655335241,-0.539358290285395,0.365488359710416,0.173869930157413
3.5355,-0.970800963098346,0.44801744238007,0.522783520442407,-0.5501284000877,0.296669249729075,0.253459149939877
3.536,-0.952100545143934,0.30759477758553,0.64450576730489,-0.547352463859063,0.220545065787975,0.326807397661469
3.5365,-0.909956297158994,0.159598248278372,0.750358048655705,-0.531098955681053,0.138990409499909,0.39210854579074
3.537,-0.845405762380396,0.00767163416491743,0.837734128024696,-0.501767988258224,0.0540133140594568,0.447754673837191
3.5375,-0.760038713902115,-0.144443628538283,0.904482342288448,-0.460081830010973,-0.0322937929099954,0.492375622597123
3.538,-0.655956842550088,-0.293002366549612,0.948959208990327,-0.407066966501955,-0.117805646946955,0.52487261317077
3.5385,-0.535723190311342,-0.434346415200228,0.970069605447464,-0.344028703324223,-0.200416825967391,0.544445529066029
3.539,-0.402298316156931,-0.564995255991223,0.967293572130894,-0.27251937094221,-0.278093005053461,0.550612375828195
3.5395,-0.25896737232065,-0.68173228745154,0.940699659802202,-0.194299672602053,-0.348921636390101,0.54322130888691
3.54,-0.109259970032059,-0.78168256831555,0.890942538424153,-0.111295667698137,-0.41115869129756,0.522454358955277
3.5405,0.0431379088457347,-0.862385362987796,0.819247454263253,-0.0255512344047805,-0.463271578667195,0.488822813097376
3.541,0.194473553425942,-0.921853394001431,0.727379840738344,0.0608224153611847,-0.503977270966632,0.443154855696041
3.5415,0.34102053818926,-0.958622161817521,0.617601623828769,0.145698359646798,-0.532273304733522,0.386574945240281
3.542,0.479170620954477,-0.971786719706914,0.492616098985661,0.226986755546082,-0.547463019312688,0.320476263979345
3.5425,0.605521760781586,-0.961022439373394,0.355500678852005,0.30268599378912,-0.549172416845154,0.246486423322716
3.543,0.716963064237196,-0.926594705801294,0.209631641844862,0.370932054544826,-0.537359288328,0.166427234097234
3.5435,0.810750339141938,-0.869351184922961,0.0586008460754409,0.430044597055468,-0.512314676400661,0.0822700796988971
3.544,0.884574161275692,-0.790701166227012,-0.0938729947478579,0.478567962472236,-0.474655118710841,-0.00391284337675623
3.5445,0.936616990974645,-0.692581707586696,-0.244035283088131,0.515307419280242,-0.425307984124506,-0.0899994347496339
3.545,0.965597037102053,-0.577408381427697,-0.388188655382925,0.539358312286418,-0.365488401339944,-0.173869910528909
3.5455,0.970800983457074,-0.448017429001016,-0.522783554180191,0.550128366975928,-0.296669200899606,-0.253459165657574
3.546,0.952100586080197,-0.307594872148888,-0.644505713677795,0.54735249462888,-0.220545102056197,-0.326807392163065
3.5465,0.909956211959756,-0.159598111366375,-0.750358100368464,0.531098939647761,-0.138990400319844,-0.392108538937513
3.547,0.84540585709578,-0.00767175783098152,-0.837734099074015,0.501767983210308,-0.0540132926756456,-0.447754690173087
3.5475,0.760038647964251,0.144443689176024,-0.904482336988327,0.460081853926008,0.0322937498470512,-0.492375603449215
3.548,0.655956853349621,0.293002392874295,-0.948959246114543,0.407066933527312,0.117805694132494,-0.524872627381667
3.5485,0.535723238543103,0.434346313266079,-0.970069551745077,0.344028731978365,0.200416793731283,-0.544445525484064
3.549,0.402298228850255,0.564995391772308,-0.967293620605303,0.272519358132901,0.278093009460115,-0.550612367425541
3.5495,0.258967463148829,0.681732172890245,-0.940699636069085,0.194299664531915,0.348921661356514,-0.543221325783185
3.55,0.10925991235726,0.781682615615174,-0.890942528048977,0.111295693215996,0.411158647278222,-0.522454340453799
3.5505,-0.0431379073144978,0.862385401466955,-0.819247494273648,0.025551201881432,0.463271623819166,-0.488822825725998
3.551,-0.194473498668471,0.921853285990289,-0.727379787484674,-0.0608223890130869,0.503977242908429,-0.443154853985936
3.5515,-0.341020626669307,0.958622295197476,-0.617601668728678,-0.145698369241317,0.532273304521592,-0.386574935433833
3.552,-0.479170534733613,0.971786614984746,-0.492616080484358,-0.226986766435078,0.547463047471257,-0.320476281248919
3.5525,-0.605521809975902,0.961022473428169,-0.355500663712465,-0.30268596698229,0.549172372335977,-0.246486405620371
3.553,-0.716963071605497,0.926594755558627,-0.209631684233894,-0.370932086320094,0.537359331092612,-0.166427245086578
3.5535,-0.81075027865998,0.869351072134017,-0.0586007937684554,-0.430044573173534,0.512314652619595,-0.0822700797997654
3.554,-0.884574250022321,0.790701296011485,0.0938729537100153,-0.47856796889196,0.474655114073543,0.00391285443377825
3.5545,-0.93661691000671,0.692581613312184,0.244035296394708,-0.515307432765805,0.425308015069981,0.0899994172897214
3.555,-0.965597077689724,0.577408402455506,0.388188674942787,-0.539358284503983,0.365488356792926,0.173869927293491
3.5555,-0.970800999285097,0.448017489087097,0.522783509922131,-0.550128397725871,0.296669240960871,0.253459156346252
3.556,-0.952100520697337,0.307594755873902,0.64450576456992,-0.547352473342684,0.220545082605906,0.326807390327158
3.5565,-0.909956300101127,0.159598236445321,0.750358063430889,-0.531098942961825,0.138990391485323,0.392108551086098
3.557,-0.845405781948715,0.00767167448612912,0.837734107271804,-0.501767999054162,0.0540133259925183,0.447754672700068
3.5575,-0.760038679907815,-0.144443680839966,0.904482360595833,-0.460081825477826,-0.0322937939982559,0.492375619152237
3.558,-0.655956877133695,-0.293002323469778,0.9489592004941,-0.407066962996105,-0.117805657051265,0.52487261976923
3.5585,-0.535723169096376,-0.434346431754999,0.970069600787269,-0.344028713386936,-0.200416808841386,0.544445522002737
3.559,-0.40229831555648,-0.564995272417348,0.967293587956568,-0.272519358437702,-0.278093022232449,0.550612380502674
3.5595,-0.25896739431061,-0.681732244949398,0.940699639290019,-0.194299682482772,-0.348921626089555,0.543221308467084
3.56,-0.109259935704653,-0.781682619526417,0.890942555307613,-0.11129566440556,-0.411158690621746,0.522454354986886
3.5605,0.0431378761343662,-0.862385323802886,0.819247447789711,-0.0255512298362644,-0.463271589954303,0.488822819815968
3.561,0.194473571337258,-0.921853405452211,0.727379834277809,0.0608224048409531,-0.50397725371142,0.443154848961061
3.5615,0.341020542179844,-0.958622182487286,0.61760164050795,0.145698371824184,-0.532273320944866,0.386574949274239
3.562,0.479170596856401,-0.971786675526364,0.492616078903187,0.226986746638541,-0.547463010677001,0.3204762642512
3.5625,0.605521795095349,-0.961022489041866,0.355500694206714,0.302685995860537,-0.549172414484834,0.24648641889098
3.563,0.716963033637862,-0.926594670730176,0.209631637373079,0.370932060087711,-0.537359300639469,0.166427240865819
3.5635,0.810750353712606,-0.869351191369934,0.0586008379517465,0.430044586198695,-0.512314659188959,0.0822700733439676
3.564,0.884574168477387,-0.790701190764287,-0.0938729774122782,0.478567974217923,-0.474655133837347,-0.00391283999593783
3.5645,0.936616965089449,-0.69258166222574,-0.244035302563892,0.515307411392,-0.425307977168533,-0.0899994338173646
3.565,0.965597071069909,-0.57740842913585,-0.388188641642628,0.539358313167126,-0.365488397387735,-0.173869915361826
3.5655,0.970800955179162,-0.4480173982136,-0.522783556689693,0.55012837339909,-0.296669214073622,-0.253459158906719
3.566,0.952100597307154,-0.307594873736625,-0.644505723317015,0.547352483554804,-0.220545085053151,-0.326807398092034
3.5665,0.909956222169802,-0.159598139373084,-0.750358082571801,0.531098950865689,-0.138990414259692,-0.392108536215593
3.567,0.845405829748508,-0.00767171177846158,-0.837734117779265,0.501767976375689,-0.0540132873973335,-0.447754688616779
3.5675,0.76003868127104,0.144443643809807,-0.904482324928898,0.460081853656747,0.0322937552869279,-0.492375608619831
3.568,0.655956827571332,0.293002419256683,-0.948959246718641,0.407066940732014,0.117805680259414,-0.524872620713289
3.5685,0.535723246455847,0.434346316351857,-0.970069562743599,0.344028720803392,0.200416810369386,-0.544445530947193
3.569,0.402298241845104,0.564995360711419,-0.967293602539263,0.272519368736104,0.278092996793022,-0.55061236536165
3.5695,0.258967434665254,0.681732219159014,-0.94069965385428,0.194299658773602,0.348921664975405,-0.543221323643764
3.57,0.109259944707279,0.781682572933994,-0.890942517717818,0.111295691846976,0.411158654091427,-0.522454345897984
3.5705,-0.776857937048539,0.933551558241042,-0.15669362136581,0.791649831651392,0.385271079430711,-1.17692091110871
3.571,-0.668746011738352,0.978104963927102,-0.30935895252704,1.10889463212636,0.376248801553842,-1.48514343378403
3.5715,-0.544146468736444,0.998575546517895,-0.454429078161767,1.41300262350826,0.36035232333306,-1.77335494701146
3.572,-0.406281613321635,0.994455023724502,-0.58817341065412,1.31542842154331,0.334005713491755,-1.64943413525295
3.5725,-0.25848632502131,0.965864944462224,-0.70737861953656,0.910689721315728,0.339655674515918,-1.25034539609223
3.573,-0.104437112005609,0.913484876543162,-0.809047764579793,0.14962418998417,0.333387372259812,-0.483011562553428
3.5735,0.0521211748193639,0.838629618667923,-0.890750793572818,-0.858650533619657,0.357238818034017,0.501411715224429
3.574,0.20730113851023,0.743117681028205,-0.950418819665968,-2.15001542312796,0.366961317107501,1.78305410561729
3.5745,0.357325459654109,0.629322960906278,-0.986648420657266,-3.60385457181896,0.404273272531881,3.19958129886064
3.575,0.498458778322376,0.500024449927137,-0.998483228259751,-5.24648979313069,0.424700759856322,4.82178903284211
3.5755,0.627274130487597,0.358430405757613,-0.985704536178876,-6.95005560179248,0.469762438268611,6.48029316309686
3.576,0.740563357828123,0.208002291740473,-0.948565649476023,-8.73599435669036,0.494889239426823,8.24110511684941
3.5765,0.835578796169968,0.0524670707639582,-0.888045866848418,-10.47417863127,0.54154098890853,9.93263764196955
3.577,0.909941008225214,-0.104368152103946,-0.805572856032059,-12.1863341012876,0.56519850246862,11.6211355984615
3.5775,0.961866517249502,-0.258617836889484,-0.703248680234403,-13.7452906231552,0.607405703822015,13.137884919023
3.578,0.990038235843424,-0.406508863918678,-0.583529371747396,-15.1782100560535,0.623834163043881,14.5543758927564
3.5785,0.993803470629654,-0.544375976649465,-0.449427493767821,-16.365828548685,0.656248617482031,15.7095799310127
3.579,0.973031216862317,-0.66884726720493,-0.304183949439511,-17.3453651467906,0.660636897163228,16.6847282495035
3.5795,0.928279301173921,-0.776834705882643,-0.151444595083521,-18.0096504737424,0.679095532540834,17.3305549411474
3.58,0.860608854081541,-0.865703883703554,0.0050950298243185,-18.4096122762861,0.668025665526095,17.7415866107792
3.5805,0.771728152001294,-0.933242413773415,0.161514261979215,-18.4531920362253,0.669935646649612,17.7832563896706
3.581,0.663787619458694,-0.977810495055284,0.314022875808644,-18.2073353208426,0.641698028498226,17.5656372925136
3.5815,0.539489933835461,-0.99828786513243,0.458797931502287,-17.5966465798805,0.626269227814344,16.9703773523054
3.582,0.401854035858595,-0.994194380081247,0.592340344407117,-16.7048412115898,0.581008852204195,16.1238323596887
3.5825,0.254311479642534,-0.965606556336125,0.711295076849773,-15.4731145726237,0.549314096399328,14.9238004765844
3.583,0.100457460275243,-0.91325199616851,0.812794536021693,-14.0010632600423,0.489000113266758,13.5120631471849
3.5835,-0.0558768259813419,-0.838396959061231,0.894273785145882,-12.2447925805997,0.443852101968376,11.800940479081
3.584,-0.210883556126297,-0.742908235328115,0.953791791531289,-10.317342813434,0.372068691692406,9.94527412222136
3.5845,-0.360702584373826,-0.629112944857416,0.989815529276082,-8.18659364464066,0.317731337458713,7.86886230768038
3.585,-0.501683793486139,-0.499837073796196,1.00152086729037,-5.97527802390973,0.23931290261604,5.73596512179865
3.5855,-0.63031364597331,-0.358240736596087,0.988554382540682,-3.65877553963849,0.181069074667518,3.47770646547046
3.586,-0.74346643505024,-0.207833813230959,0.951300248219356,-1.36481359070703,0.101614558398544,1.26319903279099
3.5865,-0.838312213078844,-0.0522959712229471,0.890608184210154,0.928732561036283,0.0452381525234898,-0.9739707131054
3.587,-0.912555265222592,0.104518832458375,0.808036432644363,3.09432426537851,-0.0294490599404522,-3.06487520502269
3.5875,-0.964326359442467,0.258772688618577,0.705553670677065,5.15682833708571,-0.0782701458819576,-5.07855819083745
3.588,-0.992391254802895,0.40664412097815,0.58574713365359,6.99406071366651,-0.142759795061409,-6.8513009182965
3.5885,-0.996015655277602,0.544515614149763,0.451500040936792,8.63859423651115,-0.178989539486967,-8.45960469678031
3.589,-0.975150853299335,0.668968275962059,0.306182577132099,9.97823738674953,-0.228766235683938,-9.74947115089203
3.5895,-0.930269334675681,0.776961288447527,0.153308046014826,11.0574705294173,-0.248522590560309,-10.8089479387578
3.59,-0.862516716541869,0.865812225594056,-0.00329550926853606,11.7777570190325,-0.280435219103657,-11.4973217999059
3.5905,-0.773518118658697,0.933356626679401,-0.159838508235768,12.1985141325451,-0.281377977749366,-11.9171361548494
3.591,-0.665506402055371,0.977907465152089,-0.31240106330583,12.2371829003292,-0.29395651988163,-11.9432263805765
3.5915,-0.54109966748639,0.998391505831207,-0.457291838542396,11.9696792966757,-0.275523318212912,-11.6941559786633
3.592,-0.403401236178939,0.994280930731284,-0.590879694732812,11.3301831099911,-0.269128775803219,-11.0610543344548
3.5925,-0.25575959091929,0.965700224836056,-0.709940634075653,10.4110487534433,-0.232596931268817,-10.1784518225008
3.593,-0.101851414285387,0.913329469518514,-0.811478055366889,9.16231605509171,-0.209392625185007,-8.95292343028434
3.5935,0.0545751361958141,0.838481979149707,-0.893057115451023,7.6911044090388,-0.157759366933334,-7.53334504252492
3.594,0.209628198527578,0.742977180096884,-0.952605378699037,5.96088441177617,-0.121504287056772,-5.83938012517008
3.5945,0.359531683235649,0.629189983151685,-0.988721666429147,4.09041440749938,-0.0591991162418989,-4.03121529172802
3.595,0.500552819458778,0.499898724874677,-1.00045154434141,2.05285233600409,-0.0148850600951524,-2.03796727638759
3.5955,0.629261383868393,0.35831066748251,-0.987572051324642,-0.0256732788923447,0.052659723323094,-0.0269864449055888
3.596,0.74244756982206,0.207888527699798,-0.950336097462014,-2.16700775431746,0.0992923521237024,2.06771540173465
3.5965,0.837365716332575,0.0523595447839112,-0.889725261024816,-4.24264900890009,0.166168691585836,4.07648031688238
3.597,0.911637497166126,-0.104470034910032,-0.807167462134974,-6.27462363287523,0.209188946622919,6.06543468585841
3.5975,0.963475906997491,-0.258714964983407,-0.704760941866266,-8.13728832607021,0.269587987975965,7.86770033774815
3.598,0.991563978039928,-0.406600904518689,-0.584963073350165,-9.8580104831237,0.303451105124461,9.55455937770966
3.5985,0.995251109796183,-0.544462971774627,-0.450788137831595,-11.3189637125789,0.352228092840555,10.9667356195126
3.599,0.974405508315391,-0.668929897097676,-0.305475611013698,-12.5574901531992,0.37231533111124,12.1851748219317
3.5995,0.929582505614591,-0.776913439645503,-0.152669065755969,-13.4677772472686,0.405490343654962,13.0622869035307
3.6,0.861844561433808,-0.865778307913296,0.0039337466965668,-14.1007985729885,0.408557856800701,13.6922407161805
3.6005,0.772900942330445,-0.933312858100022,0.160411915985188,-14.3657808869847,0.423702547040305,13.942078340013
3.601,0.664900806069713,-0.977877534545694,0.312976728684759,-14.3296486475155,0.4081966286594,13.921452018999
3.6015,0.540545146837938,-0.998351626620267,0.457806479979229,-13.9182253887829,0.404669428758651,13.5135559602381
3.602,0.402854971838263,-0.994254553325962,0.591399581667929,-13.2151434680875,0.370875949639013,12.844267518728
3.6025,0.255261668483737,-0.965663660704116,0.710401992379374,-12.1627597490736,0.34988273898033,11.8128770104317
3.603,0.10135892300265,-0.913306369430382,0.811947446561538,-10.8605330874186,0.299897283972476,10.5606358038352
3.6035,-0.0550223081215652,-0.838448549271863,0.89347085749886,-9.26567639479213,0.264371183748281,9.00130521147409
3.604,-0.210072675525088,-0.742956911510911,0.953029587110519,-7.491042567179,0.20189184028917,7.28915072735075
3.6045,-0.359932869088776,-0.629159271102856,0.989092140233285,-5.50557246294581,0.156204480826658,5.34936798259948
3.605,-0.500953792965003,-0.499881142467476,1.00083493544019,-3.4317667417717,0.086168234569308,3.34559850769033
3.6055,-0.62962163793434,-0.358282452601753,0.987904090509765,-1.24602251612158,0.0356999974678761,1.21032251913729
3.606,-0.742809420061951,-0.207873226943029,0.950682646945322,0.924204677302579,-0.0362021159750758,-0.888002560860072
3.6065,-0.83768879573115,-0.052333566662408,0.890022362301937,3.10006002747875,-0.0855900362668151,-3.01446999077209
3.607,-0.911964179840827,0.104483156183715,0.807481023535749,5.15431334293835,-0.153471420802933,-5.00084192173398
3.6075,-0.963765782442898,0.258738952848511,0.705026829446351,7.1108870778592,-0.196012239780761,-6.91487483772525
3.608,-0.991858993263279,0.406612176919575,0.585246816172678,8.84793734947276,-0.254368145514945,-8.59356920366148
3.6085,-0.995510774078722,0.544485111789704,0.451025662099121,10.3971236982411,-0.28495503001234,-10.1121686679965
3.609,-0.974672205310282,0.668939421818083,0.305732783288092,11.6466246675145,-0.329202620750517,-11.3174220466015
3.6095,-0.929815214367574,0.776933991572276,0.152881222582082,12.6400353976832,-0.34388974708521,-12.2961456505094
3.61,-0.862085490095624,0.865786312402545,-0.00370082252397153,13.2792149550733,-0.3708175946456,-12.9083973604149
3.6105,-0.773109354726567,0.933331901636028,-0.160222547125091,13.6227209570163,-0.367207300047194,-13.2555136570325
3.611,-0.665118709646798,0.977884141937215,-0.312765432499328,13.5884141528175,-0.375290774423403,-13.2131233785321
3.6115,-0.540731745996294,0.998369394094758,-0.457637648295443,13.2513734829808,-0.352769136893222,-12.8986043462966
3.612,-0.4030519836345,0.994259907955817,-0.591207924501483,12.5462191941518,-0.342320354285135,-12.2038988401417
3.6125,-0.255428577641517,0.965680201018956,-0.710251623536422,11.5644896985325,-0.302118081885767,-11.2623716169809
3.613,-0.101537399626035,0.913310619001007,-0.811773219508886,10.2566845297268,-0.275256191793409,-9.9814283383184
3.6135,0.0548732360113456,0.838464046566486,-0.893337282683331,8.72912519662809,-0.220328808095947,-8.50879638895858
3.614,0.209911035148056,0.742960130810441,-0.952871166032956,6.94575908093917,-0.180773141929767,-6.76498593946669
3.6145,0.359799693144318,0.629173784706679,-0.988973477892646,5.0245637124042,-0.11551237226595,-4.90905134061509
3.615,0.50080727431562,0.499883476811498,-1.00069075113493,2.93918917484537,-0.0682190194575087,-2.87097015587251
3.6155,0.629502820872427,0.358296113519713,-0.987798934365868,0.814997927576682,0.00197660515908758,-0.816974533216273
3.616,0.742676613952519,0.207874714569691,-0.950551328462493,-1.36934932830457,0.0512994241892981,1.31804990365079
3.6165,0.837582778052296,0.0523464452738622,-0.889929223234536,-3.48610261555946,0.120552430551255,3.3655501845712
3.617,0.911843639648357,-0.104482378816707,-0.807361260710375,-5.55677037728567,0.166002633413659,5.39076774347325
3.6175,0.963671487667609,-0.258726783070301,-0.704944704449314,-7.4564493167875,0.228531544144986,7.22791777229184
3.618,0.99174940677173,-0.406612080161675,-0.585137326438979,-9.21197730930603,0.264590472634473,8.94738683637762
3.6185,0.995426950957814,-0.544473567206494,-0.450953383561429,-10.7062568312784,0.315275266556784,10.3909815644917
3.619,0.974572541394207,-0.668939902554897,-0.305632638635274,-11.9760906981092,0.337347528795576,11.6387431691533
3.6195,0.929740842498285,-0.776923029630901,-0.152817812654192,-12.9163853224143,0.372230495280994,12.5441548270467
3.62,0.861994767020151,-0.865787342189396,0.00379257538635054,-13.5775657471127,0.377093404237976,13.2004723428639
3.6205,0.773043364957732,-0.933321434339773,0.160278069597667,-13.8695686913864,0.39376618679617,13.4758025046555
3.621,0.665036134841431,-0.97788564962938,0.312849514996783,-13.8587623048989,0.379884944700954,13.4788773603377
3.6215,0.540673357168868,-0.998359403711583,0.457686046739654,-13.4716717882453,0.377724002082058,13.093947786374
3.622,0.402976600113012,-0.994261849064396,0.591285249131581,-12.7913658774593,0.345401606233064,12.4459642715028
3.6225,0.255377096628757,-0.965670614050324,0.710293517580551,-11.7608958577084,0.325628978252316,11.4352668797918
3.623,0.101468505825867,-0.913312950436235,0.811844444744238,-10.4791505913522,0.276976343297385,10.2021742484413
3.6235,-0.0549184984307041,-0.838454848543279,0.893373347079468,-8.90403068144924,0.242539774630472,8.66149090724654
3.624,-0.209974120497742,-0.742962805798258,0.952936926370499,-7.1478131214908,0.181268837686311,6.96654428426306
3.6245,-0.359839394257467,-0.629164913412379,0.989004307711486,-5.18012064758942,0.13655302991163,5.04356761815587
3.625,-0.500865009562743,-0.499886477748284,1.00075148731879,-3.12287284559302,0.0676132178668741,3.05525962821196
3.6255,-0.629537609789606,-0.358287549797006,0.987825159560334,-0.953143102168352,0.018010402505954,0.935132700143992
3.626,-0.742729558514186,-0.207877991188451,0.950607549642967,1.20219866664773,-0.0528960564579993,-1.1493026097242
3.6265,-0.837613062437207,-0.0523381519688202,0.889951214314395,3.36362623552139,-0.101514097443894,-3.26211213763948
3.627,-0.911892322513693,0.104478839247248,0.807413483145122,5.40449919372228,-0.168490510813323,-5.23600868250925
3.6275,-0.963697696181069,0.258734827379045,0.704962868654015,7.34807312345846,-0.210347400641773,-7.13772572246511
3.628,-0.99179430005808,0.406608322526756,0.585185977360279,9.07309758510958,-0.267879972466646,-8.80521761234814
3.6285,-0.995449446998386,0.544481385525181,0.450968061283312,10.6105691563825,-0.297860292726889,-10.3127088634249
3.629,-0.974613991848112,0.668935931839275,0.305678059804782,11.8492632751558,-0.341357995261409,-11.5079052797334
3.6295,-0.929760102747397,0.77693065338724,0.152829449146969,12.8321157713366,-0.355508168570073,-12.4766076026792
3.63,-0.862033032592244,0.865783189380784,-0.00375015700561194,13.4615854597047,-0.381752254396154,-13.079833205297
3.6305,-0.77305972312733,0.933328874721791,-0.160269151810105,13.7955740011154,-0.377667650717971,-13.417906350462
3.631,-0.665071565595049,0.9778813258451,-0.312809760458935,13.7525445391886,-0.385126852461761,-13.3674176868659
3.6315,-0.540687075142666,0.998366686966729,-0.457679612021021,13.4069231043144,-0.362187283225449,-13.0447358212991
3.632,-0.403009519005068,0.994257378961396,-0.591247860136495,12.6939345786775,-0.3511677899072,-12.3427667890463
3.6325,-0.255388368520645,0.965677742737437,-0.710289374375772,11.7044672253162,-0.310598306538699,-11.3938689191126
3.633,-0.101499222533524,0.913308348460981,-0.811809126061343,10.3896273868481,-0.283213896793011,-10.1064134904411
3.6335,0.0549094149117881,0.838461849055894,-0.893371264073174,8.85508880280212,-0.227964958520428,-8.627123844709
3.634,0.209945462544271,0.74295808115217,-0.952903543770925,7.06540752391869,-0.18793015528095,-6.87747736909585
3.6345,0.359832204490432,0.629171792393684,-0.989003996925768,5.13791560832524,-0.122388900092485,-5.01552670871039
3.635,0.500838241022055,0.4998816451211,-1.00071988615093,3.04687343838258,-0.0746554502485683,-2.97221798861941
3.6355,0.629532112944145,0.358294326222051,-0.98782643913991,0.917000063565092,-0.00421631227225277,-0.912783751774048
3.636,0.742704487243899,0.207873057349991,-0.950577544534193,-1.27243213400174,0.0455114662590268,1.22692066727755
3.6365,0.837609126848384,0.052344828871141,-0.889953955627909,-3.39431460714102,0.114974731945094,3.27933987475827
3.637,0.911868702755646,-0.10448385497281,-0.807384847661538,-5.46954287600852,0.160798263953821,5.30874461165532
3.6375,0.963695234697364,-0.258728239656186,-0.704966994893172,-7.37385341229332,0.223507499844695,7.15034591209738
3.638,0.991771974298854,-0.406613418034122,-0.585158556093664,-9.13346997684518,0.259911295085531,8.87355868146517
3.6385,0.995448269837239,-0.54447487708694,-0.450973392560405,-10.6319332661196,0.310749487589232,10.3211837783
3.639,0.974592888679724,-0.668941095490638,-0.305651792985029,-11.9054309898836,0.333140990018552,11.5722899997043
3.6395,0.929760031129154,-0.776924215466526,-0.152835815449437,-12.8495063616774,0.368153120261342,12.4813532413289
3.64,0.86201307183303,-0.865788420535685,0.00377534891973572,-13.5139684596774,0.373312213500601,13.1406562461655
3.6405,0.773060623892046,-0.933322498025061,0.160261874348632,-13.809389416477,0.390092355787694,13.419297060754
3.641,0.665052610961443,-0.977886612023746,0.312834001271171,-13.8015207613684,0.376486535569518,13.4250342259381
3.6415,0.540688917722609,-0.998360371615144,0.457671454089496,-13.417521848153,0.37441333528497,13.0431085130784
3.642,0.402991398123494,-0.994262714558395,0.591271316615095,-12.7398441260109,0.342347680295295,12.3974964459918
3.6425,0.255391094200923,-0.965671480169998,0.710280386128051,-11.7121719489521,0.32264514159362,11.3895268076938
3.643,0.101481859375873,-0.913313727557531,0.811831868315534,-10.4327763104625,0.274232424977654,10.158543885871
3.6435,-0.0549059284244257,-0.838455636214328,0.893361564744237,-8.86018988119434,0.239850066825996,8.62033981479581
3.644,-0.209962093752406,-0.742963501638153,0.952925595465046,-7.10607126840558,0.178803910780659,6.92726735808319
3.6445,-0.359828091979331,-0.629165618933296,0.988993710954265,-5.14067432949987,0.13412802115364,5.00654630882402
3.645,-0.500854169126352,-0.499887104528967,1.00074127366309,-3.08529991296573,0.065399360968939,3.01990055248234
3.6455,-0.629527437974069,-0.358288191983061,0.987815629930848,-0.917651561880573,0.0158236109944004,0.901827951367517
3.646,-0.742719828686913,-0.207878547863725,0.950598376490953,1.23601982858592,-0.0548839645291199,-1.18113586359151
3.6465,-0.837603881057557,-0.0523387305168635,0.889942611482791,3.39555871356881,-0.103486508004314,-3.29207220512671
3.647,-0.911883566804521,0.104478336526885,0.807405230156329,5.43494398420193,-0.170275082591051,-5.26466890121139
3.6475,-0.963689452366529,0.258734303469045,0.704955148749483,7.37680265300759,-0.212126876264396,-7.16467577639183
3.648,-0.991786401997958,0.406607876135102,0.585178525691804,9.10050384662518,-0.26948155449688,-8.8310222918337
3.6485,-0.995442042148378,0.544480912193687,0.450961129764788,10.6364162353414,-0.299466139788447,-10.3369500953224
3.649,-0.974606862725632,0.668935528054465,0.3056713344671,11.8739350226894,-0.342794899048517,-11.53114012348
3.6495,-0.929753460846419,0.7769302263925,0.152823234240716,12.8553688291053,-0.356957756029341,-12.4984110729887
3.65,-0.862026613043037,0.865782831966023,-0.00375621914006337,13.4837963083196,-0.383040960106485,-13.1007553482017
3.6505,-0.773053725933534,0.933328485170165,-0.160274759452251,13.8164925939307,-0.378976614086818,-13.4375159799086
3.651,-0.665065810849312,0.977881005174181,-0.312815194533724,13.7725407243993,-0.386282189716061,-13.3862585348225
3.6515,-0.540681670266264,0.998366335879031,-0.457684665809723,13.4257408168214,-0.363369689427608,-13.0623711276041
3.652,-0.403004334830154,0.994257094252007,-0.59125275960204,12.7119377073448,-0.352203107250614,-12.3597346003703
3.6525,-0.255383512845976,0.965677422101718,-0.710293909414737,11.7213942676624,-0.311666818043747,-11.4097274499539
3.653,-0.101494542376324,0.913308093404564,-0.811813551162122,10.4058368757072,-0.284141203330714,-10.1216956727626
3.6535,0.054913759626664,0.838461561390093,-0.893375321122241,8.87031437068078,-0.228930969591455,-8.64138340151674
3.654,0.20994970079101,0.742957853307293,-0.95290755417279,7.08000283339462,-0.188760261840812,-6.89124257201204
3.6545,0.359836104881146,0.629171528786947,-0.989007633709747,5.15160995658192,-0.123262665202131,-5.02834729185753
3.655,0.500842045299378,0.499881443891075,-1.00072348919823,3.06001607888266,-0.0753980829691191,-2.98461799639903
3.6555,0.629535639683284,0.358294087549954,-0.987829727206949,0.929316409645281,-0.00500705994800789,-0.924309350178568
3.656,0.742707899770328,0.207872878139778,-0.950580777850411,-1.26059680573239,0.0448475512628778,1.21574925400427
3.6565,0.837612306395228,0.0523446099536804,-0.889956916257288,-3.38323838838058,0.11425869796059,3.26897968998225
3.657,0.911871773433955,-0.104484012375463,-0.807387760937188,-5.45888404535799,0.16020518908882,5.29867885586972
3.6575,0.96369808577709,-0.258728437843069,-0.70496964778602,-7.36389322903807,0.222858704537466,7.14103452414928
3.658,0.991774761914139,-0.406613559630948,-0.585161202112131,-9.12386993367843,0.25938196987036,8.86448796351352
3.6585,0.995450808300471,-0.544475057407722,-0.45097575070285,-10.6229774378855,0.310161205653989,10.312816232001
3.659,0.974595413494237,-0.668941219296072,-0.305654193994101,-11.8967838002057,0.332669034312617,11.5641147657322
3.6595,0.929762315278027,-0.776924380601631,-0.152837934463203,-12.8414543839916,0.367619297426661,12.4738350864778
3.66,0.862015335618067,-0.865788530224462,0.00377319482347559,-13.5061787867557,0.372891885048394,13.1332869016959
3.6605,0.773062690714,-0.933322649280061,0.160259958781682,-13.8021508510367,0.389607545898677,13.4125433052028
3.661,0.66505463650294,-0.977886706638173,0.312832070344096,-13.7945027950909,0.376112666020221,13.4183901292099
3.6615,0.540690785890465,-0.998360511239316,0.457669725545809,-13.4110153101145,0.373972635499422,13.0370426748254
3.662,0.402993224985262,-0.994262798216318,0.591269573411249,-12.7335206500476,0.342015619500408,12.3915050308234
3.6625,0.255392756699872,-0.965671606699886,0.710278850158989,-11.7063241859402,0.322244140537117,11.3840800457383
3.663,0.10148352900683,-0.91331380079393,0.811830271920974,-10.42707784147,0.273937987339194,10.1531398545169
3.6635,-0.0549044525672995,-0.838455752902759,0.89336020557554,-8.85493496655625,0.239484793473269,8.61545017351042
3.664,-0.209960581275751,-0.74296356534976,0.952924146700003,-7.10093527894894,0.178543330736681,6.9223919486705
3.6645,-0.359826764135655,-0.629165725809754,0.988992489987055,-5.13595293426631,0.133794902475699,5.00215803226838
3.665,-0.500852815438623,-0.499887158957348,1.00073997440375,-3.08067012280598,0.0651692481208432,3.01550087517065
3.6655,-0.629526229428192,-0.35828829209635,0.987814521498257,-0.913410306089356,0.0155194318044027,0.897890874766269
3.666,-0.742718623421873,-0.207878593518135,0.950597216880319,1.24019407479945,-0.0550866603789042,-1.18510741395528
3.6665,-0.837602790329144,-0.0523388225600492,0.889941612797565,3.39936787089426,-0.103764641540496,-3.29560322891601
3.667,-0.9118824709529,0.104478296995796,0.807404173835799,5.43870826702439,-0.170453107114605,-5.26825515951031
3.6675,-0.963688491328419,0.258734218489852,0.704954272690564,7.38022295236508,-0.212381568257933,-7.1678413837558
3.668,-0.991785394156002,0.406607842854338,0.58517755113061,9.10389917856291,-0.269637377599698,-8.83426180066864
3.6685,-0.99544119402507,0.54448083392074,0.450960359914428,10.6394865975615,-0.299699734615418,-10.3397868627155
3.669,-0.974605946801908,0.668935499951675,0.305670446646172,11.8769983109117,-0.342930744042923,-11.534067566708
3.6695,-0.929752696202615,0.776930153080378,0.152822542909041,12.858124273858,-0.357172362445402,-12.5009519113254
3.67,-0.862025799878448,0.865782810312651,-0.00375701065127756,13.486560777964,-0.38315882800643,-13.1034019499462
3.6705,-0.773053023107414,0.933328415956763,-0.160275393064981,13.8189646287376,-0.379174130290865,-13.4397904985114
3.671,-0.665065087793534,0.977880988062514,-0.312815900477849,13.775036278638,-0.386383881391777,-13.3886523973855
3.6715,-0.540681040605386,0.998366271461736,-0.457685231053314,13.4279577980394,-0.363551823146955,-13.0644059751028
3.672,-0.403003670541993,0.994257081137567,-0.591253410775763,12.7141912525466,-0.35229024328135,-12.3619010095415
3.6725,-0.25538296568927,0.965677362073975,-0.710294396543693,11.7233817224628,-0.311835107034436,-11.4115466157636
3.673,-0.101493924218675,0.913308083194305,-0.811814159109502,10.4078726168873,-0.28421524152927,-10.1236573757442
3.6735,0.0549142363620676,0.838461505594411,-0.893375742061966,8.87209527655516,-0.229086797410926,-8.64300847957167
3.674,0.209950262962882,0.742957846765567,-0.952908109802938,7.08184255658271,-0.188822514731638,-6.89302004230931
3.6745,0.359836539660155,0.629171475296674,-0.989008014998483,5.15320498389335,-0.123407276896448,-5.02979770747465
3.675,0.500842538334484,0.499881441124045,-1.0007239794663,3.06167939846752,-0.0754497316365752,-2.98622966731646
3.6755,0.629536042922815,0.358294036709073,-0.987830079605601,0.930744154524834,-0.0051415756550041,-0.92560257935114
3.676,0.74270833913134,0.207872878222002,-0.950581217293647,-1.25909223521287,0.0448054434453122,1.2142867913023
3.6765,0.837612663654272,0.0523445617143544,-0.889957225277005,-3.38196118879608,0.114133270036675,3.26782791832166
3.677,0.911872183496469,-0.104484010264214,-0.807388173110951,-5.45752234285804,0.160171665861037,5.29735067659754
3.6775,0.963698387119217,-0.258728482824906,-0.704969904146312,-7.36275150280451,0.222741456599001,7.14001004585417
3.678,0.991775150743929,-0.406613556030199,-0.58516159454267,-9.12263681415433,0.25935617054885,8.86328064331091
3.6785,0.995451066977363,-0.544475100252616,-0.450975966534849,-10.6219576201355,0.310051320959162,10.3119062989458
3.679,0.974595764746318,-0.668941213175629,-0.305654551366625,-11.8956664037416,0.332650184348135,11.5630162192326
3.6795,0.929762556351263,-0.77692442210747,-0.152838134030598,-12.8405442741465,0.367516041023654,12.4730282330357
3.68,0.862015639729238,-0.865788521841499,0.00377288232933794,-13.5051655326243,0.372879286952851,13.1322862456601
3.6805,0.773062916925721,-0.933322689512855,0.160259772802748,-13.8013394753145,0.389510256818122,13.4118292185611
3.681,0.665054908468451,-0.97788669639197,0.312831788132388,-13.7935832597163,0.376105692176019,13.4174775676796
3.6815,0.540690981409226,-0.998360549627027,0.457669568414758,-13.4102927884788,0.373880718418897,13.0364120702701
3.682,0.402993486565873,-0.994262787306673,0.591269300921,-12.7326854611746,0.342013705453745,12.3906717559971
3.6825,0.255392912009701,-0.965671642937387,0.710278731086673,-11.7056816188538,0.322157059635051,11.383524559554
3.683,0.101483781779329,-0.913313788872595,0.811830007227149,-10.4263185690761,0.273940625158912,10.1523779443033
3.6835,-0.0549043212281252,-0.838455788014117,0.893360109347727,-8.85436434522427,0.239402066434316,8.61496227921739
3.684,-0.209960355567047,-0.742963551909515,0.95292390755105,-7.10024433207555,0.17855006320495,6.92169426932884
3.6845,-0.359826636866339,-0.629165760300264,0.988992397208245,-5.13544705864545,0.133716095691815,5.00173096343139
3.685,-0.500852623394232,-0.499887143826379,1.00073976722839,-3.08004066225787,0.065179663342522,3.01486099940086
3.6855,-0.629526107576796,-0.358288326028695,0.987814433579207,-0.912962701233319,0.015444155091272,0.897518546623355
3.686,-0.742718449436711,-0.207878577496661,0.950597026873683,1.24076820300491,-0.0550729328207792,-1.18569526971887
3.6865,-0.837602691850462,-0.0523388550123069,0.889941546771141,3.3997630378574,-0.103836739573156,-3.29592629784649
3.687,-0.911882295973874,0.104478313181041,0.807403982671528,5.43923259329313,-0.170436400406414,-5.26879619248725
3.6875,-0.963688422182347,0.258734187353607,0.704954234680736,7.38057093731509,-0.212450804055699,-7.16812013290806
3.688,-0.991785222444038,0.406607859598183,0.585177362674797,9.10437867660574,-0.269617991386043,-8.83476068492513
3.6885,-0.995441137046373,0.544480803455281,0.450960333401188,10.6397921292642,-0.299766392896299,-10.3400257361373
3.689,-0.974605796114794,0.668935517794706,0.305670278116029,11.8774374624009,-0.342908948359754,-11.5345285138803
3.6895,-0.929752635141273,0.776930122617157,0.152822512310916,12.8583915999422,-0.357236699045571,-12.5011549008095
3.69,-0.862025674506835,0.865782829381699,-0.00375715509194479,13.4869636228768,-0.383134866018811,-13.1038287568466
3.6905,-0.773052963400003,0.933328385901347,-0.160275422716965,13.8191975693099,-0.379236375505064,-13.4399611938695
3.691,-0.665064970386786,0.977881007418314,-0.312816037240377,13.7754064502023,-0.386357971814322,-13.3890484785272
3.6915,-0.540681000543215,0.998366242482099,-0.457685242135828,13.4281597970919,-0.363612184411679,-13.0645476128906
3.692,-0.403003546234832,0.994257100431085,-0.591253554376429,12.7145320131064,-0.352262582643561,-12.362269430739
3.6925,-0.25538294732389,0.965677334038272,-0.710294386873369,11.7235558852777,-0.311893771310136,-11.4116621143028
3.693,-0.101493800850181,0.913308102744062,-0.81181430202776,10.408186900269,-0.284186006665079,-10.12400089399
3.6935,0.0549142503739202,0.838461477794958,-0.893375728274367,8.87224439486141,-0.229143932700932,-8.64310046258791
3.694,0.209950368148055,0.742957867288586,-0.952908235511126,7.0821330097064,-0.188791865107241,-6.89334114505739
3.6945,0.359836562466357,0.62917144724664,-0.989008009754638,5.15333156257247,-0.123463034170664,-5.02986852887955
3.695,0.500842624417019,0.499881462419333,-1.00072408684412,3.06194840856685,-0.0754178108695702,-2.98653059818278
3.6955,0.629536065099235,0.358294008989179,-0.987830074062134,0.930850446876294,-0.00519609076296377,-0.925654356594636
3.696,0.742708424154248,0.207872899544328,-0.950581323638891,-1.25884252321825,0.044838506245296,1.2140040165077
3.6965,0.837612668433156,0.0523445348316603,-0.889957203173197,-3.38187314842581,0.114079874533275,3.26779327345479
3.697,0.911872278327082,-0.104483989222798,-0.807388288982976,-5.45729000579227,0.160205754825002,5.29708425056781
3.6975,0.963698375565134,-0.258728509001197,-0.704969866415931,-7.36267987883261,0.222689070267597,7.13999080821368
3.698,0.991775244840113,-0.406613534765116,-0.585161709903937,-9.1224201216302,0.259391181299318,8.86302894003632
3.6985,0.995451056817991,-0.544475126533176,-0.450975930094919,-10.6219007648536,0.309999844643812,10.3119009199793
3.699,0.974595842013909,-0.668941191089507,-0.305654650720337,-11.8954637916652,0.332686022709976,11.5627777687944
3.6995,0.929762556953068,-0.776924448680656,-0.152838108059213,-12.8405007113643,0.367465385707041,12.4730353255701
3.7,0.862015702945009,-0.865788499255922,0.00377279652799804,-13.5049755895097,0.372915868039498,13.1320597214588
3.7005,0.77306291618792,-0.933322715834647,0.160259799862349,-13.8013078762384,0.389460342344403,13.4118475339587
3.701,0.66505497527555,-0.9778866739737,0.312831698907013,-13.7934047197732,0.376142939841191,13.4172617800712
3.7015,0.540690964552005,-0.998360575186233,0.457669610831186,-13.4102719503927,0.373831472335255,13.0364404782678
3.702,0.402993564353092,-0.994262765264469,0.591269201091574,-12.7325171917083,0.342051551385744,12.3904656405987
3.7025,0.255392883154876,-0.965671668049129,0.710278785053239,-11.7056704561121,0.322108416697493,11.3835620397499
3.703,0.101483857613997,-0.913313766561465,0.811829909081346,-10.4261595495642,0.273979007777281,10.152180542173
3.7035,-0.0549043445543344,-0.838455813391978,0.8933601580518,-8.85436188579637,0.239353968132629,8.61500791809117
3.704,-0.209960295523434,-0.742963528918406,0.952923824516332,-7.10009363736812,0.178588926828428,6.92150471099793
3.7045,-0.359826649200097,-0.629165785995848,0.988992435237588,-5.13545243362278,0.13366848959448,5.00178394450605
3.705,-0.500852573308259,-0.499887120501736,1.00073969381777,-3.07989745712183,0.0652189577996978,3.01467849980765
3.7055,-0.629526122640956,-0.358288351456891,0.987814474071558,-0.912975126974703,0.015396993868868,0.897578133587145
3.706,-0.742718392421373,-0.207878554512926,0.95059694687461,1.24090466487682,-0.0550332524154412,-1.18587141199612
3.7065,-0.837602722181453,-0.0523388797499833,0.889941601839812,3.39974427335489,-0.103883498768582,-3.29586077414856
3.707,-0.91188222818834,0.104478335820116,0.807403892246921,5.4393629781571,-0.170396374291539,-5.2689666034661
3.7075,-0.963688460639478,0.258734162858216,0.704954297633255,7.38054647665575,-0.21249719980711,-7.1680492764973
3.708,-0.991785158366597,0.406607882527035,0.585177275668506,9.10450358638102,-0.26957765589889,-8.83492593018757
3.7085,-0.995441167211878,0.544480778606693,0.450960388415287,10.6397625452157,-0.299812459678835,-10.3399500853063
3.709,-0.974605746830815,0.668935541329017,0.305670205297736,11.8775574453236,-0.34286833647015,-11.5346891086926
3.7095,-0.929752655051745,0.776930097456518,0.152822557382027,12.8583574030502,-0.357282467726805,-12.5010749352362
3.71,-0.862025631654669,0.86578285308316,-0.00375722164556771,13.4870791735705,-0.383094007373894,-13.1039851661852
3.7105,-0.773052987835285,0.933328361074441,-0.160275373454784,13.8191592219535,-0.379281874039846,-13.4398773479784
3.711,-0.665064918260003,0.977881030687559,-0.312816112636416,13.7755180079767,-0.386316892851654,-13.3892011152642
3.7115,-0.54068103927764,0.998366218247813,-0.457685179167137,13.4281177216906,-0.363657438183412,-13.0644602837175
3.712,-0.403003484531097,0.994257123414519,-0.591253639063621,12.7146399690451,-0.352221307022578,-12.3624186622987
3.7125,-0.255382990757504,0.965677309908315,-0.710294319309814,11.7235104625455,-0.311938803141078,-11.4115716597397
3.713,-0.101493744650526,0.913308126050929,-0.811814381534289,10.4082916096803,-0.284144555858821,-10.1241470542076
3.7135,0.0549142170258891,0.838461453240481,-0.893375670371849,8.87219596148868,-0.229188762866749,-8.64300719904936
3.714,0.20995041062069,0.742957891137327,-0.952908301832494,7.08223479842496,-0.188750258662253,-6.89348454022095
3.7145,0.359836537942972,0.629171422446025,-0.989007960430642,5.15328041782994,-0.123507680828463,-5.02977273747923
3.715,0.500842663682296,0.49988148628189,-1.00072414997196,3.06204756970772,-0.0753760663122609,-2.98667150388098
3.7155,0.629536034222768,0.358293984569903,-0.987830018766395,0.930796863937679,-0.00524057043946398,-0.92555629397953
3.716,0.742708474115516,0.207872922944407,-0.950581397000232,-1.25874573184446,0.0448803733853729,1.21386535799383
3.7165,0.837612624493751,0.0523445109215902,-0.889957135323714,-3.38192891802899,0.114035546756285,3.26789337083496
3.717,0.911872336125971,-0.104483966046656,-0.807388369958004,-5.45719535530435,0.160247730656114,5.29694762424877
3.7175,0.963698329953219,-0.258728532927726,-0.704969796877491,-7.36273760942816,0.222644880901169,7.14009272817566
3.718,0.991775295451668,-0.406613511213486,-0.585161784067125,-9.12232740182061,0.259433253108553,8.86289414841749
3.7185,0.99545102234256,-0.54447515091814,-0.450975871234527,-10.6219602593684,0.309955781790442,10.3120044773474
3.719,0.974595880211057,-0.668941167081216,-0.305654712925778,-11.8953728080263,0.332728178880354,11.5626446289851
3.7195,0.929762529369129,-0.776924473222671,-0.152838055933263,-12.8405617949436,0.367421438707151,12.4731403561493
3.72,0.86201574084565,-0.865788475349234,0.00377273472067632,-13.5048861682954,0.372958098213898,13.1319280700701
3.7205,0.773062880677028,-0.93332273996422,0.160259859502823,-13.8013703869912,0.389416501395533,13.4119538856604
3.721,0.665055024530604,-0.977886650538422,0.312831626216688,-13.7933167105475,0.376185234939763,13.417131475747
3.7215,0.540690917453541,-0.998360598882218,0.457669681625628,-13.4103357377073,0.373787728447852,13.0365480094697
3.722,0.402993619392794,-0.994262741970443,0.591269122757841,-12.732430461006,0.342093903260165,12.390336558022
3.7225,0.255392837093733,-0.965671691874151,0.710278854939413,-11.705735386296,0.322064761906628,11.3836706247246
3.723,0.101483904034847,-0.913313742853953,0.811829838952984,-10.4260739724474,0.27402140887892,10.1520525639545
3.7235,-0.0549043791123925,-0.838455837667271,0.89336021688513,-8.85442784434856,0.239310395490371,8.61511744928561
3.724,-0.209960259904039,-0.74296350484516,0.952923764823671,-7.10000909695607,0.178631370223227,6.92137772719107
3.7245,-0.359826679055601,-0.629165810342398,0.988992489439642,-5.13551931880479,0.133624992852875,5.00189432642967
3.725,-0.500852535444306,-0.499887096621122,1.00073963207322,-3.07981385056309,0.0652614373852959,3.0145524136633
3.7255,-0.629526161644526,-0.358288375363607,0.987814536981855,-0.913042842215756,0.015353567180102,0.897689275516962
3.726,0.332667458655414,-0.117271469789551,-0.215395988853748,0.0885315325500216,-0.145646996185094,0.0571154640800747
3.7265,0.948856675805403,-0.108328629167588,-0.840528046365714,0.305233212454076,-0.10604487764253,-0.199188334382229
3.727,0.782929502775229,-0.0435574736101973,-0.739372028721031,0.359179023416084,-0.0459955903820418,-0.313183432626756
3.7275,0.681939126245986,0.16483810862069,-0.846777234576632,0.392508041400895,0.0452554474132042,-0.437763488470238
3.728,0.666900655375087,0.315985249936337,-0.982885905263224,0.387915073249727,0.116667327564189,-0.504582400550624
3.7285,0.538545516047148,0.411044418738907,-0.949589934832908,0.332643123593512,0.194609583539373,-0.52725270693439
3.729,0.382495572298831,0.56174330194292,-0.944238874268669,0.259825737156387,0.282235990305714,-0.542061727315828
3.7295,0.271092098655462,0.696332898079609,-0.96742499671876,0.189676252170198,0.353127041512885,-0.542803293591341
3.73,0.0964469691807201,0.777224961922721,-0.873671931097562,0.115376704120873,0.408038682712747,-0.52341538680331
3.7305,-0.0509318247353352,0.861125644899986,-0.810193820269131,0.0290649236836297,0.460531158415039,-0.489596082138826
3.731,-0.16240192630356,0.921388135194255,-0.758986209106842,-0.0661772396571482,0.506333417562608,-0.440156178015903
3.7315,-0.360383951122958,0.953759492839734,-0.593375541961624,-0.148639421904052,0.535037436722599,-0.386398014988892
3.732,-0.506228052660286,0.982772499732499,-0.476544447314927,-0.218260155122265,0.545225632910365,-0.326965478013486
3.7325,-0.563214448911374,0.960691866723632,-0.397477418048616,-0.300676856712451,0.546237836298329,-0.245560979862645
3.733,-0.716392268964569,0.910044871598974,-0.193652602872156,-0.379297941679389,0.540405154530796,-0.161107213171327
3.7335,-0.854094355309293,0.881126475787668,-0.027032120771808,-0.42695553319126,0.514841666995881,-0.0878861341647327
3.734,-0.857681559703854,0.802364685915019,0.0553168734433347,-0.470250522770686,0.470662928342125,-0.000412405965257224
3.7345,-0.914455060118023,0.672826322310501,0.241628737485649,-0.519967943296022,0.42409810775584,0.0958698351310008
3.735,-1.00200430914237,0.577642220483825,0.424362088372642,-0.543109326563934,0.369867914421574,0.173241411729754
3.7355,-0.965944541124452,0.466211921376682,0.499732619474813,-0.54363691375927,0.29618815939303,0.247448753953858
3.736,-0.928078834277638,0.29700882870802,0.631070005325608,-0.545717916862095,0.216865029496784,0.328852886963716
3.7365,-0.928948537542107,0.150695905355561,0.77825263196613,-0.534967803477207,0.140763008693961,0.394204794403712
3.737,-0.847551283883641,0.0207428818649759,0.826808401809549,-0.500756930858198,0.0563139723518638,0.444442958155595
3.7375,-0.746691397352282,-0.145595796098153,0.892287193286461,-0.457369761034082,-0.0342943347572452,0.491664095480151
3.738,-0.667760503971287,-0.300650801256884,0.968411305123606,-0.406765486191206,-0.118848017342925,0.525613503272567
3.7385,-0.532100577539364,-0.428875379962183,0.960975957439338,-0.3447416342794,-0.198940743689846,0.543682377761397
3.739,-0.393399754204636,-0.565351575856672,0.958751330046838,-0.27317769418009,-0.277540084923974,0.550717778954985
3.7395,-0.275474889521088,-0.68407301345994,0.959547903012743,-0.192267226105538,-0.349769257967527,0.542036483986845
3.74,-0.103252810427375,-0.777283442226738,0.88053625272188,-0.109375008161822,-0.411830570533037,0.521205578671934
3.7405,0.0582738622882284,-0.866607568031905,0.808333705864516,-0.0281740999588109,-0.46259919999044,0.49077329999203
3.741,0.174791216907775,-0.923612865467573,0.748821648732715,0.0604945097489527,-0.502978410449309,0.442483900809026
3.7415,0.339659283119219,-0.950622815743676,0.610963532825332,0.149743514308379,-0.533268771934083,0.383525257794638
3.742,0.500469430360765,-0.97635628382526,0.475886853698675,0.226167716220854,-0.548464546455513,0.32229683046035
3.7425,0.591825049528738,-0.966926223117159,0.375101173856996,0.299786128449501,-0.547595061657706,0.247808933487271
3.743,0.706661270283761,-0.917447566798146,0.210786296794068,0.373772720039001,-0.536893616532773,0.163120896817137
3.7435,0.829838234615515,-0.869504481813499,0.0396662474910179,0.431856379557422,-0.514145144932436,0.0822887657345971
3.744,0.880229108727445,-0.799394090003172,-0.0808350184129017,0.475961460961592,-0.474268807092903,-0.00169265347943422
3.7445,0.924320223367092,-0.686866971784904,-0.237453251276809,0.515642247804978,-0.42381977892961,-0.0918224684676724
3.745,0.977711771111276,-0.573547175625562,-0.40416459519446,0.541498509377717,-0.366441804300264,-0.175056704662371
3.7455,0.970781794614194,-0.455171093998305,-0.515610700333842,0.549478312624383,-0.297449814433487,-0.252028497776709
3.746,0.943207181190017,-0.305867926238732,-0.637339254694288,0.546880958324486,-0.219539520935902,-0.32734143698613
3.7465,0.918146753664011,-0.155601380192573,-0.762545373246522,0.531769515885287,-0.138795546128379,-0.392973969376923
3.747,0.844449206753629,-0.0117818024868465,-0.832667404070183,0.501963367875855,-0.0546889269245259,-0.447274440601748
3.7475,0.753133295239808,0.145170731312489,-0.898304026397151,0.460587162022133,0.0323504350155269,-0.492937596727717
3.748,0.664798497885247,0.295157582492094,-0.959956080269056,0.406921226132955,0.118085323047372,-0.525006548918507
3.7485,0.534254482506026,0.431236121588981,-0.965490604027393,0.343399722326175,0.200491305593656,-0.543891027711262
3.749,0.393569753672275,0.566682192884622,-0.960251946538509,0.273733140689274,0.278001300449663,-0.551734440989162
3.7495,0.268459249170101,0.683498117145201,-0.951957366348556,0.194864054410365,0.348556596779581,-0.543420651103503
3.75,0.110670802083579,0.777659755875857,-0.888330558034141,0.109821298434488,0.411447369001005,-0.521268667413272
3.7505,-0.0540226009367414,0.864035608168574,-0.810013007352445,0.0261340635795802,0.463731499123397,-0.489865562745798
3.751,-0.187559105101069,0.925096633909491,-0.737537528976578,-0.0593015479325055,0.503343252661249,-0.44404170483659
3.7515,-0.335852670269088,0.954246089040648,-0.618393418973421,-0.14683884729448,0.532086665742953,-0.38524781861753
3.752,-0.489250770752726,0.971701580674315,-0.482450810155377,-0.227464483363381,0.548239549226339,-0.320775066089001
3.7525,-0.602699864575578,0.965429086133097,-0.362729221823651,-0.301206656627176,0.548964679780622,-0.247758023432078
3.753,-0.710480539655961,0.923512684319586,-0.213032144947587,-0.371126795584274,0.536748751943674,-0.165621956682855
3.7535,-0.817978503948355,0.867583003612843,-0.049604499960324,-0.430809552816,0.512789809165999,-0.081980256709942
3.754,-0.884153446906123,0.794593601827591,0.0895598447716621,-0.477840786560773,0.474947835177675,0.002892950994372
3.7545,-0.931129254225425,0.691228593598154,0.23990066032311,-0.515078015397247,0.424796299818641,0.0902817151712343
3.755,-0.970789848233946,0.575364244448425,0.395425603492176,-0.539679504045164,0.365520760356831,0.174158743272954
3.7555,-0.970633358938716,0.450604874398106,0.520028484259437,-0.549836134392412,0.296993090837683,0.252843043140632
3.756,-0.947482591913345,0.307018231331029,0.640464360324778,-0.547397685529011,0.220373574610108,0.327024110516507
3.7565,-0.914803006775578,0.158103476786294,0.75669952976299,-0.531112202709571,0.138946832781434,0.392165369547933
3.757,-0.845333762968767,0.00962128145446142,0.835712481319437,-0.501272902496898,0.0540598162910927,0.447213085856473
3.7575,-0.754986202309955,-0.145076247142865,0.900062449297795,-0.4604025950581,-0.0323504595583331,0.492753054306701
3.758,-0.660655149395698,-0.294377310874286,0.955032460160552,-0.407311219394067,-0.117644313676151,0.5249555328082
3.7585,-0.536887943961819,-0.432209998447139,0.969097942342626,-0.343248072258477,-0.200489041272109,0.543737113322123
3.759,-0.396556967063596,-0.565527267497744,0.962084234542528,-0.272648738776138,-0.278299604446666,0.550948343073159
3.7595,-0.262437788078814,-0.683630745801966,0.946068533912502,-0.194910080301472,-0.348675220213281,0.543585300428143
3.76,-0.112047380416085,-0.779454523328949,0.89150190382149,-0.110643662830233,-0.411062717923632,0.521706380731769
3.7605,0.0485383308804978,-0.862270514534412,0.813732183775117,-0.0252782173996882,-0.463596215536526,0.488874432979181
3.761,0.192836002478248,-0.92414625716131,0.731310254849293,0.0601874957461078,-0.503898004772285,0.443710509133836
3.7615,0.337510315381716,-0.956960402403493,0.6194500872244,0.145955373170085,-0.531984811601432,0.3860294386005
3.762,0.483352672706429,-0.970966351087311,0.48761367861556,0.227418363158082,-0.547706018294032,0.320287655362182
3.7625,0.605147728522523,-0.963073860664417,0.357926132406517,0.302314101615319,-0.549288529363512,0.246974428026618
3.763,0.71372395832326,-0.925776107130338,0.212052149091592,0.370957580154061,-0.537080607394799,0.16612302756423
3.7635,0.813864375664929,-0.868264471727095,0.054400096359089,0.430342743295521,-0.512399110563492,0.0820563676281849
3.764,0.884618683057442,-0.792209156680702,-0.0924095260711759,0.478379402703038,-0.474789072050571,-0.00359033026390492
3.7645,0.933754571562023,-0.692262114365609,-0.241492456892194,0.51538142731162,-0.425173637350282,-0.0902077895540775
3.765,0.968253033931498,-0.576401186360222,-0.391851847276962,0.539524279956349,-0.365510706792743,-0.174013572747993
3.7655,0.971089466916344,-0.449233162589951,-0.52185630404613,0.549895637436408,-0.296704841630503,-0.253190795391817
3.766,0.949171706598077,-0.307352933668738,-0.641818772671846,0.547513235634771,-0.220491443480023,-0.327021791752463
3.7665,0.912326791534463,-0.158635275127382,-0.753691516179883,0.531315395702401,-0.139047804011536,-0.392267591310551
3.767,0.846276474145588,-0.00889330211247763,-0.837383171838946,0.501444753641367,-0.0540151663105082,-0.447429586981507
3.7675,0.756914647464522,0.144640949802172,-0.901555597111885,0.46016457830605,0.0323910273644795,-0.492555605360827
3.768,0.657718146751311,0.29407868117574,-0.951796827816817,0.407406049409167,0.117729186180427,-0.525135235327505
3.7685,0.537291518307315,0.433187345140941,-0.970478863382507,0.343757373162048,0.2003394565775,-0.544096829531142
3.769,0.399363148615156,0.564919152537845,-0.964282301134392,0.272427814428267,0.278253254599939,-0.550681068878573
3.7695,0.259882072158565,0.682898076548812,-0.942780148738245,0.194656480469914,0.348891972832094,-0.543548453215242
3.77,0.111177303350333,0.780854064168259,-0.89203136759566,0.111179125062522,0.411007811542126,-0.522186936582623
3.7705,-0.0454954473975367,0.861938838059754,-0.816443390783801,0.0253679057014781,0.463415001044595,-0.488782906789155
3.771,-0.194235364538936,0.922941412677219,-0.728706048303557,-0.0605612201789724,0.504007152647135,-0.443445932575642
3.7715,-0.33915822050269,0.95820113981086,-0.619042919511173,-0.145713302924408,0.53213938186868,-0.38642607911339
3.772,-0.480955910257945,0.97113321996271,-0.490177309940064,-0.227136407222617,0.547529090653888,-0.320392683657666
3.7725,-0.605631955583737,0.961936062751478,-0.356304107431562,-0.30251342611939,0.549220126689045,-0.246706700848005
3.773,-0.715239968099258,0.926397922374142,-0.211157954559404,-0.370949084205985,0.537292364486155,-0.166343280603556
3.7735,-0.812205685867412,0.868709497868482,-0.0565038122986764,-0.43014050256672,0.512324661858198,-0.0821841596517784
3.774,-0.884894960144251,0.791473222996825,0.0934217368423253,-0.478409652416187,0.474692226121768,0.00371742590584944
3.7745,-0.934902945592103,0.692431129196789,0.242471816091298,-0.515345206739621,0.425268352358882,0.090076853973537
3.775,-0.966834098375677,0.576841852114248,0.389992245966619,-0.539466929390408,0.365498852732926,0.17396807624185
3.7755,-0.971390129743345,0.448691755310233,0.522698374153139,-0.54995650010173,0.296707420201349,0.253249079486317
3.776,-0.95036986893581,0.30751226517129,0.642857603507127,-0.547353160694291,0.22047625023262,0.326876910059391
3.7765,-0.910870935382037,0.159030839405243,0.751840095749191,-0.531259037361321,0.139022654889369,0.392236382091581
3.777,-0.846287874176943,0.00822419341305761,0.838063680570106,-0.50162045762475,0.0540687132183051,0.447551744057162
3.7775,-0.758449654698117,-0.144338162103289,0.902787816646651,-0.460012015376831,-0.0323879944406878,0.492400009507862
3.778,-0.656440406565716,-0.293629702226969,0.950070108681936,-0.407243144068688,-0.117776219561752,0.525019363368248
3.7785,-0.536780888712155,-0.43395253512037,0.970733423767167,-0.343941465172631,-0.200353667225991,0.544295132190241
3.779,-0.401002305647899,-0.564689723138353,0.965692028767882,-0.272413284788192,-0.278163623974601,0.550576908613259
3.7795,-0.259074286141203,-0.682375043231097,0.941449329402605,-0.194438445233463,-0.348924082910683,0.543362528057313
3.78,-0.110339355298229,-0.781427831965907,0.891767187341352,-0.111258268691817,-0.411106155886315,0.522364424556069
3.7805,0.0441470025168408,-0.862007177946173,0.817860175551336,-0.0254582425949138,-0.463293731075589,0.488751973713662
3.781,0.194588412316341,-0.922414897902139,0.727826485750678,0.0607302521905281,-0.504011296891062,0.443281044808008
3.7815,0.339987138211564,-0.958458090285318,0.618470952276666,0.14571746620485,-0.532230968540505,0.386513502504735
3.782,0.479988458973851,-0.971452391742181,0.491463933004,0.227060199878507,-0.547462879590169,0.320402679938087
3.7825,0.605759165605538,-0.961450516507209,0.355691351165275,0.30261105760841,-0.549213954827397,0.246602897497334
3.783,0.715970064804954,-0.926511103109016,0.2105410385885,0.37094418067332,-0.537313362752396,0.166369182402458
3.7835,0.811414301802688,-0.869052504152731,0.0576382026478999,0.43012539744485,-0.512328886763331,0.0822034896788159
3.784,0.884935442754257,-0.791021229939467,-0.0939142125099094,0.478489299410626,-0.47468391872743,-0.00380538029465981
3.7845,0.93567089525565,-0.69260365355368,-0.243067241397949,0.515301938397653,-0.425257234458184,-0.0900447035322805
3.785,0.966060466202533,-0.577068665917218,-0.38899179999025,0.539458844876845,-0.365517895397428,-0.173940949063723
3.7855,0.971305969992306,-0.448285914883066,-0.523020054829526,0.55005566768023,-0.296686013046053,-0.253369654220136
3.786,0.951247072743742,-0.307718607641612,-0.643528464844797,0.547323091314051,-0.220505314952503,-0.326817775959312
3.7865,0.910184440022853,-0.159200812703666,-0.750983627091267,0.531199928983115,-0.139005958552916,-0.392193970049779
3.787,0.84601667302572,-0.00791181908547441,-0.838104853746623,0.501721549902141,-0.0540334295573974,-0.447688119995446
3.7875,0.759318580750868,0.144273372951288,-0.903591953547606,0.460037962790009,0.0323126747964943,-0.492350637276889
3.788,0.655993628528532,0.293382016682669,-0.949375645100172,0.407144987966902,0.117821514785611,-0.524966502490305
3.7885,0.536358949689027,0.434162626709777,-0.97052157633345,0.344012788703734,0.200382660905406,-0.544395449400738
3.789,0.40171513549442,0.564829801196779,-0.966544936673066,0.272472951320402,0.278102031744501,-0.550574982915389
3.7895,0.258893007415016,0.682016937328597,-0.940909944773731,0.194354795477342,0.34895289336293,-0.543307688753428
3.79,0.109859528523705,0.781594983875218,-0.891454512476112,0.111296765658505,0.411116559225875,-0.522413324862312
3.7905,-0.0435984569577596,0.862218822061567,-0.818620365225981,0.0255043371283093,0.463287400444538,-0.488791737616028
3.791,-0.194618813481154,0.922049085306077,-0.727430271989647,-0.0607735269614623,0.50399653175607,-0.443223004902056
3.7915,-0.34046911846395,0.958630832929605,-0.618161714668585,-0.145693886043616,0.532239723245172,-0.386545837370628
3.792,-0.479511885212479,0.971581878285635,-0.492069993308968,-0.22703704035747,0.547484665551227,-0.320447625420218
3.7925,-0.605747478926868,0.961195274367352,-0.355447795703927,-0.302635393893674,0.549174192662883,-0.246538799047536
3.793,-0.716448036286839,0.926652396453916,-0.210204360451505,-0.370925723914511,0.537343525761654,-0.1664178021705
3.7935,-0.810969279208377,0.869107771384469,-0.0581384924741182,-0.430095954611311,0.51232522248744,-0.0822292682364923
3.794,-0.884885706776612,0.790886468707454,0.0939992377643843,-0.478525132581649,0.474658731235641,0.00386640095746766
3.7945,-0.936140195128155,0.692639013208751,0.243501181615483,-0.515292663222779,0.425302250992175,0.0899904118234402
3.795,-0.965705616136473,0.577178667305766,0.38852694853547,-0.539404092302976,0.36547895109735,0.173925140789923
3.7955,-0.97116233843256,0.448178470107125,0.522983868045752,-0.550104956309049,0.296691400298124,0.253413555596875
3.796,-0.951685466071638,0.307647460266223,0.644038005548215,-0.547325723959349,0.220534061444893,0.326791662112233
3.7965,-0.909980924986951,0.159428475497985,0.750552449260908,-0.531136733620473,0.138973188724073,0.392163544515972
3.797,-0.845763320986371,0.00775266026372912,0.838010660529034,-0.501762075186228,0.0540468590927505,0.447715215744182
3.7975,-0.759709605413465,-0.144360882598938,0.904070487857951,-0.460047478629848,-0.0323145819468458,0.492362060267093
3.798,-0.655917234821889,-0.293124507116821,0.949041741827565,-0.407100446922212,-0.117812670063539,0.524913116723524
3.7985,-0.536050855773808,-0.43434687930385,0.97039773501234,-0.344028190664045,-0.200393208414816,0.544421398870459
3.799,-0.402059318657666,-0.564860880240535,0.966920198880145,-0.272485606445362,-0.278111789994942,0.550597396290813
3.7995,-0.258867348500537,-0.681855156351479,0.940722504882029,-0.19433138428067,-0.348917472812927,0.543248857006738
3.8,-0.109567427561371,-0.781708723753283,0.89127615139185,-0.111293330388272,-0.411154088987374,0.522447419353565
3.8005,0.0433036419265787,-0.862227077256311,0.818923435452002,-0.0255229092276033,-0.463274783021751,0.488797692292556
3.801,0.194629401396242,-0.921993718538767,0.727364317307181,0.060796092091111,-0.503978034142447,0.443181942158787
3.8015,0.340721147577829,-0.958627394053751,0.617906246678796,0.145698145243151,-0.53227482844559,0.386576683371496
3.802,0.47928351309461,-0.971655888379704,0.492372375521016,0.227011102467682,-0.547452431392265,0.320441329151051
3.8025,0.605712158939549,-0.961142122762733,0.355429964086598,0.302669958500426,-0.549189140431892,0.246519182209799
3.803,0.71668510440517,-0.926592044811785,0.209906940690966,0.370921838599697,-0.537349615368554,0.166427777092207
3.8035,0.810817651878246,-0.869266254819747,0.0584486032396217,0.430069326747607,-0.512305794522693,0.0822364681354542
3.804,0.88477057984311,-0.790757320554632,-0.094013258983731,0.478561064395532,-0.474678782864565,-0.00388228114242903
3.8045,0.936388710849132,-0.692617998905922,-0.243770711639336,0.515287814505423,-0.425287090973096,-0.0900007231251699
3.805,0.965613161571477,-0.57733777897038,-0.388275382305783,0.53938479522056,-0.365491645672285,-0.173893149132559
3.8055,0.970989793213342,-0.448018839399024,-0.522970953534678,0.550124340475592,-0.296682120846074,-0.25344221921547
3.806,0.951934060904421,-0.307684900126023,-0.64424916052123,0.547332024831546,-0.220529451887436,-0.3268025725419
3.8065,0.909918351953684,-0.159504418002774,-0.750413933722786,0.531123366636613,-0.138998612210703,-0.39212475404547
3.807,0.845592320261661,-0.00766874097332981,-0.837923579094739,0.50176338083649,-0.0540114445436403,-0.447751935943547
3.8075,0.759918869107071,0.144339978059594,-0.904258847012268,0.460067059559762,0.032292354725283,-0.492359413975457
3.808,0.655877963414966,0.293112318717874,-0.948990282021649,0.407084212598383,0.117807647606879,-0.524891859943034
3.8085,0.535911908551335,0.434324087556452,-0.970235996042436,0.344026833141143,0.200419417606505,-0.544446250539235
3.809,0.402203862843404,0.564926379877781,-0.967130242703204,0.272508197491938,0.278081965853382,-0.550590163195836
3.8095,0.25887102782864,0.681814235551186,-0.940685263409811,0.194309091966038,0.348937265463322,-0.543246357342506
3.81,0.109438379406606,0.781659817813995,-0.89109819729775,0.111301139077501,0.411148645735036,-0.52244978479045
3.8105,-0.0432099976233504,0.862352202195854,-0.819142204694839,0.0255373452394048,0.463267832645838,-0.488805177928447
3.811,-0.194571498415779,0.92188113162666,-0.727309633375507,-0.0608163321705689,0.503993547725966,-0.443177215662846
3.8115,-0.340872763844949,0.958641400872419,-0.617768637230326,-0.145686772887523,0.532255066885174,-0.386568294166706
3.812,-0.479206671412177,0.971747390588889,-0.49254071941268,-0.227005001056012,0.54747188656764,-0.320466885738104
3.8125,-0.605622702507522,0.961020501347292,-0.35539779910315,-0.302678873205632,0.549176050207351,-0.246497177280047
3.813,-0.716852399479423,0.926657923245,-0.209805524049922,-0.370920706609956,0.537349078848115,-0.166428372561503
3.8135,-0.810742957822499,0.869277708509799,-0.0585347509854541,-0.430061858081877,0.512324013519167,-0.0822621557976668
3.814,-0.884686374975298,0.790714034069065,0.093972340601502,-0.47856062302151,0.474648899648237,0.00391172298473397
3.8145,-0.93653075475072,0.692645348100601,0.243885406346273,-0.515300293127537,0.425312970355914,0.0899873223644738
3.815,-0.965559515592057,0.577323442188308,0.388236073108404,-0.539368823179156,0.365484603330649,0.173884219432789
3.8155,-0.970921830275936,0.448054573325517,0.522867256670758,-0.550125447129404,0.296667957769832,0.253457488945518
3.816,-0.952024919401914,0.307622649462655,0.644402269682145,-0.547346867466802,0.220554555110289,0.326792311954308
3.8165,-0.909911000459508,0.159546837257263,0.750364162974094,-0.531103315973126,0.138975707188809,0.392127608403879
3.817,-0.845518709081053,0.00769807694534866,0.837820631942086,-0.501771718185176,0.0540247767031292,0.44774694113274
3.8175,-0.75997616393283,-0.144438308009139,0.904414471787617,-0.460072663272299,-0.0322945160250958,0.49236717898781
3.818,-0.655913492892144,-0.293008449655603,0.948921942436527,-0.407070906991189,-0.117816166022596,0.524887072751557
3.8185,-0.535813169272881,-0.434363437009315,0.970176606216843,-0.344035636068471,-0.200401722483933,0.544437358343992
3.819,-0.402262828226529,-0.564970199739587,0.96723302794816,-0.272506369161625,-0.278104162580117,0.550610531592264
3.8195,-0.258917345063563,-0.681728123231373,0.940645468324897,-0.194306743206131,-0.348918888309464,0.543225631428737
3.82,-0.109328564191862,-0.781730112823817,0.891058677092834,-0.111300393707286,-0.411154293065666,0.522454686750862
3.8205,0.0431415029315654,-0.862325604517249,0.819184101708033,-0.025539672398991,-0.463279180525383,0.488818852967584
3.821,0.19454018358782,-0.921875833666936,0.727335650243733,0.0608150522053713,-0.503969161197072,0.44315410909915
3.8215,0.340959788967949,-0.958656601811065,0.617696813045956,0.145696904395373,-0.532281059778482,0.386584155552158
3.822,0.479155641503389,-0.971724441813775,0.492568800546373,0.22699257741,-0.547457047552034,0.320464470368511
3.8225,0.60559898463914,-0.961064483799384,0.355465499423636,0.302683604215324,-0.549173292598346,0.246489688661355
3.823,0.716903246722493,-0.926595208074626,0.209691961636439,0.370929769559344,-0.537366187349519,0.166436418113514
3.8235,0.810734286755189,-0.869325242707011,0.058590956250002,0.43004654760534,-0.512301759370701,0.0822552121257372
3.824,0.884643908353783,-0.790722732654123,-0.0939211753949176,0.478571388982851,-0.474667480922964,-0.00390390767134333
3.8245,0.93656695292496,-0.692574041071247,-0.243992911549898,0.515300692650545,-0.425303215699166,-0.0899974765442317
3.825,0.965582868920256,-0.577416137193633,-0.388166731431252,0.539361733100456,-0.365483202812705,-0.173878529872032
3.8255,0.970852534098614,-0.447997475136583,-0.522855058682377,0.55013287468908,-0.296680757802706,-0.25345211647232
3.826,0.95207331052399,-0.307616226673752,-0.644457083593134,0.547343138422174,-0.220533554216039,-0.326809583803933
3.8265,0.909932568136704,-0.15960035852798,-0.750332209380558,0.531105712549961,-0.138997141072619,-0.392108571096901
3.827,0.845446187874856,-0.00763534293226594,-0.837810844748981,0.501769040739957,-0.0540126546199143,-0.447756385770735
3.8275,0.760033904094746,0.144393237806542,-0.904427141746938,0.460075078786239,0.0322980781883418,-0.492373156664999
3.828,0.655916233089118,0.293031025403272,-0.94894725838117,0.407073203780707,0.117798102639654,-0.524871306158131
3.8285,0.535765747842264,0.434359381740541,-0.970125129517439,0.344027340502717,0.20042591208526,-0.544453252379561
3.829,0.40230163227122,0.56495334001172,-0.967254972264996,0.272517417269834,0.278084932836912,-0.550602349957268
3.8295,0.258918735014958,0.681771836042425,-0.940690571087352,0.194300937149337,0.348925142155461,-0.543226079217942
3.83,0.1093061886212,0.781666844487625,-0.890973033185953,0.111296673654713,0.411162487958325,-0.522459161590945
3.8305,-0.043138312475288,0.862379721275147,-0.819241408922233,0.0255507941744683,0.463261195612025,-0.488811989829702
3.831,-0.194513951574666,0.921865386344912,-0.727351434934864,-0.0608254494352599,0.50398944430825,-0.443163994980441
3.8315,-0.340983150419098,0.958611355992729,-0.61762820577645,-0.145692775457228,0.532265573064732,-0.386572797776552
3.832,-0.479171233772377,0.97180148900644,-0.49263025547007,-0.226990104106137,0.547462660386626,-0.320472556506968
3.8325,-0.605548572395631,0.960999151948313,-0.355450579816062,-0.302688375123181,0.549179911576712,-0.246491536731863
3.833,-0.71694519873102,0.92661717139765,-0.209671972950937,-0.370925186150402,0.537348885291201,-0.166423699464137
3.8335,-0.810739058986237,0.869348285214146,-0.0586092265260971,-0.430050739448392,0.512323498840651,-0.0822727597526376
3.834,-0.884597455301145,0.790675116394058,0.093922338602353,-0.478566652557581,0.474650608363575,0.00391604380546364
3.8345,-0.936613970581271,0.692624132206903,0.24398983807055,-0.515304006477868,0.425307332546407,0.0899966735243159
3.835,-0.965570610348654,0.577376173465087,0.388194436588202,-0.539362798059681,0.365493857404337,0.173868940239624
3.8355,-0.970831648947158,0.448020175710806,0.522811472956687,-0.550125835556202,0.296660376433749,0.253465458708397
3.836,-0.952098033602012,0.307619211421243,0.644478821923676,-0.547352932405148,0.22055445788661,0.326798474116338
3.8365,-0.909926071648642,0.159565443681266,0.750360627739214,-0.531098685568898,0.138984384135589,0.39211430105287
3.837,-0.845440800599501,0.00769500505201024,0.83774579535386,-0.501768773872962,0.054012787061826,0.447755986461826
3.8375,-0.760029881009936,-0.144452497185178,0.904482378040786,-0.460081953096269,-0.0322863748024431,0.492368327589131
3.838,-0.655936170196394,-0.293003535464957,0.948939705550125,-0.407064119566115,-0.117816690544479,0.524880809848366
3.8385,-0.535748957332319,-0.434338565921883,0.970087523188826,-0.34403352451311,-0.200407407484848,0.54444093178954
3.839,-0.402291389642065,-0.565011598383551,0.967302988007688,-0.272515814473892,-0.278096552309282,0.550612366633697
3.8395,-0.258956077302906,-0.681707167048508,0.94066324438137,-0.194298941475117,-0.348925006278232,0.543223947666493
3.84,-0.109269396965719,-0.781707483421209,0.890976880464062,-0.11130039927763,-0.411150542337059,0.522450941592596
3.8405,0.0431315768611322,-0.862376162579807,0.819244585841049,-0.0255457830187808,-0.463280883956636,0.488826667018627
3.841,0.194487266973511,-0.921837496571348,0.727350229762451,0.0608197246642845,-0.503970145132937,0.443150420576102
3.8415,0.34101931291539,-0.958656390555064,0.617637077842498,0.145697478540843,-0.532276026518282,0.386578548146486
3.842,0.479152036977997,-0.971753648901414,0.492601612159418,0.226989526705656,-0.54746562603323,0.320476099554053
3.8425,0.605545140492835,-0.961036432359048,0.355491292129605,0.302683433172629,-0.549165109789475,0.24648167689518
3.843,0.716957136523714,-0.926604061059001,0.209646924819584,0.37093382461118,-0.537368828296175,0.166435004008333
3.8435,0.810732441138365,-0.869327759032595,0.058595318192417,0.430043117507749,-0.512306756745486,0.0822636395981142
3.844,0.884600082812287,-0.790725667988688,-0.0938744145188487,0.478569260258985,-0.474657769152014,-0.00391149071842679
3.8445,0.936604648698616,-0.692564024750924,-0.244040623643893,0.515307417737149,-0.425312043516047,-0.0899953738139581
3.845,0.965589244863369,-0.577417086513434,-0.388172158054559,0.539355920673264,-0.365479397916143,-0.173876522341401
3.8455,0.97081667442223,-0.448018768885549,-0.522797905257014,0.550132634375983,-0.296679022585778,-0.253453611376148
3.846,0.952092646634757,-0.307581551378741,-0.644511094998932,0.547348792105926,-0.220538757805166,-0.326810033898561
3.8465,0.909953676454314,-0.159622364738401,-0.750331311487741,0.531099599582992,-0.138990877357282,-0.392108721845271
3.847,0.845408735022362,-0.00764503973211537,-0.837763695096626,0.50177084746723,-0.0540183938148048,-0.447752453303116
3.8475,0.760043933115108,0.144428247251071,-0.904472180211846,0.460077427935539,0.032302084074647,-0.492379511700606
3.848,0.655947756672036,0.292996577582227,-0.948944334143037,0.40707028444884,0.117797314773882,-0.524867598960493
3.8485,0.535723746057226,0.434371401879791,-0.970095147871645,0.344027832061189,0.200422237635774,-0.544450069488546
3.849,0.402311877406116,0.564964450773543,-0.967276328161723,0.272518262288261,0.278092522201994,-0.550610784340779
3.8495,0.258948747517123,0.681753245146842,-0.940701992693933,0.194301631669778,0.348916789941163,-0.543218421524086
3.85,0.109268069828429,0.781679627462981,-0.890947697368533,0.111293522606063,0.411167217291087,-0.522460739875056
3.8505,-0.0431286513496434,0.862372400070121,-0.819243748842854,0.0255534669640509,0.463262777934418,-0.488816244941679
3.851,-0.194491931811254,0.921874394544616,-0.727382462897986,-0.0608243314529076,0.503982525258928,-0.443158193913472
3.8515,-0.341007675768113,0.958600873141019,-0.617593197575714,-0.145697781469456,0.532273976188618,-0.386576194888208
3.852,-0.479170751234246,0.971802713446084,-0.49263196244785,-0.226985062255846,0.547456744628468,-0.320471682599101
3.8525,-0.605529417006322,0.961016305315252,-0.355486888572319,-0.302689605325264,0.549181447746123,-0.246491842699194
3.853,-0.716956919016018,0.926587366575702,-0.209630447843977,-0.370928331359682,0.537351397557019,-0.166423066520673
3.8535,-0.810751798864174,0.869371693425149,-0.0586198948591708,-0.430046284996693,0.51231830454509,-0.0822720199087748
3.854,-0.884572796970845,0.790674631595976,0.0938981650701304,-0.478569190537342,0.474656922991635,0.00391226715716284
3.8545,-0.936622789008934,0.692601990396335,0.244020798308792,-0.515304187929446,0.42530169729881,0.0900024902234917
3.855,-0.965589631709058,0.577404952584121,0.388184678829565,-0.539361659816128,0.365496686440089,0.17386497296032
3.8555,-0.970801855739349,0.448002061376353,0.522799794083329,-0.550126349357833,0.29666203364413,0.253464315299646
3.856,-0.952110529735943,0.30762096538435,0.644489564094503,-0.547352808980638,0.220548395244398,0.32680441333404
3.8565,-0.90994094500688,0.159574037286344,0.750366907492374,-0.531099964710722,0.138992398555758,0.392107565774525
3.857,-0.845415327644992,0.00768389559660411,0.837731431854755,-0.501766028659747,0.0540066312458594,0.447759397064577
3.8575,-0.760041657441307,-0.144440894752192,0.904482552039171,-0.460084380510686,-0.0322850754065766,0.492369455607681
3.858,-0.655944778133944,-0.293017117258554,0.948961895281276,-0.407064481394507,-0.117812721206699,0.524877202338978
3.8585,-0.535734919890527,-0.434325514827653,0.970060434652796,-0.344030018017406,-0.200414428924995,0.544444446733982
3.859,-0.402293562552952,-0.565015613372465,0.967309175907494,-0.272520170349564,-0.27808976613433,0.550609936334416
3.8595,-0.258965860743876,-0.681719321146368,0.940685181920205,-0.194296818098372,-0.348929002984756,0.543225820996272
3.86,-0.109263095611552,-0.781682468744204,0.890945564432878,-0.111299241939211,-0.411150363547091,0.522449605464207
3.8605,0.0431403488545593,-0.862400080352076,0.819259731619898,-0.0255487797123746,-0.46327750600199,0.488826285757576
3.861,0.194469933204125,-0.921829131798358,0.727359198758848,0.0608222556813852,-0.503975961420682,0.443153705846747
3.8615,0.341027269273699,-0.958645359783046,0.617618090712166,0.145696388991963,-0.532269632797498,0.386573243974581
3.862,0.479163257442227,-0.971775493880887,0.492612236674666,0.226989692266286,-0.547470183922184,0.320480491882377
3.8625,0.60552382649828,-0.961016617498559,0.355492791263669,0.302683401494177,-0.54916453230958,0.246481131093737
3.863,0.716969868871764,-0.926614183843708,0.20964431525624,0.370933498068148,-0.537364800325863,0.166431302581052
3.8635,0.810737857401377,-0.869327402273677,0.0585895451704874,0.430044569268452,-0.512313796704628,0.0822692277965532
3.864,0.88458431228566,-0.790719278693154,-0.0938650332877546,0.478566623535262,-0.474650912912293,-0.00391571023442554
3.8645,0.93661540599417,-0.692575530572749,-0.244039875117623,0.51530982755434,-0.425315601542969,-0.0899942256042274
3.865,0.965590371109966,-0.577401406568663,-0.388188964245932,0.539355560704844,-0.365480546532348,-0.173875013756778
3.8655,0.970810366881675,-0.448034553040234,-0.522775813561767,0.550130336664749,-0.296673998008485,-0.253456338242207
3.866,0.952093847307616,-0.307573560592703,-0.644520286457833,0.54735235091403,-0.22054531074331,-0.326807039768521
3.8665,0.909958869711648,-0.159615934809959,-0.750342934673516,0.53109701472185,-0.138985395471415,-0.392111618869996
3.867,0.845405787960698,-0.0076647283648768,-0.837741059402193,0.501771121914622,-0.0540209268896987,-0.447750194675613
3.8675,0.760037114979966,0.144451217276726,-0.904488332102365,0.460079022838528,0.0323008976494182,-0.492379920178366
3.868,0.65596086724947,0.292982729380049,-0.948943596518291,0.407068170643263,0.117801824186234,-0.524869994567268
3.8685,0.535716161560374,0.434369758130147,-0.970085919625148,0.344029478174238,0.200415940090434,-0.544445418056254
3.869,0.40230598442911,0.564978617690693,-0.96728460210187,0.272517171321385,0.278098209496441,-0.550615380668349
3.8695,0.258963813015404,0.681735037676786,-0.940698850722155,0.194302299390058,0.348914161725304,-0.543216461028507
3.87,0.109256138998958,0.781694253830803,-0.890950392906885,0.111293556637412,0.411165470158188,-0.522459026773506
3.8705,-0.0431282222064105,0.862364951826445,-0.819236729742408,0.0255521825590972,0.463268247413294,-0.488820430015602
3.871,-0.194483443868351,0.921873887499816,-0.727390443796091,-0.0608218829903068,0.503975756033771,-0.443153873150916
3.8715,-0.341015959275671,0.958609326010884,-0.617593366938022,-0.145700281001227,0.532279064702343,-0.386578783870162
3.872,-0.479168362264701,0.971787550858115,-0.492619188829423,-0.22698405963701,0.547455408302314,-0.320471348891783
3.8725,-0.605528226534897,0.961033682572169,-0.355505456300666,-0.302688387240171,0.549178715415098,-0.246490328453263
3.873,-0.716956202593775,0.926575449860332,-0.209619247550844,-0.370931069818119,0.537356866691448,-0.166425797196666
3.8735,-0.81075537730789,0.869371265814751,-0.0586158888050579,-0.430043645310443,0.51231231959775,-0.082268674647685
3.874,-0.884571399461238,0.790688351308347,0.0938830478481463,-0.478570435076037,0.474661193847192,0.00390924084029962
3.8745,-0.936617206535067,0.692581556140096,0.24403565009117,-0.515304579266142,0.425300692092266,0.0900038867667318
3.875,-0.965600187364984,0.577421852665257,0.388178334404351,-0.53936025976229,0.365494006369908,0.173866252976662
3.8755,-0.970794349536491,0.447996288824356,0.522798060432469,-0.550128048936739,0.296667470873991,0.253460577648691
3.876,-0.952108508734081,0.307614509385619,0.644493999091373,-0.547351204886459,0.220542297182523,0.326808907301736
3.8765,-0.909951093038727,0.159588285873272,0.75036280693729,-0.531101222610106,0.138996620919199,0.392104601310468
3.877,-0.845404894324009,0.00766808816503852,0.83773680596534,-0.501765576191362,0.054006146528915,0.447759429313137
3.8775,-0.760045486848122,-0.14442866062351,0.904474147317302,-0.460083537465875,-0.032288574898991,0.492372112055284
3.878,-0.655947900807525,-0.293022341478156,0.948970242174463,-0.407066593677023,-0.117806776558201,0.524873369972995
3.8785,-0.535729637704587,-0.434329268376405,0.970058906015608,-0.34402752942562,-0.200420243496038,0.544447772713239
3.879,-0.402296942609614,-0.565003170111086,0.967300112702773,-0.272521715086403,-0.278086471951198,0.550608186888123
3.8795,-0.258964130530714,-0.681736549596414,0.940700680157092,-0.194297085393795,-0.348928575628314,0.543225660935255
3.88,-0.10926564843151,-0.781667642085271,0.890933290593899,-0.111297371734141,-0.411154176188948,0.522451547900994
3.8805,0.043143904932968,-0.862405267997363,0.819261363186778,-0.0255511876101333,-0.4632718892292,0.488823076882544
3.881,0.194468718525669,-0.92183650634712,0.727367787986069,0.0608240378783355,-0.503981211459065,0.443157173688181
3.8815,0.341022900107175,-0.958628911094901,0.617606011190541,0.145695819869098,-0.532266756573645,0.386570936873593
3.882,0.479172005834375,-0.97179310394397,0.492621098345605,0.226989103402492,-0.547469536574767,0.320480433398754
3.8825,0.605516338350414,-0.961005612492659,0.355489274405634,0.302684772696913,-0.549168521219139,0.24648374880056
3.883,0.716970738801149,-0.926614760410395,0.209644021893542,0.370931748046563,-0.537359021944112,0.166427274220885
3.8835,0.810743976782934,-0.869336306671196,0.0585923301864498,0.430046235435961,-0.512318990277955,0.0822727552023715
3.884,0.88457586293408,-0.790704979872469,-0.0938708827568623,0.478565639414663,-0.474648499184626,-0.00391713984149295
3.8845,0.936620857610432,-0.692590076210436,-0.244030781096194,0.515309561806446,-0.425314221001146,-0.0899953403981556
3.885,0.965589726120434,-0.577391524278543,-0.388198201546522,0.539357170953964,-0.365485089188596,-0.17387208134965
3.8855,0.970808073533429,-0.448036024094123,-0.522772049159631,0.550128019689458,-0.296668250143945,-0.253459769131457
3.886,0.952096681668877,-0.307581750795227,-0.64451493061657,0.547354248592806,-0.220549891884775,-0.326804356305831
3.8865,0.909955932545738,-0.159600658976751,-0.75035527334082,0.531096471757434,-0.138983764679573,-0.392112706697423
3.887,0.845409601073417,-0.00768088104942581,-0.83772871983036,0.501770121149764,-0.0540190610953036,-0.44775105970515
3.8875,0.760032955305193,0.144460977983895,-0.904493933134765,0.460080967747026,0.0322963401404082,-0.492377307577855
3.888,0.65596273579187,0.292983895365798,-0.94894663104644,0.407066207855012,0.117807273503091,-0.524873481095875
3.8885,0.535719087781117,0.434358365369961,-0.9700774530857,0.344030717161548,0.200411731478259,-0.544442448431389
3.889,0.402298859020708,0.564994830095778,-0.967293689098557,0.272516977427523,0.278099495416023,-0.55061647269407
3.8895,0.258971112523698,0.68172108015508,-0.940692192708741,0.194301475543918,0.348916356145521,-0.543217831602584
3.89,0.109253153729492,0.781700597211293,-0.89095375101791,0.1112951304969,0.411160650421793,-0.522455780896599
3.8905,-0.0431310017586689,0.86236804048074,-0.819237038844446,0.025550342212162,0.463273717991383,-0.488824060246756
3.891,-0.194477268289397,0.92186303786886,-0.727385769744087,-0.0608204574114565,0.503971909448842,-0.443151452144836
3.8915,-0.341021716906946,0.958623829823758,-0.617602113119624,-0.145700630753853,0.532279702590877,-0.38657907200607
3.892,-0.479165331635012,0.971774663619124,-0.492609332220118,-0.226985057838182,0.547458191288064,-0.32047313367636
3.8925,-0.605528549403834,0.961039978886996,-0.355511429746558,-0.302686421990242,0.549173722327135,-0.246487300615228
3.893,-0.716957658830709,0.926578619820445,-0.209620961274024,-0.370933101425948,0.537362002742714,-0.166428901640103
3.8935,-0.810752493311081,0.869359454972849,-0.0586069619599608,-0.430042487118675,0.512309087661024,-0.0822666009027265
3.894,-0.884575719397826,0.79070405738912,0.0938716617039573,-0.478570253772654,0.474661288279359,0.00390896510474955
3.8945,-0.936612425689954,0.692568743981183,0.244043681404973,-0.515305911887074,0.425303724707067,0.0900021867728631
3.895,-0.965603059133153,0.577426180058804,0.388176878778973,-0.539358420195253,0.365489064356008,0.173869355423526
3.8955,-0.970795632490491,0.44800211073192,0.522793521478904,-0.550129665308841,0.296672360538416,0.253457304356368
3.896,-0.952103086286393,0.307601397752792,0.644501688276515,-0.547350359949125,0.220539421076889,0.326810938470037
3.8965,-0.909957863393538,0.159602980850523,0.750354882314848,-0.531101036048887,0.138996304499413,0.392104731169035
3.897,-0.845400508666168,0.00765765918808572,0.837742849284454,-0.501766743739805,0.0540095415913931,0.447757201799101
3.8975,-0.760045420570273,-0.144426258494922,0.904471678910864,-0.460081772302535,-0.0322936546223071,0.492375426615261
3.898,-0.655951703375454,-0.293016080879172,0.948967784143406,-0.407068292383504,-0.117802112213424,0.524870404334699
3.8985,-0.535724520645231,-0.434341748477199,0.970066269057048,-0.344026627638401,-0.200422581356659,0.544449208786641
3.899,-0.402301172141577,-0.564989176495528,0.967290348619177,-0.27252137563262,-0.278087378447628,0.55060875393077
3.8995,-0.258961795873495,-0.681746580434397,0.940708376337859,-0.194298552655441,-0.348924853321919,0.543223405890505
3.9,-0.109265874242939,-0.781665787581853,0.890931661901909,-0.111295432059064,-0.411159163666433,0.522454595703402
3.9005,0.0431419131763043,-0.862397924767638,0.819256011713715,-0.0255527364248166,-0.463267647968741,0.488820384436768
3.901,0.194472801655471,-0.921850114082039,0.727377312591188,0.0608245574196132,-0.503983035075523,0.443158477763362
3.9015,0.341017826391931,-0.958614809734643,0.617596983545523,0.145696471809206,-0.532268047974935,0.386571576334775
3.902,0.479175848051298,-0.971801709777514,0.492625861962227,0.226987617755245,-0.547465661579012,0.320478044050247
3.9025,0.605515937730048,-0.961005968576929,0.355490031110268,0.302686483809567,-0.549173425189185,0.246486941657952
3.903,0.716967146200502,-0.926605903220162,0.209638757303953,0.370930443495235,-0.537355064851672,0.166424621679774
3.9035,0.810749812515127,-0.869349774670747,0.0585999624538109,0.430046662709828,-0.51232039310681,0.0822737307573587
3.904,0.884570777687175,-0.790692357997685,-0.0938784193847429,0.478566264966628,-0.474650221873673,-0.00391604270441058
3.9045,0.936622864553567,-0.692597009259115,-0.244025854990648,0.515308085989949,-0.425310088860088,-0.0899979967227175
3.905,0.96559124427074,-0.577392836043772,-0.388198407931599,0.539358933949174,-0.365489922879577,-0.173869010653879
3.9055,0.970804225293018,-0.448027005339392,-0.522777219673953,0.550126703229342,-0.296664693443869,-0.253462009371416
3.906,0.952101128253953,-0.307595005623752,-0.644506122373118,0.547354536329104,-0.220550747273479,-0.326803788653425
3.9065,0.909952307230803,-0.15958840878994,-0.750363898212698,0.53109734777138,-0.138985912149692,-0.392111435241249
3.907,0.845411424023492,-0.00768709781320224,-0.837724326016656,0.501768471328925,-0.0540148204017579,-0.447753650577857
3.9075,0.760033602111562,0.144458489331424,-0.904492091288662,0.46008266979523,0.0322917307513947,-0.492374400237044
3.908,0.655959502875067,0.292994107689885,-0.948953610453726,0.407065157580554,0.1178104089765,-0.524875566294826
3.9085,0.535723971873589,0.434344733011376,-0.970068704819585,0.344030728505233,0.200411308945954,-0.544442037242768
3.909,0.40229434451478,0.56500616267244,-0.967300507169294,0.272517957742522,0.278097050200986,-0.550615007794031
3.9095,0.258973042311728,0.681716653514681,-0.94068969585637,0.194299914791183,0.348920677294591,-0.543220591998919
3.91,0.109254872031315,0.781696522817189,-0.890951394925628,0.111296670580924,0.411156202998035,-0.522452873556864
3.9105,-0.0431355362585334,0.862378736735873,-0.819243200599716,0.0255494078525995,0.463276486807792,-0.488825894703602
3.911,-0.194472149841507,0.921850107448689,-0.727377957771804,-0.0608205014735119,0.503971939263366,-0.443151437897305
3.9115,-0.341025125046626,0.958633897697469,-0.617608772853657,-0.145699600263549,0.532276903952436,-0.386577303857934
3.912,-0.47916483259517,0.971771361534649,-0.492606529175485,-0.226986679513527,0.547462595296869,-0.320475916009821
3.9125,-0.605526310801682,0.961035225467557,-0.35550891492927,-0.302684875891745,0.549169518134015,-0.246484642520605
3.913,-0.716961561329919,0.926589581287539,-0.209628020241909,-0.3709339158584,0.537364310168162,-0.1664303946331
3.9135,-0.810748316596999,0.869346655208848,-0.0585983389100392,-0.430042748371701,0.512309580180049,-0.0822668321687264
3.914,-0.884578791206902,0.790713476788987,0.093865314113164,-0.478569043885965,0.474658230457651,0.00391081303976827
3.9145,-0.936611610039024,0.692566608338631,0.244045001396595,-0.515307543680365,0.425308092961605,0.0899994503116158
3.915,-0.96560108815431,0.577420155280949,0.388180932577986,-0.539357043230902,0.365485147201789,0.173871895613394
3.9155,-0.970799834138675,0.448013739138849,0.522786094720156,-0.550130250193746,0.296674259783664,0.253455989996024
3.916,-0.952098348383137,0.307589024950094,0.644509323175961,-0.547350769028885,0.220540291710825,0.32681047691586
3.9165,-0.909960992819454,0.159611050071166,0.750349942520119,-0.531099815159321,0.138993027110882,0.392106787668001
3.917,-0.845400451288623,0.00765704309350874,0.837743408001486,-0.501768295411686,0.0540138905059778,0.447754404556397
3.9175,-0.760042438212409,-0.144433174891615,0.904475612949693,-0.460080494950104,-0.0322973070347716,0.492377801675295
3.918,-0.655956270736583,-0.293004512016705,0.948960782642065,-0.407068785780912,-0.117800634659868,0.524869420178552
3.9185,-0.535720390521697,-0.43435334014891,0.970073730605229,-0.344027130136599,-0.200421301221866,0.544448431150047
3.919,-0.40230327092773,-0.564982148380823,0.967285419290622,-0.272520068665881,-0.278090870942586,0.55061093945899
3.9195,-0.258962344003146,-0.681746253579333,0.940708597612447,-0.194300128896442,-0.348920585691852,0.543220714501439
3.92,-0.10926304222058,-0.781673355365996,0.890936397663693,-0.111294244316293,-0.411162475194311,0.52245671948851
3.9205,0.0431378616249679,-0.862386156528639,0.81924829502605,-0.0255530441939913,-0.463266614135125,0.488819658372326
3.921,0.194476623172083,-0.92186128817944,0.727384665171981,0.0608238732331582,-0.503981401509415,0.443157528383708
3.9215,0.34101569830815,-0.95860881162282,0.617593113517479,0.145697844782449,-0.532271666362337,0.386573821748934
3.922,0.479175321500766,-0.971800098625019,0.492624777360264,0.226986127204375,-0.547461528155848,0.320475401177952
3.9225,0.605519055815722,-0.961014450267015,0.355495394714684,0.302687497122756,-0.549176408452803,0.246488911608381
3.923,0.716962678296409,-0.926594105085855,0.209631427073738,0.370930294906227,-0.537354426198046,0.166424131615156
3.9235,0.810753688584629,-0.869360060618066,0.0586063723316297,0.430045901586543,-0.51231844243463,0.0822725412084648
3.924,0.884569197450736,-0.790687686968525,-0.0938815101774674,0.478567630522218,-0.474653958398451,-0.00391367173522216
3.9245,0.936621525464623,-0.692594295646248,-0.244027229514573,0.515306656621442,-0.425306090800978,-0.0900005654133197
3.925,0.965594806741796,-0.577401751540045,-0.388193054906381,0.539359854186791,-0.365492560740341,-0.17386729303073
3.9255,0.97080001287883,-0.448015496178642,-0.522784516420516,0.550126669729446,-0.296664472521185,-0.253462196794204
3.926,0.95210430736041,-0.30760450242743,-0.644499804675894,0.547353663820517,-0.22054848516016,-0.326805178258157
3.9265,0.909951306979283,-0.159584726410583,-0.750366580340538,0.531098767970339,-0.138989717754899,-0.392109049835001
3.927,0.845409950042681,-0.00768348442417584,-0.837726465424873,0.501767092166549,-0.0540110223176777,-0.44775606949956
3.9275,0.760036977703548,0.144449049435289,-0.904486026984512,0.460083440954959,0.0322894691515251,-0.492372909796903
3.928,0.65595548283293,0.293005517671977,-0.948961000393683,0.407065299283033,0.117810239884649,-0.524875538905455
3.9285,0.535727072534947,0.434336018647879,-0.970063091117443,0.344029749875262,0.200413818600683,-0.544443568267527
3.929,0.402293464828855,0.565008647905765,-0.967302112716694,0.272519362920079,0.278093228492368,-0.55061259126297
3.9295,0.258971255413652,0.681721339566598,-0.940692595010212,0.194298650449898,0.34892426266924,-0.543222913032283
3.93,0.109258621444701,0.781686661101742,-0.890945282623565,0.11129729572589,0.411154298095268,-0.522451593799063
3.9305,-0.0431396504677807,0.862389721043524,-0.819250070698123,0.0255496625516977,0.463275952941375,-0.488825615536283
3.931,-0.194469429277705,0.921842426346047,-0.727372997232961,-0.06082153046568,0.503974679705757,-0.443153149347527
3.9315,-0.341025348139536,0.958635246277937,-0.617609898341215,-0.145698208968768,0.532273081603598,-0.386574872803876
3.932,-0.479167102153944,0.97177681468458,-0.492609712766642,-0.22698787278193,0.547465944427786,-0.320478071872335
3.9325,-0.605522565311323,0.961025207353719,-0.355502642305789,-0.302684366034918,0.54916799236409,-0.246483626607507
3.933,-0.71696525943722,0.926600121889364,-0.209634862736436,-0.370933533797211,0.537363413467095,-0.166429879993221
3.9335,-0.810746082476423,0.869339835987083,-0.0585937538088491,-0.430043862835623,0.512312513509818,-0.0822686510345728
3.934,-0.884578736431046,0.790713830689731,0.0938649054365638,-0.47856765902416,0.474654463215074,0.00391319542054156
3.9345,-0.936613927410257,0.692572841052779,0.24404108605368,-0.51530863065258,0.425311168801672,0.0899974614437635
3.935,-0.965597389335686,0.577409900199231,0.388187488841082,-0.539356690679298,0.365483994556166,0.173872695707413
3.9355,-0.970803458896365,0.448023819473026,0.522779639143667,-0.550129738687084,0.296673041745301,0.253456696527726
3.936,-0.952096286021159,0.307583212434515,0.644513073329562,-0.54735192501573,0.220543371015547,0.326808553597983
3.9365,-0.909960605848795,0.159610286028725,0.750350319591901,-0.531098485633537,0.13898934161302,0.392109143640078
3.937,-0.845403144412408,0.0076639939445147,0.837739150274265,-0.501769266937916,0.0540166908593067,0.447752575729298
3.9375,-0.760038579666211,-0.144443434086024,0.904482013597908,-0.460080265798312,-0.0322980977098781,0.49237836319861
3.938,-0.6559596669587,-0.292995105943134,0.948954772790609,-0.407068184398635,-0.117802158263425,0.524870342399831
3.9385,-0.535718842967173,-0.434358130653205,0.970076973555,-0.344028318414082,-0.200418097395584,0.544446415601248
3.939,-0.402302401002273,-0.564983850801132,0.967286251785473,-0.272518774574123,-0.278094446006483,0.550613220431128
3.9395,-0.258965207077977,-0.681738790293408,0.940703997401352,-0.194301003047792,-0.348918086942053,0.54321908990299
3.94,-0.109259366004756,-0.781683543479476,0.890942909561353,-0.111294144699827,-0.411162898890374,0.522457043568106
3.9405,0.0431348197418916,-0.862377365601415,0.8192425459819,-0.025552333526981,-0.463268416770317,0.488820750340508
3.941,0.194477852882032,-0.921865134670929,0.727387281953521,0.0608226491115053,-0.503978120140005,0.443155471135951
3.9415,0.341016763592778,-0.958611440985122,0.617594677595154,0.145699079377239,-0.532275090832759,0.386576011624566
3.942,0.479172367480894,-0.9717921020623,0.492619734817416,0.226985381343844,-0.547459341343707,0.320473960226341
3.9425,0.605522725808039,-0.961024528566791,0.355501803022145,0.302687461017671,-0.549176486859542,0.246489026120207
3.943,0.716959789092477,-0.926586047011171,0.209626258202985,0.370931087793186,-0.537356471056452,0.166425383586603
3.9435,0.810754596618854,-0.869362861798951,0.05860826547829,0.430044678287608,-0.512315115316525,0.0822704373892944
3.944,0.884570646292215,-0.790691213726246,-0.0938794322612242,0.478568790727178,-0.474657215336795,-0.00391157500183886
3.9445,0.936618340375912,-0.692585932283497,-0.244032407788614,0.515306023814787,-0.425304218639428,-0.0900018047682149
3.945,0.965598390156476,-0.577411537402565,-0.388186852458539,0.539359708079775,-0.365492302799,-0.173867404865055
3.9455,0.970797497891208,-0.448008233046857,-0.522789264564681,0.550127532829141,-0.296666738900645,-0.253460793514439
3.946,0.952104768835894,-0.307606345695625,-0.644498422883182,0.547352435503096,-0.22054514288879,-0.326807292212106
3.9465,0.909953033745134,-0.159589004710382,-0.750364028806588,0.531099861627977,-0.138992777011125,-0.392107084236413
3.947,0.845406760189189,-0.00767484786342458,-0.837731912132133,0.50176657664356,-0.054009477991969,-0.44775709830228
3.9475,0.760040354656737,0.144439566895862,-0.904479921398272,0.460083173471402,0.03229004879178,-0.492373221953601
3.948,0.655953253427938,0.293012007502416,-0.948965260819132,0.407066233608574,0.117807789135306,-0.524874022481652
3.9485,0.535727268024201,0.434335127951465,-0.970062395910283,0.34402853432371,0.200417136173892,-0.544445670289184
3.949,0.402295389503341,0.565003621269939,-0.967299010755353,0.272520365834726,0.278090388642387,-0.550610754327636
3.9495,0.258967980714577,0.681730198434895,-0.940698179179436,0.194298261084587,0.348925483908623,-0.543223744906355
3.95,0.109261911504648,0.781677588239979,-0.890939499821748,0.111296922264927,0.411155174995616,-0.522452097238448
3.9505,-0.0431416039214656,0.862395342238754,-0.819253738439669,0.0255506412633519,0.463273348188228,-0.48882398949479
3.951,-0.194469608320336,0.921842487512391,-0.727372879356674,-0.0608227165376525,0.503977947452914,-0.443155231022713
3.9515,-0.341023133316308,0.958629585393602,-0.617606452280108,-0.145697293592318,0.532270475420633,-0.386573181997361
3.952,-0.479170418673653,0.971785743154142,-0.492615324716496,-0.226988150400727,0.547466842080971,-0.320478691906722
3.9525,-0.605519508385746,0.961016632512284,-0.355497124389929,-0.302684834913913,0.549169151381074,-0.246484316745495
3.953,-0.716966835481086,0.926604894834363,-0.209638059637571,-0.370932512104086,0.537360683382407,-0.166428171601658
3.9535,-0.810746589221151,0.869340759444847,-0.058594170521885,-0.43004502004298,0.512315699049837,-0.0822706793672343
3.954,-0.884576378103045,0.790707622857134,0.0938687549411607,-0.478566836363857,0.474652111435827,0.00391472453948545
3.9545,-0.936617182420325,0.692581790696013,0.244035391420512,-0.515308788340124,0.425311745720988,0.0899970422119919
3.955,-0.965594539391046,0.577401844976512,0.388192694119163,-0.539357255232277,0.36548540955242,0.173871845264139
3.9555,-0.970804762334726,0.448027729763921,0.522777032291131,-0.550128687644823,0.296670222472464,0.253458464758302
3.956,-0.952097055485076,0.307584994568715,0.644512060659279,-0.54735303348249,0.220546446019999,0.326806587060291
3.9565,-0.909958075116384,0.159603581901465,0.75035449298675,-0.531097766463121,0.138987253051772,0.392110513030911
3.957,-0.845406401851434,0.00767286636257559,0.837733535295228,-0.501769311639351,0.0540169584767619,0.447752352813279
3.9575,-0.760035929946959,-0.14445087378773,0.904486803580364,-0.460080907381225,-0.0322964510339387,0.492377358105583
3.958,-0.655960631733431,-0.292992084215252,0.948952715837457,-0.407067120036018,-0.117805039211163,0.524872158984953
3.9585,-0.535719936453891,-0.434355559046329,0.970075495434841,-0.344029374046584,-0.200415155173628,0.544444529011793
3.959,-0.40229972167211,-0.564990929473587,0.967290651127766,-0.272518153289049,-0.278096261270586,0.550614414410158
3.9595,-0.258968367596997,-0.68173009370092,0.940698461327881,-0.194300941787949,-0.348918121841206,0.543219063542299
3.96,-0.109256999324176,-0.781690341276804,0.890947340678103,-0.111294859266261,-0.411161043829839,0.522455903074006
3.9605,0.0431341818706602,-0.862375192847172,0.819241011098888,-0.0255512595175913,-0.463271327644184,0.488822587204986
3.961,0.194476526585662,-0.921861839799482,0.727385313378443,0.0608216531994887,-0.503975336934368,0.443153683842331
3.9615,0.341019508366877,-0.958618832683381,0.617599324519315,0.145699595074256,-0.532276624935991,0.386577030030781
3.962,0.479169311511607,-0.971783630921031,0.492614319645432,0.226985549588976,-0.547459664263755,0.320474114901258
3.9625,0.605524862187036,-0.961030647486754,0.355505785563111,0.302686683619961,-0.549174452901388,0.246487769559762
3.963,0.716959433657823,-0.926584732759742,0.209625299386209,0.370932154850857,-0.537359381450915,0.166427226923396
3.9635,0.810753032086111,-0.869358883078451,0.0586058512905331,0.430043754057501,-0.512312509661534,0.0822687559644106
3.964,0.884573485824221,-0.790698831039957,-0.0938746544795168,0.478569201511212,-0.474658467520466,-0.00391073360220109
3.9645,0.936615390049825,-0.692577782797938,-0.244037606948088,0.515306287403904,-0.425304814152173,-0.0900014728445866
3.965,0.965600251028666,-0.577416928719697,-0.388183322013594,0.539358881559103,-0.365490115076671,-0.173868766066712
3.9655,0.970797468464005,-0.448007747668863,-0.522789720515473,0.550128585027253,-0.296669622671853,-0.253458961941343
3.966,0.952102978432467,-0.307601772219636,-0.644501205955744,0.547351583771178,-0.22054273280546,-0.326808850563518
3.9665,0.909955899030024,-0.159596751767364,-0.750359147034494,0.531100170289035,-0.138993744785309,-0.392106425123287
3.967,0.845403983795729,-0.00766707587940039,-0.837736907722699,0.501766931828388,-0.0540103306758544,-0.447756600803223
3.9675,0.760041930663624,0.14443490505869,-0.904476835567986,0.460082303242245,0.0322923622178914,-0.492374665150555
3.968,0.655953497974832,0.29301170178406,-0.948965199647671,0.407067262759369,0.11780496079502,-0.52487222329216
3.9685,0.535725314307947,0.434340239157109,-0.970065553399672,0.344027763478064,0.200419334185458,-0.544447097455104
3.969,0.402298257207839,0.564995807088353,-0.967294064278264,0.272520569611867,0.27808970212712,-0.55061027158951
3.9695,0.258965359756111,0.681737537342246,-0.940702897128323,0.194298701133478,0.348924394763468,-0.54322309581009
3.97,0.109263226785612,0.781673684036541,-0.890936910899273,0.111296021875762,0.411157585659143,-0.52245360751281
3.9705,-0.0431410871038276,0.862394265958581,-0.819253178977134,0.0255516350369428,0.463270599448508,-0.488822234528661
3.971,-0.194471735762728,0.921848065366501,-0.727376329768393,-0.0608234026173607,0.503979922452536,-0.443156519942626
3.9715,-0.341020271336357,0.958621796192426,-0.617601525058881,-0.145697189035974,0.532270064713688,-0.38657287584676
3.972,-0.479172848420113,0.97179258341274,-0.492619735228636,-0.226987635865624,0.547465535730798,-0.320477900091653
3.9725,-0.605518488673558,0.961013490373522,-0.355495001963355,-0.302685756335224,0.549171633252014,-0.246485877195125
3.973,-0.716966050154642,0.926603103613572,-0.209637053743225,-0.370931558723528,0.537358037451969,-0.166426479051778
3.9735,-0.810748842587664,0.869346721072896,-0.0585978787834216,-0.430045620123025,0.512317439960297,-0.0822718201976504
3.974,-0.884573578207005,0.7906999288524,0.0938736490498572,-0.478566829246699,0.474651970240694,0.00391485861746079
3.9745,-0.936619399226416,0.692588099124051,0.244031299798564,-0.515308204480881,0.425310243928111,0.0899979601456258
3.975,-0.965593791174294,0.577399457110766,0.388194333768158,-0.539358189150903,0.365487934462656,0.173870254272528
3.9755,-0.970803751549538,0.448025264634945,0.52277848663492,-0.550127783861145,0.296667701650662,0.253460081796425
3.976,-0.952099407146514,0.307591277636777,0.644508129252654,-0.547353542715424,0.220547945952702,0.326805596360522
3.9765,-0.909955339651349,0.159596049565566,0.750359289857616,-0.531097853518784,0.138987370486534,0.392110482651811
3.977,-0.845408412633389,0.00767859677150549,0.837729815668251,-0.501768668806519,0.0540152845494948,0.447753383907714
3.9775,-0.76003545320688,-0.144452505483376,0.904487958535931,-0.460081842009804,-0.0322939088915121,0.492375750591736
3.978,-0.655959392909923,-0.292995173438294,0.948954566236992,-0.407066272761433,-0.11780741665974,0.524873689158946
3.9785,-0.535722374461231,-0.434349036379962,0.970071410775813,-0.344029793148914,-0.200413900362929,0.544443693303424
3.979,-0.402297081984965,-0.564998225397335,0.967295307364372,-0.272518327963333,-0.27809589647697,0.550614224290827
3.9795,-0.258970141011213,-0.681724973058858,0.940695114100035,-0.194300248441039,-0.348919945435372,0.543220193789556
3.98,-0.109256797932846,-0.781691240020691,0.89094803803066,-0.111295787388741,-0.41115850959466,0.522454296961307
3.9805,0.0431356172431952,-0.862378843638996,0.819243226518177,-0.0255504732218706,-0.463273543957217,0.488824017222299
3.981,0.194474047858852,-0.921855149254162,0.727381101559932,0.0608213251085757,-0.503974330033534,0.443153005032409
3.9815,0.341022024222026,-0.958625838757137,0.617603814737924,0.14569933631651,-0.532276026500395,0.386576690352932
3.982,0.479167771148829,-0.971779139371835,0.492611368459013,0.226986285655665,-0.54746161298099,0.320475327551804
3.9825,0.605524813697843,-0.961030832227707,0.355506018793259,0.302685771528587,-0.549171951450065,0.246486180199813
3.983,0.716961040698695,-0.926588893526015,0.20962785311161,0.37093287343089,-0.537361421883656,0.166428548776103
3.9835,0.81075052581714,-0.869352092936209,0.0586015674172599,0.430043517055368,-0.512311749522878,0.0822682328278874
3.984,0.884575871975162,-0.790705487763876,-0.093870383906537,0.478568865618793,-0.474657651400516,-0.00391121382973183
3.9845,0.936614088259321,-0.69257394423566,-0.244040143719862,0.515307055841659,-0.425306864108235,-0.0900001913262795
3.985,0.965599950753104,-0.577416425064697,-0.388183525393033,0.539357994022702,-0.365487668695956,-0.173870324911027
3.9855,0.970799235180913,-0.448012352843994,-0.522786882057249,0.550129232778633,-0.296671475060463,-0.253457757304112
3.986,0.952100472774071,-0.307594957994069,-0.644505514522918,0.547351435163973,-0.220542216868914,-0.326809217892859
3.9865,0.909958125383612,-0.15960300812013,-0.750355117035314,0.531099763776383,-0.13899272734136,-0.392107036054582
3.987,0.845402931371498,-0.0076638961267743,-0.837739035051094,0.50176772493131,-0.0540124580200758,-0.447755266561923
3.9875,0.760041396544383,0.144436059118595,-0.90447745550865,0.460081446860629,0.0322947317416039,-0.492376178292652
3.988,0.655955389154935,0.293006715125181,-0.948962104168894,0.40706783616628,0.117803307132556,-0.524871143036607
3.9885,0.535722839070945,0.434347014801936,-0.9700698538075,0.344027702117113,0.200419610910658,-0.544447312819352
3.989,0.402300314751366,0.564989991548975,-0.967290306282411,0.272520098581844,0.278090902324932,-0.550611000757299
3.9895,0.258964546295993,0.681740053722666,-0.940704600048626,0.194299509844226,0.348922214289706,-0.543221724047077
3.99,0.109262476933283,0.781675454664846,-0.890937931675248,0.111295204673852,0.411159858506546,-0.522455063158304
3.9905,-0.043139088131558,0.86238895922746,-0.819249871218281,0.0255521310710809,0.463269151947933,-0.488821283062224
3.991,-0.194474166720935,0.921854736666178,-0.727380570109865,-0.0608233802232792,0.503979967524037,-0.443156587408209
3.9915,-0.341018394320353,0.958616463603222,-0.61759806948568,-0.145697716428557,0.532271428521395,-0.386573712261884
3.992,-0.479173417683056,0.971794437593211,-0.492621020146165,-0.226986820378695,0.547463325104878,-0.320476504952661
3.9925,-0.605519445433028,0.961015832773811,-0.355496387604174,-0.302686528615094,0.549173791639823,-0.246487263303064
3.993,-0.716963967670894,0.926597545088177,-0.209633577701576,-0.370931140869397,0.537356801743558,-0.166425661197498
3.9935,-0.810751200259527,0.869353226549905,-0.0586020265885695,-0.430045517819851,0.512317262179483,-0.0822717447200092
3.994,-0.884571898280483,0.790695108557692,0.0938767894180449,-0.47856740616344,0.474653477843032,0.00391392793186366
3.9945,-0.936619730662129,0.692589303594744,0.244030426763584,-0.515307389733385,0.425308026008153,0.0899993633180877
3.995,-0.965594930021206,0.577402324499808,0.388192605226027,-0.539358910886245,0.365489961875964,0.173868948594561
3.9955,-0.970801613527584,0.44801951612804,0.522782097119871,-0.55012744562691,0.296666681069244,0.25346076414361
3.996,-0.952101674510292,0.307597563590956,0.644504110662251,-0.547353364260195,0.220547556465138,0.326805807392857
3.9965,-0.909953858503809,0.15959176729871,0.750362090976933,-0.531098472197805,0.138989001032028,0.392109470785338
3.997,-0.845408515773597,0.00767916421404706,0.837729351365917,-0.501767863277333,0.0540130812033359,0.447754781724687
3.9975,-0.760036759092067,-0.144449160649517,0.904485919587259,-0.460082507880122,-0.0322920264837647,0.492374534054307
3.998,-0.655957216642438,-0.293001047658298,0.948958264189514,-0.407066013918943,-0.117808221351231,0.524874235007946
3.9985,-0.535724534888486,-0.434343024255455,0.97006755907856,-0.344029543992516,-0.20041448901672,0.544444032800817
3.999,-0.40229580972715,-0.565001948895636,0.967297758604858,-0.272518980387267,-0.278094163675666,0.550613143913456
3.9995,-0.258970019377713,-0.681725020783533,0.940695040191209,-0.1942994592782,-0.348922113625578,0.543221572816924
4,-0.109258251792223,-0.781687472179919,0.890945724049265,-0.111296393759999,-0.411156784492242,0.522453178230147
